INSERT INTO TBL_SERVICE_TYPE(id,name) VALUES (1,'Kiểm tra');
INSERT INTO TBL_SERVICE_TYPE(id,name) VALUES (2,'Vệ sinh');
INSERT INTO TBL_SERVICE_TYPE(id,name) VALUES (3,'Thay thế và lắp ráp');

INSERT INTO TBL_PART_SECTION(id,name) VALUES (1,'Thân xe');
INSERT INTO TBL_PART_SECTION(id,name) VALUES (2,'Động cơ');
INSERT INTO TBL_PART_SECTION(id,name) VALUES (3,'Hệ thống lò xo');
INSERT INTO TBL_PART_SECTION(id,name) VALUES (4,'Giảm sóc');
INSERT INTO TBL_PART_SECTION(id,name) VALUES (5,'Truyền động');
INSERT INTO TBL_PART_SECTION(id,name) VALUES (6,'Hệ thống rửa kính');
INSERT INTO TBL_PART_SECTION(id,name) VALUES (7,'Hệ thống đánh lửa');
INSERT INTO TBL_PART_SECTION(id,name) VALUES (8,'Hệ Thống làm lạnh');
INSERT INTO TBL_PART_SECTION(id,name) VALUES (9,'Hệ thống ống xả');
INSERT INTO TBL_PART_SECTION(id,name) VALUES (10,'Thiết bị lái');
INSERT INTO TBL_PART_SECTION(id,name) VALUES (11,'Bánh xe');
INSERT INTO TBL_PART_SECTION(id,name) VALUES (12,'Nội thất');
INSERT INTO TBL_PART_SECTION(id,name) VALUES (13,'Thiết bị khác');
INSERT INTO TBL_PART_SECTION(id,name) VALUES (14,'Hệ thống phanh');
INSERT INTO TBL_PART_SECTION(id,name) VALUES (15,'Bộ lọc');
INSERT INTO TBL_PART_SECTION(id,name) VALUES (16,'Bánh xe');
INSERT INTO TBL_PART_SECTION(id,name) VALUES (17,'Dầu xe hơi và nước làm mát');
INSERT INTO TBL_PART_SECTION(id,name) VALUES (18,'Cửa, kính chắn gió, cần gạt nước');
INSERT INTO TBL_PART_SECTION(id,name) VALUES (19,'Ắc quy, hệ thống phanh');
INSERT INTO TBL_PART_SECTION(id,name) VALUES (20,'Hệ thống đèn');
INSERT INTO TBL_PART_SECTION(id,name) VALUES (21,'Nội thất');
INSERT INTO TBL_PART_SECTION(id,name) VALUES (22,'Ngoại thất');

INSERT INTO TBL_PART_CATEGORY(id,name) VALUES (1,'Đuôi xe');
INSERT INTO TBL_PART_CATEGORY(id,name) VALUES (2,'Kính chiếu hậu');
INSERT INTO TBL_PART_CATEGORY(id,name) VALUES (3,'Đèn hậu');
INSERT INTO TBL_PART_CATEGORY(id,name) VALUES (4,'Đèn đầu');
INSERT INTO TBL_PART_CATEGORY(id,name) VALUES (5,'Xi nhan');
INSERT INTO TBL_PART_CATEGORY(id,name) VALUES (6,'Đèn biển số');
INSERT INTO TBL_PART_CATEGORY(id,name) VALUES (7,'Đèn sương mù');
INSERT INTO TBL_PART_CATEGORY(id,name) VALUES (8,'Gương kính chiếu hậu');
INSERT INTO TBL_PART_CATEGORY(id,name) VALUES (9,'Tay nắm cửa');
INSERT INTO TBL_PART_CATEGORY(id,name) VALUES (10,'Lưới tản nhiệt');
INSERT INTO TBL_PART_CATEGORY(id,name) VALUES (11,'Thanh cản va');
INSERT INTO TBL_PART_CATEGORY(id,name) VALUES (12,'Vỏ gương cánh');
INSERT INTO TBL_PART_CATEGORY(id,name) VALUES (13,'Mui xe');
INSERT INTO TBL_PART_CATEGORY(id,name) VALUES (14,'Đèn phanh thứ 3');
INSERT INTO TBL_PART_CATEGORY(id,name) VALUES (15,'Cửa xe');
INSERT INTO TBL_PART_CATEGORY(id,name) VALUES (16,'Thanh kéo');
INSERT INTO TBL_PART_CATEGORY(id,name) VALUES (17,'Khuôn đúc');
INSERT INTO TBL_PART_CATEGORY(id,name) VALUES (18,'Bảng hỗ trợ tản nhiệt');
INSERT INTO TBL_PART_CATEGORY(id,name) VALUES (19,'Panô cân bằng');
INSERT INTO TBL_PART_CATEGORY(id,name) VALUES (20,'Hệ thống khóa trung tâm');
INSERT INTO TBL_PART_CATEGORY(id,name) VALUES (21,'Khóa cửa');
INSERT INTO TBL_PART_CATEGORY(id,name) VALUES (22,'Đèn ban ngày');
INSERT INTO TBL_PART_CATEGORY(id,name) VALUES (23,'Tấm chắn động cơ');
INSERT INTO TBL_PART_CATEGORY(id,name) VALUES (24,'Đèn thắng');
INSERT INTO TBL_PART_CATEGORY(id,name) VALUES (25,'Kính chắn gió');
INSERT INTO TBL_PART_CATEGORY(id,name) VALUES (26,'Khung cabin');
INSERT INTO TBL_PART_CATEGORY(id,name) VALUES (27,'Dầu động cơ');
INSERT INTO TBL_PART_CATEGORY(id,name) VALUES (28,'Khung giá động cơ');
INSERT INTO TBL_PART_CATEGORY(id,name) VALUES (29,'Nút xả dầu');
INSERT INTO TBL_PART_CATEGORY(id,name) VALUES (30,'Bu lông đầu xi lanh');
INSERT INTO TBL_PART_CATEGORY(id,name) VALUES (31,'Nắp thông hơi cạt-te');
INSERT INTO TBL_PART_CATEGORY(id,name) VALUES (32,'Bể chứa dầu');
INSERT INTO TBL_PART_CATEGORY(id,name) VALUES (33,'Nắp lọc dầu');
INSERT INTO TBL_PART_CATEGORY(id,name) VALUES (34,'Ổ trục con');
INSERT INTO TBL_PART_CATEGORY(id,name) VALUES (35,'Con đội xú páp');
INSERT INTO TBL_PART_CATEGORY(id,name) VALUES (36,'Xéc măng pít tông');
INSERT INTO TBL_PART_CATEGORY(id,name) VALUES (37,'Cảm biến mực dầu');
INSERT INTO TBL_PART_CATEGORY(id,name) VALUES (38,'Xú páp thải');
INSERT INTO TBL_PART_CATEGORY(id,name) VALUES (39,'Ổ đỡ trục khuỷu');
INSERT INTO TBL_PART_CATEGORY(id,name) VALUES (40,'Trục cò mổ');
INSERT INTO TBL_PART_CATEGORY(id,name) VALUES (41,'Trục phân phối');
INSERT INTO TBL_PART_CATEGORY(id,name) VALUES (42,'Pittông');
INSERT INTO TBL_PART_CATEGORY(id,name) VALUES (43,'Ống dẫn khí nạp');
INSERT INTO TBL_PART_CATEGORY(id,name) VALUES (44,'Băng dẫn động');
INSERT INTO TBL_PART_CATEGORY(id,name) VALUES (45,'Nắp xilanh');
INSERT INTO TBL_PART_CATEGORY(id,name) VALUES (46,'Máy bơm không khí thứ cấp');
INSERT INTO TBL_PART_CATEGORY(id,name) VALUES (47,'Trục khuỷu');
INSERT INTO TBL_PART_CATEGORY(id,name) VALUES (48,'Ổ lăn bánh xe');
INSERT INTO TBL_PART_CATEGORY(id,name) VALUES (49,'Cần điều kiển');
INSERT INTO TBL_PART_CATEGORY(id,name) VALUES (50,'Ổ trục bánh xe');
INSERT INTO TBL_PART_CATEGORY(id,name) VALUES (51,'Bu lông bánh xe');
INSERT INTO TBL_PART_CATEGORY(id,name) VALUES (52,'Ống lót ổ trục');
INSERT INTO TBL_PART_CATEGORY(id,name) VALUES (53,'Đệm bánh xe');
INSERT INTO TBL_PART_CATEGORY(id,name) VALUES (54,'Trục khớp nối dẫn hướng');
INSERT INTO TBL_PART_CATEGORY(id,name) VALUES (55,'Thanh chống cuộn');
INSERT INTO TBL_PART_CATEGORY(id,name) VALUES (56,'Nhíp chống sốc');
INSERT INTO TBL_PART_CATEGORY(id,name) VALUES (57,'Lò xo xoắn ốc');
INSERT INTO TBL_PART_CATEGORY(id,name) VALUES (58,'Chụp lò xo');
INSERT INTO TBL_PART_CATEGORY(id,name) VALUES (59,'Lá nhíp');
INSERT INTO TBL_PART_CATEGORY(id,name) VALUES (60,'Hệ thống treo khí');
INSERT INTO TBL_PART_CATEGORY(id,name) VALUES (61,'Vành đai cao su V ribbed');
INSERT INTO TBL_PART_CATEGORY(id,name) VALUES (62,'Máy bơm nước');
INSERT INTO TBL_PART_CATEGORY(id,name) VALUES (63,'Vành đai cao su');
INSERT INTO TBL_PART_CATEGORY(id,name) VALUES (64,'Vành đai thời gian');
INSERT INTO TBL_PART_CATEGORY(id,name) VALUES (65,'Vành đai dâu poli');
INSERT INTO TBL_PART_CATEGORY(id,name) VALUES (66,'Ròng rọc');
INSERT INTO TBL_PART_CATEGORY(id,name) VALUES (67,'Đai cam');
INSERT INTO TBL_PART_CATEGORY(id,name) VALUES (68,'Dây xích truyền động trục cam');
INSERT INTO TBL_PART_CATEGORY(id,name) VALUES (69,'Bánh dẫn hướng');
INSERT INTO TBL_PART_CATEGORY(id,name) VALUES (70,'Khăn lau kính');
INSERT INTO TBL_PART_CATEGORY(id,name) VALUES (71,'Cần gạt nước');
INSERT INTO TBL_PART_CATEGORY(id,name) VALUES (72,'Động cơ lau');
INSERT INTO TBL_PART_CATEGORY(id,name) VALUES (73,'Phần nối gạt nước');
INSERT INTO TBL_PART_CATEGORY(id,name) VALUES (74,'Bộ phun nước');
INSERT INTO TBL_PART_CATEGORY(id,name) VALUES (75,'Bể chứa nước');
INSERT INTO TBL_PART_CATEGORY(id,name) VALUES (76,'Bugi');
INSERT INTO TBL_PART_CATEGORY(id,name) VALUES (77,'Cuộn đánh lửa');
INSERT INTO TBL_PART_CATEGORY(id,name) VALUES (78,'bugi xông khi khởi động');
INSERT INTO TBL_PART_CATEGORY(id,name) VALUES (79,'Dây cao áp');
INSERT INTO TBL_PART_CATEGORY(id,name) VALUES (80,'Nắp phân điện');
INSERT INTO TBL_PART_CATEGORY(id,name) VALUES (81,'Rờ le bu gi sấy nóng');
INSERT INTO TBL_PART_CATEGORY(id,name) VALUES (82,'Bộ phân phối đánh lửa');
INSERT INTO TBL_PART_CATEGORY(id,name) VALUES (83,'Bộ điều nhiệt động cơ');
INSERT INTO TBL_PART_CATEGORY(id,name) VALUES (84,'Bơm nước');
INSERT INTO TBL_PART_CATEGORY(id,name) VALUES (85,'Bộ hạ nhiệt máy');
INSERT INTO TBL_PART_CATEGORY(id,name) VALUES (86,'Cảm biến nước làm mát');
INSERT INTO TBL_PART_CATEGORY(id,name) VALUES (87,'Thùng giãn nở chất làm mát');
INSERT INTO TBL_PART_CATEGORY(id,name) VALUES (88,'Nắp thùng giãn nở');
INSERT INTO TBL_PART_CATEGORY(id,name) VALUES (89,'Thiết bị làm mát sử dụng động cơ đốt trong');
INSERT INTO TBL_PART_CATEGORY(id,name) VALUES (90,'Mô tơ quạt két nước');
INSERT INTO TBL_PART_CATEGORY(id,name) VALUES (91,'Bộ làm mát dầu');
INSERT INTO TBL_PART_CATEGORY(id,name) VALUES (92,'Quạt ly hợp');
INSERT INTO TBL_PART_CATEGORY(id,name) VALUES (93,'Bộ giảm thanh phía sau');
INSERT INTO TBL_PART_CATEGORY(id,name) VALUES (94,'Van EGR');
INSERT INTO TBL_PART_CATEGORY(id,name) VALUES (95,'Miếng đệm khí thải');
INSERT INTO TBL_PART_CATEGORY(id,name) VALUES (96,'Móc xả');
INSERT INTO TBL_PART_CATEGORY(id,name) VALUES (97,'Kẹp xả');
INSERT INTO TBL_PART_CATEGORY(id,name) VALUES (98,'Ống xả');
INSERT INTO TBL_PART_CATEGORY(id,name) VALUES (99,'Tấm chắn nhiệt');
INSERT INTO TBL_PART_CATEGORY(id,name) VALUES (100,'Ống bô');
INSERT INTO TBL_PART_CATEGORY(id,name) VALUES (101,'Đầu rô tuyn');
INSERT INTO TBL_PART_CATEGORY(id,name) VALUES (102,'Ro-tuyn');
INSERT INTO TBL_PART_CATEGORY(id,name) VALUES (103,'Bơm trợ lực lái');
INSERT INTO TBL_PART_CATEGORY(id,name) VALUES (104,'Dầu tuabin');
INSERT INTO TBL_PART_CATEGORY(id,name) VALUES (105,'Thước lái');
INSERT INTO TBL_PART_CATEGORY(id,name) VALUES (106,'Thanh cân bằng');
INSERT INTO TBL_PART_CATEGORY(id,name) VALUES (107,'Bót lái');
INSERT INTO TBL_PART_CATEGORY(id,name) VALUES (108,'Vô lăng');
INSERT INTO TBL_PART_CATEGORY(id,name) VALUES (109,'Chân ga');
INSERT INTO TBL_PART_CATEGORY(id,name) VALUES (110,'Bàn đạp phanh');
INSERT INTO TBL_PART_CATEGORY(id,name) VALUES (111,'Cần số');
INSERT INTO TBL_PART_CATEGORY(id,name) VALUES (112,'Lazang');
INSERT INTO TBL_PART_CATEGORY(id,name) VALUES (113,'Lốp xe');
INSERT INTO TBL_PART_CATEGORY(id,name) VALUES (114,'Cảm biến lốp');
INSERT INTO TBL_PART_CATEGORY(id,name) VALUES (115,'Màn hình');
INSERT INTO TBL_PART_CATEGORY(id,name) VALUES (116,'Đồng hồ đo');
INSERT INTO TBL_PART_CATEGORY(id,name) VALUES (117,'Còi');
INSERT INTO TBL_PART_CATEGORY(id,name) VALUES (118,'Kính chiếu hậu');
INSERT INTO TBL_PART_CATEGORY(id,name) VALUES (119,'Camera hành trình');
INSERT INTO TBL_PART_CATEGORY(id,name) VALUES (120,'Camera 360');
INSERT INTO TBL_PART_CATEGORY(id,name) VALUES (121,'Thiết bị GPS');
INSERT INTO TBL_PART_CATEGORY(id,name) VALUES (122,'Má thắng');
INSERT INTO TBL_PART_CATEGORY(id,name) VALUES (123,'Bộ kẹp phanh');
INSERT INTO TBL_PART_CATEGORY(id,name) VALUES (124,'Dĩa thắng');
INSERT INTO TBL_PART_CATEGORY(id,name) VALUES (125,'Dầu thắng');
INSERT INTO TBL_PART_CATEGORY(id,name) VALUES (126,'Cảm biến ABS');
INSERT INTO TBL_PART_CATEGORY(id,name) VALUES (127,'Ống phanh');
INSERT INTO TBL_PART_CATEGORY(id,name) VALUES (128,'Cảm biến mòn má phanh');
INSERT INTO TBL_PART_CATEGORY(id,name) VALUES (129,'Cáp phanh tay');
INSERT INTO TBL_PART_CATEGORY(id,name) VALUES (130,'Bu lông kẹp phanh');
INSERT INTO TBL_PART_CATEGORY(id,name) VALUES (131,'Xi lanh bánh xe');
INSERT INTO TBL_PART_CATEGORY(id,name) VALUES (132,'Đĩa phanh sau');
INSERT INTO TBL_PART_CATEGORY(id,name) VALUES (133,'Phanh tang trống');
INSERT INTO TBL_PART_CATEGORY(id,name) VALUES (134,'Phanh servo');
INSERT INTO TBL_PART_CATEGORY(id,name) VALUES (135,'Thùng chất lỏng');
INSERT INTO TBL_PART_CATEGORY(id,name) VALUES (136,'Bơm abs');
INSERT INTO TBL_PART_CATEGORY(id,name) VALUES (137,'Bộ điều chỉnh lực phanh');
INSERT INTO TBL_PART_CATEGORY(id,name) VALUES (138,'Bộ lọc gió');
INSERT INTO TBL_PART_CATEGORY(id,name) VALUES (139,'Bộ lọc nhiên liệu');

INSERT INTO TBL_MANUFACTURER(id,name,active,image_url) VALUES (1,'HONDA',1,'img');
INSERT INTO TBL_MANUFACTURER(id,name,active,image_url) VALUES (2,'HUYNDAI',1,'img');
INSERT INTO TBL_MANUFACTURER(id,name,active,image_url) VALUES (3,'FORD',1,'img');




INSERT INTO TBL_VEHICLE_MODEL(id,Name,manufacturer_ID,YEAR,GEAR_BOX,FUEL_TYPE) VALUES (1,'CRV',1,2019,'1.6 i-DTEC','Dầu');
INSERT INTO TBL_VEHICLE_MODEL(id,Name,manufacturer_ID,YEAR,GEAR_BOX,FUEL_TYPE) VALUES (2,'CRV',1,2019,'1.6 i-DTEC AWD','Dầu');
INSERT INTO TBL_VEHICLE_MODEL(id,Name,manufacturer_ID,YEAR,GEAR_BOX,FUEL_TYPE) VALUES (3,'CRV',1,2017,'1.6 i-DTEC','Dầu');
INSERT INTO TBL_VEHICLE_MODEL(id,Name,manufacturer_ID,YEAR,GEAR_BOX,FUEL_TYPE) VALUES (4,'CRV',1,2017,'1.6 i-DTEC AWD','Dầu');
INSERT INTO TBL_VEHICLE_MODEL(id,Name,manufacturer_ID,YEAR,GEAR_BOX,FUEL_TYPE) VALUES (5,'CRV',1,2016,'1.5','Xăng');
INSERT INTO TBL_VEHICLE_MODEL(id,Name,manufacturer_ID,YEAR,GEAR_BOX,FUEL_TYPE) VALUES (6,'CRV',1,2017,'1.5','Xăng');
INSERT INTO TBL_VEHICLE_MODEL(id,Name,manufacturer_ID,YEAR,GEAR_BOX,FUEL_TYPE) VALUES (7,'CRV',1,2016,'1.5 AWD','Xăng');
INSERT INTO TBL_VEHICLE_MODEL(id,Name,manufacturer_ID,YEAR,GEAR_BOX,FUEL_TYPE) VALUES (8,'CRV',1,2017,'1.5 AWD','Xăng');
INSERT INTO TBL_VEHICLE_MODEL(id,Name,manufacturer_ID,YEAR,GEAR_BOX,FUEL_TYPE) VALUES (9,'CRV',1,2017,'1.5 VTEC','Xăng');
INSERT INTO TBL_VEHICLE_MODEL(id,Name,manufacturer_ID,YEAR,GEAR_BOX,FUEL_TYPE) VALUES (10,'CRV',1,2017,'1.5 VTEC AWD','Xăng');
INSERT INTO TBL_VEHICLE_MODEL(id,Name,manufacturer_ID,YEAR,GEAR_BOX,FUEL_TYPE) VALUES (11,'CRV',1,2017,'2.0 i-VTEC','Xăng');
INSERT INTO TBL_VEHICLE_MODEL(id,Name,manufacturer_ID,YEAR,GEAR_BOX,FUEL_TYPE) VALUES (12,'CRV',1,2017,'2.0 i-VTEC AWD','Xăng');
INSERT INTO TBL_VEHICLE_MODEL(id,Name,manufacturer_ID,YEAR,GEAR_BOX,FUEL_TYPE) VALUES (13,'CRV',1,2016,'2.4','Xăng');
INSERT INTO TBL_VEHICLE_MODEL(id,Name,manufacturer_ID,YEAR,GEAR_BOX,FUEL_TYPE) VALUES (14,'CITY',1,2014,'1.5 i-DTEC','Dầu');
INSERT INTO TBL_VEHICLE_MODEL(id,Name,manufacturer_ID,YEAR,GEAR_BOX,FUEL_TYPE) VALUES (15,'CITY',1,2015,'1.5','Xăng');
INSERT INTO TBL_VEHICLE_MODEL(id,Name,manufacturer_ID,YEAR,GEAR_BOX,FUEL_TYPE) VALUES (16,'CITY',1,2015,'1.5 4WD','Xăng');
INSERT INTO TBL_VEHICLE_MODEL(id,Name,manufacturer_ID,YEAR,GEAR_BOX,FUEL_TYPE) VALUES (17,'CITY',1,2014,'1.5 i-VTEC','Xăng');
INSERT INTO TBL_VEHICLE_MODEL(id,Name,manufacturer_ID,YEAR,GEAR_BOX,FUEL_TYPE) VALUES (18,'CIVIC COUPE',1,2016,'1.5','Xăng');
INSERT INTO TBL_VEHICLE_MODEL(id,Name,manufacturer_ID,YEAR,GEAR_BOX,FUEL_TYPE) VALUES (19,'CIVIC COUPE',1,2017,'1.5 SI','Xăng');
INSERT INTO TBL_VEHICLE_MODEL(id,Name,manufacturer_ID,YEAR,GEAR_BOX,FUEL_TYPE) VALUES (20,'CIVIC COUPE',1,2016,'2.0','Xăng');
INSERT INTO TBL_VEHICLE_MODEL(id,Name,manufacturer_ID,YEAR,GEAR_BOX,FUEL_TYPE) VALUES (21,'HRV',1,2015,'1.6 i-DTEC','Dầu');
INSERT INTO TBL_VEHICLE_MODEL(id,Name,manufacturer_ID,YEAR,GEAR_BOX,FUEL_TYPE) VALUES (22,'HRV',1,2015,'1.5','Xăng');
INSERT INTO TBL_VEHICLE_MODEL(id,Name,manufacturer_ID,YEAR,GEAR_BOX,FUEL_TYPE) VALUES (23,'HRV',1,2019,'1.5 i-DTEC','Xăng');
INSERT INTO TBL_VEHICLE_MODEL(id,Name,manufacturer_ID,YEAR,GEAR_BOX,FUEL_TYPE) VALUES (24,'HRV',1,2014,'1.8 AWD','Xăng');
INSERT INTO TBL_VEHICLE_MODEL(id,Name,manufacturer_ID,YEAR,GEAR_BOX,FUEL_TYPE) VALUES (25,'ACCORD',1,2017,'1.5 i-VTEC','Xăng');
INSERT INTO TBL_VEHICLE_MODEL(id,Name,manufacturer_ID,YEAR,GEAR_BOX,FUEL_TYPE) VALUES (26,'ACCORD',1,2017,'1.5 VTEC','Xăng');
INSERT INTO TBL_VEHICLE_MODEL(id,Name,manufacturer_ID,YEAR,GEAR_BOX,FUEL_TYPE) VALUES (27,'ACCORD',1,2018,'2.0 i-VTEC','Xăng');
INSERT INTO TBL_VEHICLE_MODEL(id,Name,manufacturer_ID,YEAR,GEAR_BOX,FUEL_TYPE) VALUES (28,'ACCORD',1,2017,'2.0 i-VTEC','Xăng');
INSERT INTO TBL_VEHICLE_MODEL(id,Name,manufacturer_ID,YEAR,GEAR_BOX,FUEL_TYPE) VALUES (29,'ACCENT',2,2017,'1.4 CRDI','Dầu');
INSERT INTO TBL_VEHICLE_MODEL(id,Name,manufacturer_ID,YEAR,GEAR_BOX,FUEL_TYPE) VALUES (30,'ACCENT',2,2017,'1.6 CRDI','Dầu');
INSERT INTO TBL_VEHICLE_MODEL(id,Name,manufacturer_ID,YEAR,GEAR_BOX,FUEL_TYPE) VALUES (31,'ACCENT',2,2018,'1.4','Xăng');
INSERT INTO TBL_VEHICLE_MODEL(id,Name,manufacturer_ID,YEAR,GEAR_BOX,FUEL_TYPE) VALUES (32,'ACCENT',2,2018,'1.6','Xăng');
INSERT INTO TBL_VEHICLE_MODEL(id,Name,manufacturer_ID,YEAR,GEAR_BOX,FUEL_TYPE) VALUES (33,'ELANTRA',2,2016,'1.6 CRDI VGT','Dầu');
INSERT INTO TBL_VEHICLE_MODEL(id,Name,manufacturer_ID,YEAR,GEAR_BOX,FUEL_TYPE) VALUES (34,'ELANTRA',2,2016,'1.6 D','Dầu');
INSERT INTO TBL_VEHICLE_MODEL(id,Name,manufacturer_ID,YEAR,GEAR_BOX,FUEL_TYPE) VALUES (35,'ELANTRA',2,2016,'1.4','Xăng');
INSERT INTO TBL_VEHICLE_MODEL(id,Name,manufacturer_ID,YEAR,GEAR_BOX,FUEL_TYPE) VALUES (36,'ELANTRA',2,2019,'1.6','Xăng');
INSERT INTO TBL_VEHICLE_MODEL(id,Name,manufacturer_ID,YEAR,GEAR_BOX,FUEL_TYPE) VALUES (37,'ELANTRA',2,2016,'1.6','Xăng');
INSERT INTO TBL_VEHICLE_MODEL(id,Name,manufacturer_ID,YEAR,GEAR_BOX,FUEL_TYPE) VALUES (38,'ELANTRA',2,2015,'1.6','Xăng');
INSERT INTO TBL_VEHICLE_MODEL(id,Name,manufacturer_ID,YEAR,GEAR_BOX,FUEL_TYPE) VALUES (39,'ELANTRA',2,2016,'1.6 SR','Xăng');
INSERT INTO TBL_VEHICLE_MODEL(id,Name,manufacturer_ID,YEAR,GEAR_BOX,FUEL_TYPE) VALUES (40,'ELANTRA',2,2016,'2.0','Xăng');
INSERT INTO TBL_VEHICLE_MODEL(id,Name,manufacturer_ID,YEAR,GEAR_BOX,FUEL_TYPE) VALUES (41,'ELANTRA',2,2015,'2.0','Xăng');
INSERT INTO TBL_VEHICLE_MODEL(id,Name,manufacturer_ID,YEAR,GEAR_BOX,FUEL_TYPE) VALUES (42,'ELANTRA',2,2017,'2.0 MPI','Xăng');
INSERT INTO TBL_VEHICLE_MODEL(id,Name,manufacturer_ID,YEAR,GEAR_BOX,FUEL_TYPE) VALUES (43,'KONA',2,2017,'1.6 CRDI','Dầu');
INSERT INTO TBL_VEHICLE_MODEL(id,Name,manufacturer_ID,YEAR,GEAR_BOX,FUEL_TYPE) VALUES (44,'KONA',2,2018,'1.6 CRDI','Dầu');
INSERT INTO TBL_VEHICLE_MODEL(id,Name,manufacturer_ID,YEAR,GEAR_BOX,FUEL_TYPE) VALUES (45,'KONA',2,2017,'1.6 CRDI e-VGT','Dầu');
INSERT INTO TBL_VEHICLE_MODEL(id,Name,manufacturer_ID,YEAR,GEAR_BOX,FUEL_TYPE) VALUES (46,'KONA',2,2018,'1.6 CRDI e-VGT','Dầu');
INSERT INTO TBL_VEHICLE_MODEL(id,Name,manufacturer_ID,YEAR,GEAR_BOX,FUEL_TYPE) VALUES (47,'KONA',2,2017,'1.6 CRDI e-VGT AWD','Dầu');
INSERT INTO TBL_VEHICLE_MODEL(id,Name,manufacturer_ID,YEAR,GEAR_BOX,FUEL_TYPE) VALUES (48,'KONA',2,2018,'1.6 CRDI e-VGT AWD','Dầu');
INSERT INTO TBL_VEHICLE_MODEL(id,Name,manufacturer_ID,YEAR,GEAR_BOX,FUEL_TYPE) VALUES (49,'KONA',2,2017,'1.0 T-GDi','Xăng');
INSERT INTO TBL_VEHICLE_MODEL(id,Name,manufacturer_ID,YEAR,GEAR_BOX,FUEL_TYPE) VALUES (50,'KONA',2,2017,'1.6 T-GDi','Xăng');
INSERT INTO TBL_VEHICLE_MODEL(id,Name,manufacturer_ID,YEAR,GEAR_BOX,FUEL_TYPE) VALUES (51,'KONA',2,2017,'1.6 T-GDi 4WD','Xăng');
INSERT INTO TBL_VEHICLE_MODEL(id,Name,manufacturer_ID,YEAR,GEAR_BOX,FUEL_TYPE) VALUES (52,'KONA',2,2017,'2.0','Xăng');
INSERT INTO TBL_VEHICLE_MODEL(id,Name,manufacturer_ID,YEAR,GEAR_BOX,FUEL_TYPE) VALUES (53,'KONA',2,2017,'2.0 AWD','Xăng');
INSERT INTO TBL_VEHICLE_MODEL(id,Name,manufacturer_ID,YEAR,GEAR_BOX,FUEL_TYPE) VALUES (54,'SATAFE',2,2018,'2.0 CRDI','Dầu');
INSERT INTO TBL_VEHICLE_MODEL(id,Name,manufacturer_ID,YEAR,GEAR_BOX,FUEL_TYPE) VALUES (55,'SATAFE',2,2018,'2.0 CRDI AWD','Dầu');
INSERT INTO TBL_VEHICLE_MODEL(id,Name,manufacturer_ID,YEAR,GEAR_BOX,FUEL_TYPE) VALUES (56,'SATAFE',2,2018,'2.0 D','Dầu');
INSERT INTO TBL_VEHICLE_MODEL(id,Name,manufacturer_ID,YEAR,GEAR_BOX,FUEL_TYPE) VALUES (57,'SATAFE',2,2018,'2.0 D AWD','Dầu');
INSERT INTO TBL_VEHICLE_MODEL(id,Name,manufacturer_ID,YEAR,GEAR_BOX,FUEL_TYPE) VALUES (58,'SATAFE',2,2018,'2.2 CRDi','Dầu');
INSERT INTO TBL_VEHICLE_MODEL(id,Name,manufacturer_ID,YEAR,GEAR_BOX,FUEL_TYPE) VALUES (59,'SATAFE',2,2018,'2.2 CRDi AWD','Dầu');
INSERT INTO TBL_VEHICLE_MODEL(id,Name,manufacturer_ID,YEAR,GEAR_BOX,FUEL_TYPE) VALUES (60,'SATAFE',2,2018,'2.2 D','Dầu');
INSERT INTO TBL_VEHICLE_MODEL(id,Name,manufacturer_ID,YEAR,GEAR_BOX,FUEL_TYPE) VALUES (61,'SATAFE',2,2018,'2.2 D AWD','Dầu');
INSERT INTO TBL_VEHICLE_MODEL(id,Name,manufacturer_ID,YEAR,GEAR_BOX,FUEL_TYPE) VALUES (62,'SATAFE',2,2018,'2.0 AWD','Xăng');
INSERT INTO TBL_VEHICLE_MODEL(id,Name,manufacturer_ID,YEAR,GEAR_BOX,FUEL_TYPE) VALUES (63,'SATAFE',2,2018,'2.0 T-GDi','Xăng');
INSERT INTO TBL_VEHICLE_MODEL(id,Name,manufacturer_ID,YEAR,GEAR_BOX,FUEL_TYPE) VALUES (64,'SATAFE',2,2018,'2.4','Xăng');
INSERT INTO TBL_VEHICLE_MODEL(id,Name,manufacturer_ID,YEAR,GEAR_BOX,FUEL_TYPE) VALUES (65,'SATAFE',2,2018,'2.4 AWD','Xăng');
INSERT INTO TBL_VEHICLE_MODEL(id,Name,manufacturer_ID,YEAR,GEAR_BOX,FUEL_TYPE) VALUES (66,'SATAFE',2,2018,'2.4 GDI','Xăng');
INSERT INTO TBL_VEHICLE_MODEL(id,Name,manufacturer_ID,YEAR,GEAR_BOX,FUEL_TYPE) VALUES (67,'SATAFE',2,2018,'2.4 GDI AWD','Xăng');
INSERT INTO TBL_VEHICLE_MODEL(id,Name,manufacturer_ID,YEAR,GEAR_BOX,FUEL_TYPE) VALUES (68,'SATAFE',2,2018,'3.5 MPI AWD','Xăng');
INSERT INTO TBL_VEHICLE_MODEL(id,Name,manufacturer_ID,YEAR,GEAR_BOX,FUEL_TYPE) VALUES (69,'TUCSON',2,2018,'1.6 CRDi','Dầu');
INSERT INTO TBL_VEHICLE_MODEL(id,Name,manufacturer_ID,YEAR,GEAR_BOX,FUEL_TYPE) VALUES (70,'TUCSON',2,2015,'1.7 CRDi','Dầu');
INSERT INTO TBL_VEHICLE_MODEL(id,Name,manufacturer_ID,YEAR,GEAR_BOX,FUEL_TYPE) VALUES (71,'TUCSON',2,2015,'2.0 CRDi','Dầu');
INSERT INTO TBL_VEHICLE_MODEL(id,Name,manufacturer_ID,YEAR,GEAR_BOX,FUEL_TYPE) VALUES (72,'TUCSON',2,2015,'2.0 CRDi FWD','Dầu');
INSERT INTO TBL_VEHICLE_MODEL(id,Name,manufacturer_ID,YEAR,GEAR_BOX,FUEL_TYPE) VALUES (73,'TUCSON',2,2015,'1.6 GDI','Xăng');
INSERT INTO TBL_VEHICLE_MODEL(id,Name,manufacturer_ID,YEAR,GEAR_BOX,FUEL_TYPE) VALUES (74,'TUCSON',2,2015,'1.6 T-GDI','Xăng');
INSERT INTO TBL_VEHICLE_MODEL(id,Name,manufacturer_ID,YEAR,GEAR_BOX,FUEL_TYPE) VALUES (75,'TUCSON',2,2016,'1.6 T-GDI','Xăng');
INSERT INTO TBL_VEHICLE_MODEL(id,Name,manufacturer_ID,YEAR,GEAR_BOX,FUEL_TYPE) VALUES (76,'TUCSON',2,2015,'2.0','Xăng');
INSERT INTO TBL_VEHICLE_MODEL(id,Name,manufacturer_ID,YEAR,GEAR_BOX,FUEL_TYPE) VALUES (77,'TUCSON',2,2015,'2.0 4WD','Xăng');
INSERT INTO TBL_VEHICLE_MODEL(id,Name,manufacturer_ID,YEAR,GEAR_BOX,FUEL_TYPE) VALUES (78,'TUCSON',2,2015,'2.0 CVT','Xăng');
INSERT INTO TBL_VEHICLE_MODEL(id,Name,manufacturer_ID,YEAR,GEAR_BOX,FUEL_TYPE) VALUES (79,'TUCSON',2,2015,'2.0 GDI','Xăng');
INSERT INTO TBL_VEHICLE_MODEL(id,Name,manufacturer_ID,YEAR,GEAR_BOX,FUEL_TYPE) VALUES (80,'TUCSON',2,2015,'1.6 T-GDI','Xăng');
INSERT INTO TBL_VEHICLE_MODEL(id,Name,manufacturer_ID,YEAR,GEAR_BOX,FUEL_TYPE) VALUES (81,'i10',2,2019,'1.0 MPI','Xăng');
INSERT INTO TBL_VEHICLE_MODEL(id,Name,manufacturer_ID,YEAR,GEAR_BOX,FUEL_TYPE) VALUES (82,'ECOSPORT',3,2017,'1.5 TDCI','Dầu');
INSERT INTO TBL_VEHICLE_MODEL(id,Name,manufacturer_ID,YEAR,GEAR_BOX,FUEL_TYPE) VALUES (83,'ECOSPORT',3,2015,'1.5 TDCI','Dầu');
INSERT INTO TBL_VEHICLE_MODEL(id,Name,manufacturer_ID,YEAR,GEAR_BOX,FUEL_TYPE) VALUES (84,'ECOSPORT',3,2019,'1.5 TDCI','Dầu');
INSERT INTO TBL_VEHICLE_MODEL(id,Name,manufacturer_ID,YEAR,GEAR_BOX,FUEL_TYPE) VALUES (85,'ECOSPORT',3,2017,'1.5 TDCI 4x4','Dầu');
INSERT INTO TBL_VEHICLE_MODEL(id,Name,manufacturer_ID,YEAR,GEAR_BOX,FUEL_TYPE) VALUES (86,'ECOSPORT',3,2016,'1.0 EcoBoost','Xăng');
INSERT INTO TBL_VEHICLE_MODEL(id,Name,manufacturer_ID,YEAR,GEAR_BOX,FUEL_TYPE) VALUES (87,'ECOSPORT',3,2018,'1.0 EcoBoost','Xăng');
INSERT INTO TBL_VEHICLE_MODEL(id,Name,manufacturer_ID,YEAR,GEAR_BOX,FUEL_TYPE) VALUES (88,'ECOSPORT',3,2018,'1.5 Ti-VCT','Xăng');
INSERT INTO TBL_VEHICLE_MODEL(id,Name,manufacturer_ID,YEAR,GEAR_BOX,FUEL_TYPE) VALUES (89,'ECOSPORT',3,2018,'2.0 Ti-VCT','Xăng');
INSERT INTO TBL_VEHICLE_MODEL(id,Name,manufacturer_ID,YEAR,GEAR_BOX,FUEL_TYPE) VALUES (90,'ECOSPORT',3,2017,'2.0 Ti-VCT 4x4','Xăng');
INSERT INTO TBL_VEHICLE_MODEL(id,Name,manufacturer_ID,YEAR,GEAR_BOX,FUEL_TYPE) VALUES (91,'ECOSPORT',3,2018,'2.0 Ti-VCT 4x5','Xăng');
INSERT INTO TBL_VEHICLE_MODEL(id,Name,manufacturer_ID,YEAR,GEAR_BOX,FUEL_TYPE) VALUES (92,'RANGER',3,2018,'2.0 EcoBlue 4x4','Dầu');
INSERT INTO TBL_VEHICLE_MODEL(id,Name,manufacturer_ID,YEAR,GEAR_BOX,FUEL_TYPE) VALUES (93,'RANGER',3,2019,'2.0 EcoBlue 4x5','Dầu');
INSERT INTO TBL_VEHICLE_MODEL(id,Name,manufacturer_ID,YEAR,GEAR_BOX,FUEL_TYPE) VALUES (94,'RANGER',3,2015,'2.2 TDCI','Dầu');


INSERT INTO TBL_SERVICE_TYPE_DETAIL(id,SECTION_ID,PART_CATEGORY_ID,TYPE_ID) VALUES (1,1,1,3);
INSERT INTO TBL_SERVICE_TYPE_DETAIL(id,SECTION_ID,PART_CATEGORY_ID,TYPE_ID) VALUES (2,1,2,3);
INSERT INTO TBL_SERVICE_TYPE_DETAIL(id,SECTION_ID,PART_CATEGORY_ID,TYPE_ID) VALUES (3,1,3,3);
INSERT INTO TBL_SERVICE_TYPE_DETAIL(id,SECTION_ID,PART_CATEGORY_ID,TYPE_ID) VALUES (4,1,4,3);
INSERT INTO TBL_SERVICE_TYPE_DETAIL(id,SECTION_ID,PART_CATEGORY_ID,TYPE_ID) VALUES (5,1,5,3);
INSERT INTO TBL_SERVICE_TYPE_DETAIL(id,SECTION_ID,PART_CATEGORY_ID,TYPE_ID) VALUES (6,1,6,3);
INSERT INTO TBL_SERVICE_TYPE_DETAIL(id,SECTION_ID,PART_CATEGORY_ID,TYPE_ID) VALUES (7,1,7,3);
INSERT INTO TBL_SERVICE_TYPE_DETAIL(id,SECTION_ID,PART_CATEGORY_ID,TYPE_ID) VALUES (8,1,8,3);
INSERT INTO TBL_SERVICE_TYPE_DETAIL(id,SECTION_ID,PART_CATEGORY_ID,TYPE_ID) VALUES (9,1,9,3);
INSERT INTO TBL_SERVICE_TYPE_DETAIL(id,SECTION_ID,PART_CATEGORY_ID,TYPE_ID) VALUES (10,1,10,3);
INSERT INTO TBL_SERVICE_TYPE_DETAIL(id,SECTION_ID,PART_CATEGORY_ID,TYPE_ID) VALUES (11,1,11,3);
INSERT INTO TBL_SERVICE_TYPE_DETAIL(id,SECTION_ID,PART_CATEGORY_ID,TYPE_ID) VALUES (12,1,12,3);
INSERT INTO TBL_SERVICE_TYPE_DETAIL(id,SECTION_ID,PART_CATEGORY_ID,TYPE_ID) VALUES (13,1,13,3);
INSERT INTO TBL_SERVICE_TYPE_DETAIL(id,SECTION_ID,PART_CATEGORY_ID,TYPE_ID) VALUES (14,1,14,3);
INSERT INTO TBL_SERVICE_TYPE_DETAIL(id,SECTION_ID,PART_CATEGORY_ID,TYPE_ID) VALUES (15,1,15,3);
INSERT INTO TBL_SERVICE_TYPE_DETAIL(id,SECTION_ID,PART_CATEGORY_ID,TYPE_ID) VALUES (16,1,16,3);
INSERT INTO TBL_SERVICE_TYPE_DETAIL(id,SECTION_ID,PART_CATEGORY_ID,TYPE_ID) VALUES (17,1,17,3);
INSERT INTO TBL_SERVICE_TYPE_DETAIL(id,SECTION_ID,PART_CATEGORY_ID,TYPE_ID) VALUES (18,1,18,3);
INSERT INTO TBL_SERVICE_TYPE_DETAIL(id,SECTION_ID,PART_CATEGORY_ID,TYPE_ID) VALUES (19,1,19,3);
INSERT INTO TBL_SERVICE_TYPE_DETAIL(id,SECTION_ID,PART_CATEGORY_ID,TYPE_ID) VALUES (20,1,20,3);
INSERT INTO TBL_SERVICE_TYPE_DETAIL(id,SECTION_ID,PART_CATEGORY_ID,TYPE_ID) VALUES (21,1,21,3);
INSERT INTO TBL_SERVICE_TYPE_DETAIL(id,SECTION_ID,PART_CATEGORY_ID,TYPE_ID) VALUES (22,1,22,3);
INSERT INTO TBL_SERVICE_TYPE_DETAIL(id,SECTION_ID,PART_CATEGORY_ID,TYPE_ID) VALUES (23,1,23,3);
INSERT INTO TBL_SERVICE_TYPE_DETAIL(id,SECTION_ID,PART_CATEGORY_ID,TYPE_ID) VALUES (24,1,24,3);
INSERT INTO TBL_SERVICE_TYPE_DETAIL(id,SECTION_ID,PART_CATEGORY_ID,TYPE_ID) VALUES (25,1,25,3);
INSERT INTO TBL_SERVICE_TYPE_DETAIL(id,SECTION_ID,PART_CATEGORY_ID,TYPE_ID) VALUES (26,1,26,3);
INSERT INTO TBL_SERVICE_TYPE_DETAIL(id,SECTION_ID,PART_CATEGORY_ID,TYPE_ID) VALUES (27,2,27,3);
INSERT INTO TBL_SERVICE_TYPE_DETAIL(id,SECTION_ID,PART_CATEGORY_ID,TYPE_ID) VALUES (28,2,28,3);
INSERT INTO TBL_SERVICE_TYPE_DETAIL(id,SECTION_ID,PART_CATEGORY_ID,TYPE_ID) VALUES (29,2,29,3);
INSERT INTO TBL_SERVICE_TYPE_DETAIL(id,SECTION_ID,PART_CATEGORY_ID,TYPE_ID) VALUES (30,2,30,3);
INSERT INTO TBL_SERVICE_TYPE_DETAIL(id,SECTION_ID,PART_CATEGORY_ID,TYPE_ID) VALUES (31,2,31,3);
INSERT INTO TBL_SERVICE_TYPE_DETAIL(id,SECTION_ID,PART_CATEGORY_ID,TYPE_ID) VALUES (32,2,32,3);
INSERT INTO TBL_SERVICE_TYPE_DETAIL(id,SECTION_ID,PART_CATEGORY_ID,TYPE_ID) VALUES (33,2,33,3);
INSERT INTO TBL_SERVICE_TYPE_DETAIL(id,SECTION_ID,PART_CATEGORY_ID,TYPE_ID) VALUES (34,2,34,3);
INSERT INTO TBL_SERVICE_TYPE_DETAIL(id,SECTION_ID,PART_CATEGORY_ID,TYPE_ID) VALUES (35,2,35,3);
INSERT INTO TBL_SERVICE_TYPE_DETAIL(id,SECTION_ID,PART_CATEGORY_ID,TYPE_ID) VALUES (36,2,36,3);
INSERT INTO TBL_SERVICE_TYPE_DETAIL(id,SECTION_ID,PART_CATEGORY_ID,TYPE_ID) VALUES (37,2,37,3);
INSERT INTO TBL_SERVICE_TYPE_DETAIL(id,SECTION_ID,PART_CATEGORY_ID,TYPE_ID) VALUES (38,2,38,3);
INSERT INTO TBL_SERVICE_TYPE_DETAIL(id,SECTION_ID,PART_CATEGORY_ID,TYPE_ID) VALUES (39,2,39,3);
INSERT INTO TBL_SERVICE_TYPE_DETAIL(id,SECTION_ID,PART_CATEGORY_ID,TYPE_ID) VALUES (40,2,40,3);
INSERT INTO TBL_SERVICE_TYPE_DETAIL(id,SECTION_ID,PART_CATEGORY_ID,TYPE_ID) VALUES (41,2,41,3);
INSERT INTO TBL_SERVICE_TYPE_DETAIL(id,SECTION_ID,PART_CATEGORY_ID,TYPE_ID) VALUES (42,2,42,3);
INSERT INTO TBL_SERVICE_TYPE_DETAIL(id,SECTION_ID,PART_CATEGORY_ID,TYPE_ID) VALUES (43,2,43,3);
INSERT INTO TBL_SERVICE_TYPE_DETAIL(id,SECTION_ID,PART_CATEGORY_ID,TYPE_ID) VALUES (44,2,44,3);
INSERT INTO TBL_SERVICE_TYPE_DETAIL(id,SECTION_ID,PART_CATEGORY_ID,TYPE_ID) VALUES (45,2,45,3);
INSERT INTO TBL_SERVICE_TYPE_DETAIL(id,SECTION_ID,PART_CATEGORY_ID,TYPE_ID) VALUES (46,2,46,3);
INSERT INTO TBL_SERVICE_TYPE_DETAIL(id,SECTION_ID,PART_CATEGORY_ID,TYPE_ID) VALUES (47,2,47,3);
INSERT INTO TBL_SERVICE_TYPE_DETAIL(id,SECTION_ID,PART_CATEGORY_ID,TYPE_ID) VALUES (48,3,48,3);
INSERT INTO TBL_SERVICE_TYPE_DETAIL(id,SECTION_ID,PART_CATEGORY_ID,TYPE_ID) VALUES (49,3,49,3);
INSERT INTO TBL_SERVICE_TYPE_DETAIL(id,SECTION_ID,PART_CATEGORY_ID,TYPE_ID) VALUES (50,3,50,3);
INSERT INTO TBL_SERVICE_TYPE_DETAIL(id,SECTION_ID,PART_CATEGORY_ID,TYPE_ID) VALUES (51,3,51,3);
INSERT INTO TBL_SERVICE_TYPE_DETAIL(id,SECTION_ID,PART_CATEGORY_ID,TYPE_ID) VALUES (52,3,52,3);
INSERT INTO TBL_SERVICE_TYPE_DETAIL(id,SECTION_ID,PART_CATEGORY_ID,TYPE_ID) VALUES (53,3,53,3);
INSERT INTO TBL_SERVICE_TYPE_DETAIL(id,SECTION_ID,PART_CATEGORY_ID,TYPE_ID) VALUES (54,3,54,3);
INSERT INTO TBL_SERVICE_TYPE_DETAIL(id,SECTION_ID,PART_CATEGORY_ID,TYPE_ID) VALUES (55,3,55,3);
INSERT INTO TBL_SERVICE_TYPE_DETAIL(id,SECTION_ID,PART_CATEGORY_ID,TYPE_ID) VALUES (56,4,56,3);
INSERT INTO TBL_SERVICE_TYPE_DETAIL(id,SECTION_ID,PART_CATEGORY_ID,TYPE_ID) VALUES (57,4,57,3);
INSERT INTO TBL_SERVICE_TYPE_DETAIL(id,SECTION_ID,PART_CATEGORY_ID,TYPE_ID) VALUES (58,4,58,3);
INSERT INTO TBL_SERVICE_TYPE_DETAIL(id,SECTION_ID,PART_CATEGORY_ID,TYPE_ID) VALUES (59,4,59,3);
INSERT INTO TBL_SERVICE_TYPE_DETAIL(id,SECTION_ID,PART_CATEGORY_ID,TYPE_ID) VALUES (60,4,60,3);
INSERT INTO TBL_SERVICE_TYPE_DETAIL(id,SECTION_ID,PART_CATEGORY_ID,TYPE_ID) VALUES (61,5,61,3);
INSERT INTO TBL_SERVICE_TYPE_DETAIL(id,SECTION_ID,PART_CATEGORY_ID,TYPE_ID) VALUES (62,5,62,3);
INSERT INTO TBL_SERVICE_TYPE_DETAIL(id,SECTION_ID,PART_CATEGORY_ID,TYPE_ID) VALUES (63,5,63,3);
INSERT INTO TBL_SERVICE_TYPE_DETAIL(id,SECTION_ID,PART_CATEGORY_ID,TYPE_ID) VALUES (64,5,64,3);
INSERT INTO TBL_SERVICE_TYPE_DETAIL(id,SECTION_ID,PART_CATEGORY_ID,TYPE_ID) VALUES (65,5,65,3);
INSERT INTO TBL_SERVICE_TYPE_DETAIL(id,SECTION_ID,PART_CATEGORY_ID,TYPE_ID) VALUES (66,5,66,3);
INSERT INTO TBL_SERVICE_TYPE_DETAIL(id,SECTION_ID,PART_CATEGORY_ID,TYPE_ID) VALUES (67,5,67,3);
INSERT INTO TBL_SERVICE_TYPE_DETAIL(id,SECTION_ID,PART_CATEGORY_ID,TYPE_ID) VALUES (68,5,68,3);
INSERT INTO TBL_SERVICE_TYPE_DETAIL(id,SECTION_ID,PART_CATEGORY_ID,TYPE_ID) VALUES (69,5,69,3);
INSERT INTO TBL_SERVICE_TYPE_DETAIL(id,SECTION_ID,PART_CATEGORY_ID,TYPE_ID) VALUES (70,6,70,3);
INSERT INTO TBL_SERVICE_TYPE_DETAIL(id,SECTION_ID,PART_CATEGORY_ID,TYPE_ID) VALUES (71,6,71,3);
INSERT INTO TBL_SERVICE_TYPE_DETAIL(id,SECTION_ID,PART_CATEGORY_ID,TYPE_ID) VALUES (72,6,72,3);
INSERT INTO TBL_SERVICE_TYPE_DETAIL(id,SECTION_ID,PART_CATEGORY_ID,TYPE_ID) VALUES (73,6,73,3);
INSERT INTO TBL_SERVICE_TYPE_DETAIL(id,SECTION_ID,PART_CATEGORY_ID,TYPE_ID) VALUES (74,6,74,3);
INSERT INTO TBL_SERVICE_TYPE_DETAIL(id,SECTION_ID,PART_CATEGORY_ID,TYPE_ID) VALUES (75,6,75,3);
INSERT INTO TBL_SERVICE_TYPE_DETAIL(id,SECTION_ID,PART_CATEGORY_ID,TYPE_ID) VALUES (76,7,76,3);
INSERT INTO TBL_SERVICE_TYPE_DETAIL(id,SECTION_ID,PART_CATEGORY_ID,TYPE_ID) VALUES (77,7,77,3);
INSERT INTO TBL_SERVICE_TYPE_DETAIL(id,SECTION_ID,PART_CATEGORY_ID,TYPE_ID) VALUES (78,7,78,3);
INSERT INTO TBL_SERVICE_TYPE_DETAIL(id,SECTION_ID,PART_CATEGORY_ID,TYPE_ID) VALUES (79,7,79,3);
INSERT INTO TBL_SERVICE_TYPE_DETAIL(id,SECTION_ID,PART_CATEGORY_ID,TYPE_ID) VALUES (80,7,80,3);
INSERT INTO TBL_SERVICE_TYPE_DETAIL(id,SECTION_ID,PART_CATEGORY_ID,TYPE_ID) VALUES (81,7,81,3);
INSERT INTO TBL_SERVICE_TYPE_DETAIL(id,SECTION_ID,PART_CATEGORY_ID,TYPE_ID) VALUES (82,7,82,3);
INSERT INTO TBL_SERVICE_TYPE_DETAIL(id,SECTION_ID,PART_CATEGORY_ID,TYPE_ID) VALUES (83,8,83,3);
INSERT INTO TBL_SERVICE_TYPE_DETAIL(id,SECTION_ID,PART_CATEGORY_ID,TYPE_ID) VALUES (84,8,84,3);
INSERT INTO TBL_SERVICE_TYPE_DETAIL(id,SECTION_ID,PART_CATEGORY_ID,TYPE_ID) VALUES (85,8,85,3);
INSERT INTO TBL_SERVICE_TYPE_DETAIL(id,SECTION_ID,PART_CATEGORY_ID,TYPE_ID) VALUES (86,8,86,3);
INSERT INTO TBL_SERVICE_TYPE_DETAIL(id,SECTION_ID,PART_CATEGORY_ID,TYPE_ID) VALUES (87,8,87,3);
INSERT INTO TBL_SERVICE_TYPE_DETAIL(id,SECTION_ID,PART_CATEGORY_ID,TYPE_ID) VALUES (88,8,88,3);
INSERT INTO TBL_SERVICE_TYPE_DETAIL(id,SECTION_ID,PART_CATEGORY_ID,TYPE_ID) VALUES (89,8,89,3);
INSERT INTO TBL_SERVICE_TYPE_DETAIL(id,SECTION_ID,PART_CATEGORY_ID,TYPE_ID) VALUES (90,8,90,3);
INSERT INTO TBL_SERVICE_TYPE_DETAIL(id,SECTION_ID,PART_CATEGORY_ID,TYPE_ID) VALUES (91,8,91,3);
INSERT INTO TBL_SERVICE_TYPE_DETAIL(id,SECTION_ID,PART_CATEGORY_ID,TYPE_ID) VALUES (92,8,92,3);
INSERT INTO TBL_SERVICE_TYPE_DETAIL(id,SECTION_ID,PART_CATEGORY_ID,TYPE_ID) VALUES (93,9,93,3);
INSERT INTO TBL_SERVICE_TYPE_DETAIL(id,SECTION_ID,PART_CATEGORY_ID,TYPE_ID) VALUES (94,9,94,3);
INSERT INTO TBL_SERVICE_TYPE_DETAIL(id,SECTION_ID,PART_CATEGORY_ID,TYPE_ID) VALUES (95,9,95,3);
INSERT INTO TBL_SERVICE_TYPE_DETAIL(id,SECTION_ID,PART_CATEGORY_ID,TYPE_ID) VALUES (96,9,96,3);
INSERT INTO TBL_SERVICE_TYPE_DETAIL(id,SECTION_ID,PART_CATEGORY_ID,TYPE_ID) VALUES (97,9,97,3);
INSERT INTO TBL_SERVICE_TYPE_DETAIL(id,SECTION_ID,PART_CATEGORY_ID,TYPE_ID) VALUES (98,9,98,3);
INSERT INTO TBL_SERVICE_TYPE_DETAIL(id,SECTION_ID,PART_CATEGORY_ID,TYPE_ID) VALUES (99,9,99,3);
INSERT INTO TBL_SERVICE_TYPE_DETAIL(id,SECTION_ID,PART_CATEGORY_ID,TYPE_ID) VALUES (100,9,100,3);
INSERT INTO TBL_SERVICE_TYPE_DETAIL(id,SECTION_ID,PART_CATEGORY_ID,TYPE_ID) VALUES (101,10,101,3);
INSERT INTO TBL_SERVICE_TYPE_DETAIL(id,SECTION_ID,PART_CATEGORY_ID,TYPE_ID) VALUES (102,10,102,3);
INSERT INTO TBL_SERVICE_TYPE_DETAIL(id,SECTION_ID,PART_CATEGORY_ID,TYPE_ID) VALUES (103,10,103,3);
INSERT INTO TBL_SERVICE_TYPE_DETAIL(id,SECTION_ID,PART_CATEGORY_ID,TYPE_ID) VALUES (104,10,104,3);
INSERT INTO TBL_SERVICE_TYPE_DETAIL(id,SECTION_ID,PART_CATEGORY_ID,TYPE_ID) VALUES (105,10,105,3);
INSERT INTO TBL_SERVICE_TYPE_DETAIL(id,SECTION_ID,PART_CATEGORY_ID,TYPE_ID) VALUES (106,10,106,3);
INSERT INTO TBL_SERVICE_TYPE_DETAIL(id,SECTION_ID,PART_CATEGORY_ID,TYPE_ID) VALUES (107,10,107,3);
INSERT INTO TBL_SERVICE_TYPE_DETAIL(id,SECTION_ID,PART_CATEGORY_ID,TYPE_ID) VALUES (108,10,108,3);
INSERT INTO TBL_SERVICE_TYPE_DETAIL(id,SECTION_ID,PART_CATEGORY_ID,TYPE_ID) VALUES (109,10,109,3);
INSERT INTO TBL_SERVICE_TYPE_DETAIL(id,SECTION_ID,PART_CATEGORY_ID,TYPE_ID) VALUES (110,10,110,3);
INSERT INTO TBL_SERVICE_TYPE_DETAIL(id,SECTION_ID,PART_CATEGORY_ID,TYPE_ID) VALUES (111,10,111,3);
INSERT INTO TBL_SERVICE_TYPE_DETAIL(id,SECTION_ID,PART_CATEGORY_ID,TYPE_ID) VALUES (112,11,112,3);
INSERT INTO TBL_SERVICE_TYPE_DETAIL(id,SECTION_ID,PART_CATEGORY_ID,TYPE_ID) VALUES (113,11,113,3);
INSERT INTO TBL_SERVICE_TYPE_DETAIL(id,SECTION_ID,PART_CATEGORY_ID,TYPE_ID) VALUES (114,11,114,3);
INSERT INTO TBL_SERVICE_TYPE_DETAIL(id,SECTION_ID,PART_CATEGORY_ID,TYPE_ID) VALUES (115,12,115,3);
INSERT INTO TBL_SERVICE_TYPE_DETAIL(id,SECTION_ID,PART_CATEGORY_ID,TYPE_ID) VALUES (116,12,116,3);
INSERT INTO TBL_SERVICE_TYPE_DETAIL(id,SECTION_ID,PART_CATEGORY_ID,TYPE_ID) VALUES (117,12,117,3);
INSERT INTO TBL_SERVICE_TYPE_DETAIL(id,SECTION_ID,PART_CATEGORY_ID,TYPE_ID) VALUES (118,12,118,3);
INSERT INTO TBL_SERVICE_TYPE_DETAIL(id,SECTION_ID,PART_CATEGORY_ID,TYPE_ID) VALUES (119,13,119,3);
INSERT INTO TBL_SERVICE_TYPE_DETAIL(id,SECTION_ID,PART_CATEGORY_ID,TYPE_ID) VALUES (120,13,120,3);
INSERT INTO TBL_SERVICE_TYPE_DETAIL(id,SECTION_ID,PART_CATEGORY_ID,TYPE_ID) VALUES (121,13,121,3);
INSERT INTO TBL_SERVICE_TYPE_DETAIL(id,SECTION_ID,PART_CATEGORY_ID,TYPE_ID) VALUES (122,14,122,3);
INSERT INTO TBL_SERVICE_TYPE_DETAIL(id,SECTION_ID,PART_CATEGORY_ID,TYPE_ID) VALUES (123,14,123,3);
INSERT INTO TBL_SERVICE_TYPE_DETAIL(id,SECTION_ID,PART_CATEGORY_ID,TYPE_ID) VALUES (124,14,124,3);
INSERT INTO TBL_SERVICE_TYPE_DETAIL(id,SECTION_ID,PART_CATEGORY_ID,TYPE_ID) VALUES (125,14,125,3);
INSERT INTO TBL_SERVICE_TYPE_DETAIL(id,SECTION_ID,PART_CATEGORY_ID,TYPE_ID) VALUES (126,14,126,3);
INSERT INTO TBL_SERVICE_TYPE_DETAIL(id,SECTION_ID,PART_CATEGORY_ID,TYPE_ID) VALUES (127,14,127,3);
INSERT INTO TBL_SERVICE_TYPE_DETAIL(id,SECTION_ID,PART_CATEGORY_ID,TYPE_ID) VALUES (128,14,128,3);
INSERT INTO TBL_SERVICE_TYPE_DETAIL(id,SECTION_ID,PART_CATEGORY_ID,TYPE_ID) VALUES (129,14,129,3);
INSERT INTO TBL_SERVICE_TYPE_DETAIL(id,SECTION_ID,PART_CATEGORY_ID,TYPE_ID) VALUES (130,14,130,3);
INSERT INTO TBL_SERVICE_TYPE_DETAIL(id,SECTION_ID,PART_CATEGORY_ID,TYPE_ID) VALUES (131,14,131,3);
INSERT INTO TBL_SERVICE_TYPE_DETAIL(id,SECTION_ID,PART_CATEGORY_ID,TYPE_ID) VALUES (132,14,132,3);
INSERT INTO TBL_SERVICE_TYPE_DETAIL(id,SECTION_ID,PART_CATEGORY_ID,TYPE_ID) VALUES (133,14,133,3);
INSERT INTO TBL_SERVICE_TYPE_DETAIL(id,SECTION_ID,PART_CATEGORY_ID,TYPE_ID) VALUES (134,14,134,3);
INSERT INTO TBL_SERVICE_TYPE_DETAIL(id,SECTION_ID,PART_CATEGORY_ID,TYPE_ID) VALUES (135,14,135,3);
INSERT INTO TBL_SERVICE_TYPE_DETAIL(id,SECTION_ID,PART_CATEGORY_ID,TYPE_ID) VALUES (136,14,136,3);
INSERT INTO TBL_SERVICE_TYPE_DETAIL(id,SECTION_ID,PART_CATEGORY_ID,TYPE_ID) VALUES (137,14,137,3);
INSERT INTO TBL_SERVICE_TYPE_DETAIL(id,SECTION_ID,PART_CATEGORY_ID,TYPE_ID) VALUES (138,15,138,3);
INSERT INTO TBL_SERVICE_TYPE_DETAIL(id,SECTION_ID,PART_CATEGORY_ID,TYPE_ID) VALUES (139,15,139,3);
INSERT INTO TBL_SERVICE_TYPE_DETAIL(id,SECTION_ID,PART_CATEGORY_ID,TYPE_ID) VALUES (140,16,NULL,1);
INSERT INTO TBL_SERVICE_TYPE_DETAIL(id,SECTION_ID,PART_CATEGORY_ID,TYPE_ID) VALUES (141,17,NULL,1);
INSERT INTO TBL_SERVICE_TYPE_DETAIL(id,SECTION_ID,PART_CATEGORY_ID,TYPE_ID) VALUES (142,18,NULL,1);
INSERT INTO TBL_SERVICE_TYPE_DETAIL(id,SECTION_ID,PART_CATEGORY_ID,TYPE_ID) VALUES (143,19,NULL,1);
INSERT INTO TBL_SERVICE_TYPE_DETAIL(id,SECTION_ID,PART_CATEGORY_ID,TYPE_ID) VALUES (144,20,NULL,1);
INSERT INTO TBL_SERVICE_TYPE_DETAIL(id,SECTION_ID,PART_CATEGORY_ID,TYPE_ID) VALUES (145,21,NULL,2);
INSERT INTO TBL_SERVICE_TYPE_DETAIL(id,SECTION_ID,PART_CATEGORY_ID,TYPE_ID) VALUES (146,22,NULL,2);

INSERT INTO TBL_PROVIDER(ID,NAME,ADDRESS,IMAGE_URLS,LATITUDE,LONGITUDE,OPEN_TIME,CLOSE_TIME,CAPACITY_PER_SLOT,SLOT_DURATION,MANUFACTURER_ID,IS_ACTIVE) VALUES (1,'Gara Ô tô Phạm Hào','572 - 574 Công Hòa P.13 Q.Tân Bình TP.HCM, Phường 13, Tân Bình, Thành phố Hồ Chí Minh','https://lh5.googleusercontent.com/p/AF1QipP_rnwWXIAorYxSJuScmKlfJdLJ65SXGLOA60HA=w426-h240-k-no',10.80296,106.638998,'8:00','17:00',5,60,NULL,'TRUE');
INSERT INTO TBL_PROVIDER(ID,NAME,ADDRESS,IMAGE_URLS,LATITUDE,LONGITUDE,OPEN_TIME,CLOSE_TIME,CAPACITY_PER_SLOT,SLOT_DURATION,MANUFACTURER_ID,IS_ACTIVE) VALUES (2,'Garage Ô tô Hiệp Cường','281/1 Lý Thường Kiệt, Phường 15, Quận 11, Thành phố Hồ Chí Minh','https://lh5.googleusercontent.com/p/AF1QipMUIlsLtIofu2XT8mwrokhjzAanJCiUrodZU2Fa=w408-h306-k-no',10.774257,106.656063,'7:30','17:00',6,60,NULL,'TRUE');
INSERT INTO TBL_PROVIDER(ID,NAME,ADDRESS,IMAGE_URLS,LATITUDE,LONGITUDE,OPEN_TIME,CLOSE_TIME,CAPACITY_PER_SLOT,SLOT_DURATION,MANUFACTURER_ID,IS_ACTIVE) VALUES (3,'Honda Auto Cộng Hòa','142 Cộng Hòa, Phường 4, Tân Bình, Thành phố Hồ Chí Minh','https://lh5.googleusercontent.com/p/AF1QipPvGDjnSvgQdtHo1OOP512ZTqIUTbNXDqgJhqAV=w408-h544-k-no',10.801368,106.656024,'8:00','19:00',7,60,1,'TRUE');
INSERT INTO TBL_PROVIDER(ID,NAME,ADDRESS,IMAGE_URLS,LATITUDE,LONGITUDE,OPEN_TIME,CLOSE_TIME,CAPACITY_PER_SLOT,SLOT_DURATION,MANUFACTURER_ID,IS_ACTIVE) VALUES (4,'Honda ô tô Kim Thanh','Số 6 Đường 3 Tháng 2, Phường 15, Quận 11, Thành phố Hồ Chí Minh','https://lh5.googleusercontent.com/p/AF1QipOl0IKxO6gxZa6H4eNPSKBSEP_XuJxlDXyozayB=w433-h240-k-no',10.763918,106.659771,'7:30','19:00',4,60,1,'TRUE');
INSERT INTO TBL_PROVIDER(ID,NAME,ADDRESS,IMAGE_URLS,LATITUDE,LONGITUDE,OPEN_TIME,CLOSE_TIME,CAPACITY_PER_SLOT,SLOT_DURATION,MANUFACTURER_ID,IS_ACTIVE) VALUES (5,'Honda oto Bình Tân','63 Võ Văn Kiệt, An Lạc, Bình Tân, Thành phố Hồ Chí Minh','https://lh5.googleusercontent.com/p/AF1QipMDhV5miSjZAKG3y5oYU-_KN1Kk0n4pvfA77f5M=w408-h306-k-no',10.721129,106.610017,'8:00','17:00',10,60,1,'TRUE');
INSERT INTO TBL_PROVIDER(ID,NAME,ADDRESS,IMAGE_URLS,LATITUDE,LONGITUDE,OPEN_TIME,CLOSE_TIME,CAPACITY_PER_SLOT,SLOT_DURATION,MANUFACTURER_ID,IS_ACTIVE) VALUES (6,'Honda Oto Bình Dương','Thửa đất số 311, Tờ bản đồ số 62 D2 Khu Phố, Bình Đức, Thuận An, Bình Dương','https://lh5.googleusercontent.com/p/AF1QipO68S939v-GngWbYuWqxBK25syerw7fY5Uaz8r7=w493-h240-k-no',10.911617,106.713195,'8:00','18:00',9,45,1,'TRUE');
INSERT INTO TBL_PROVIDER(ID,NAME,ADDRESS,IMAGE_URLS,LATITUDE,LONGITUDE,OPEN_TIME,CLOSE_TIME,CAPACITY_PER_SLOT,SLOT_DURATION,MANUFACTURER_ID,IS_ACTIVE) VALUES (7,'Hyundai Tiên Phong','19 Đào Duy Anh, Phường 9, Phú Nhuận, Thành phố Hồ Chí Minh','https://lh5.googleusercontent.com/p/AF1QipMtXnG7szTQxdL9pjZjmN3Sc-smdvA__GwqGuEp=w408-h306-k-no',10.807280,106.676575,'6:00','23:00',4,60,2,'TRUE');
INSERT INTO TBL_PROVIDER(ID,NAME,ADDRESS,IMAGE_URLS,LATITUDE,LONGITUDE,OPEN_TIME,CLOSE_TIME,CAPACITY_PER_SLOT,SLOT_DURATION,MANUFACTURER_ID,IS_ACTIVE) VALUES (8,'Huyndai Nam Việt','91 Bờ Bao Tân Thắng, Celadon City, Tân Phú, Thành phố Hồ Chí Minh, Việt Nam','https://lh5.googleusercontent.com/p/AF1QipOPV3guqywODmkJQUdpzwLf7C3fA2kpKwm-n3xB=w408-h544-k-no',10.802790,106.621632,'8:00','17:00',6,60,2,'TRUE');
INSERT INTO TBL_PROVIDER(ID,NAME,ADDRESS,IMAGE_URLS,LATITUDE,LONGITUDE,OPEN_TIME,CLOSE_TIME,CAPACITY_PER_SLOT,SLOT_DURATION,MANUFACTURER_ID,IS_ACTIVE) VALUES (9,'Hyundai Trường Chinh','682A Trường Chinh, Phường 15, Tân Bình','https://lh5.googleusercontent.com/p/AF1QipPyYfE62wzOCZD_w6RdmptdEaHynIO8OUj2KsjB=w408-h272-k-no',10.809524,106.634469,'8:00','17:00',8,60,2,'TRUE');
INSERT INTO TBL_PROVIDER(ID,NAME,ADDRESS,IMAGE_URLS,LATITUDE,LONGITUDE,OPEN_TIME,CLOSE_TIME,CAPACITY_PER_SLOT,SLOT_DURATION,MANUFACTURER_ID,IS_ACTIVE) VALUES (10,'Hyundai Ngọc An','327 QL13, Hiệp Bình Phước, Thủ Đức, Thành phố Hồ Chí Minh','https://lh5.googleusercontent.com/p/AF1QipNz2bna2BNU8OPUuodIa-SLXsYBq1SG3I7-Szag=w408-h270-k-no',10.838880,106.714509,'8:00','18:00',5,60,2,'TRUE');
INSERT INTO TBL_PROVIDER(ID,NAME,ADDRESS,IMAGE_URLS,LATITUDE,LONGITUDE,OPEN_TIME,CLOSE_TIME,CAPACITY_PER_SLOT,SLOT_DURATION,MANUFACTURER_ID,IS_ACTIVE) VALUES (11,'Garage Ô Tô Hiệp','72 Làng Tăng Phú, Tăng Nhơn Phú A, Quận 9, Thành phố Hồ Chí Minh','https://lh5.googleusercontent.com/p/AF1QipOwGSDATJXYwSJgsuONze2MSBIWfpthUih0viSJ=w408-h306-k-no',10.844233,106.799176,'8:00','17:00',2,120,NULL,'TRUE');
INSERT INTO TBL_PROVIDER(ID,NAME,ADDRESS,IMAGE_URLS,LATITUDE,LONGITUDE,OPEN_TIME,CLOSE_TIME,CAPACITY_PER_SLOT,SLOT_DURATION,MANUFACTURER_ID,IS_ACTIVE) VALUES (12,'Garage Ô Tô Tâm','Hoàng Hữu Nam, Long Thạnh Mỹ, 9, Thành phố Hồ Chí Minh, Việt Nam',NULL,10.866611,106.813631,'9:00','17:00',1,60,NULL,'TRUE');
INSERT INTO TBL_PROVIDER(ID,NAME,ADDRESS,IMAGE_URLS,LATITUDE,LONGITUDE,OPEN_TIME,CLOSE_TIME,CAPACITY_PER_SLOT,SLOT_DURATION,MANUFACTURER_ID,IS_ACTIVE) VALUES (13,'Garage Sang','129 Lê Văn Việt, Hiệp Phú, Quận 9, Thành phố Hồ Chí Minh',NULL,10.846429,106.778414,'9:00','18:00',3,45,NULL,'TRUE');
INSERT INTO TBL_PROVIDER(ID,NAME,ADDRESS,IMAGE_URLS,LATITUDE,LONGITUDE,OPEN_TIME,CLOSE_TIME,CAPACITY_PER_SLOT,SLOT_DURATION,MANUFACTURER_ID,IS_ACTIVE) VALUES (14,'Garage Quận 9 - Lộc Cường','844E Xa lộ Hà Nội, Hiệp Phú, Quận 9, Thành phố Hồ Chí Minh',NULL,10.851875,106.778292,'7:00','17:30',2,30,NULL,'TRUE');

INSERT INTO TBL_ROLE(ID,NAME) VALUES (1,'ADMIN');
INSERT INTO TBL_ROLE(ID,NAME) VALUES (2,'USER');
INSERT INTO TBL_ROLE(ID,NAME) VALUES (3,'MANAGER');
INSERT INTO TBL_ROLE(ID,NAME) VALUES (4,'STAFF');
INSERT INTO TBL_ROLE(ID,NAME) VALUES (5,'TECHINICIAN');


INSERT INTO TBL_USER(FULL_NAME,GENDER,IMAGE_URL,PASSWORD,PHONE_NUMBER,USERNAME,ROLE_ID,PROVIDER_ID) VALUES ('ADMIN',0,'https://lh3.googleusercontent.com/proxy/P3RQ3Us7ZR_xLSR7-AtwrO-wJ8MOfaEzZdMmGV6Gvto5wCpVwsiDO-Yhz7ELdO_CuAGQ4DfRuCBr2MKNthKCi6etSlVTq8bxA2gLU2IwwsY-mQ',1,NULL,'admin',1,NULL);
INSERT INTO TBL_USER(FULL_NAME,GENDER,IMAGE_URL,PASSWORD,PHONE_NUMBER,USERNAME,ROLE_ID,PROVIDER_ID) VALUES ('Ayyan Martins',1,'https://lh3.googleusercontent.com/proxy/P3RQ3Us7ZR_xLSR7-AtwrO-wJ8MOfaEzZdMmGV6Gvto5wCpVwsiDO-Yhz7ELdO_CuAGQ4DfRuCBr2MKNthKCi6etSlVTq8bxA2gLU2IwwsY-mQ',1,NULL,'mn1',3,1);
INSERT INTO TBL_USER(FULL_NAME,GENDER,IMAGE_URL,PASSWORD,PHONE_NUMBER,USERNAME,ROLE_ID,PROVIDER_ID) VALUES ('Anya Chan',1,'https://lh3.googleusercontent.com/proxy/P3RQ3Us7ZR_xLSR7-AtwrO-wJ8MOfaEzZdMmGV6Gvto5wCpVwsiDO-Yhz7ELdO_CuAGQ4DfRuCBr2MKNthKCi6etSlVTq8bxA2gLU2IwwsY-mQ',1,NULL,'mn2',3,2);
INSERT INTO TBL_USER(FULL_NAME,GENDER,IMAGE_URL,PASSWORD,PHONE_NUMBER,USERNAME,ROLE_ID,PROVIDER_ID) VALUES ('Ishaaq O''Moore',0,'https://lh3.googleusercontent.com/proxy/P3RQ3Us7ZR_xLSR7-AtwrO-wJ8MOfaEzZdMmGV6Gvto5wCpVwsiDO-Yhz7ELdO_CuAGQ4DfRuCBr2MKNthKCi6etSlVTq8bxA2gLU2IwwsY-mQ',1,NULL,'mn3',3,3);
INSERT INTO TBL_USER(FULL_NAME,GENDER,IMAGE_URL,PASSWORD,PHONE_NUMBER,USERNAME,ROLE_ID,PROVIDER_ID) VALUES ('Ryan Beil',0,'https://lh3.googleusercontent.com/proxy/P3RQ3Us7ZR_xLSR7-AtwrO-wJ8MOfaEzZdMmGV6Gvto5wCpVwsiDO-Yhz7ELdO_CuAGQ4DfRuCBr2MKNthKCi6etSlVTq8bxA2gLU2IwwsY-mQ',1,NULL,'mn4',3,4);
INSERT INTO TBL_USER(FULL_NAME,GENDER,IMAGE_URL,PASSWORD,PHONE_NUMBER,USERNAME,ROLE_ID,PROVIDER_ID) VALUES ('Safiyyah Woodard',0,'https://lh3.googleusercontent.com/proxy/P3RQ3Us7ZR_xLSR7-AtwrO-wJ8MOfaEzZdMmGV6Gvto5wCpVwsiDO-Yhz7ELdO_CuAGQ4DfRuCBr2MKNthKCi6etSlVTq8bxA2gLU2IwwsY-mQ',1,NULL,'mn5',3,5);
INSERT INTO TBL_USER(FULL_NAME,GENDER,IMAGE_URL,PASSWORD,PHONE_NUMBER,USERNAME,ROLE_ID,PROVIDER_ID) VALUES ('Nguyen Van B',1,'https://lh3.googleusercontent.com/proxy/P3RQ3Us7ZR_xLSR7-AtwrO-wJ8MOfaEzZdMmGV6Gvto5wCpVwsiDO-Yhz7ELdO_CuAGQ4DfRuCBr2MKNthKCi6etSlVTq8bxA2gLU2IwwsY-mQ',1,NULL,'mn6',3,6);
INSERT INTO TBL_USER(FULL_NAME,GENDER,IMAGE_URL,PASSWORD,PHONE_NUMBER,USERNAME,ROLE_ID,PROVIDER_ID) VALUES ('Nguyen Van C',1,'https://lh3.googleusercontent.com/proxy/P3RQ3Us7ZR_xLSR7-AtwrO-wJ8MOfaEzZdMmGV6Gvto5wCpVwsiDO-Yhz7ELdO_CuAGQ4DfRuCBr2MKNthKCi6etSlVTq8bxA2gLU2IwwsY-mQ',1,NULL,'mn7',3,7);
INSERT INTO TBL_USER(FULL_NAME,GENDER,IMAGE_URL,PASSWORD,PHONE_NUMBER,USERNAME,ROLE_ID,PROVIDER_ID) VALUES ('Nguyen Van D',0,'https://lh3.googleusercontent.com/proxy/P3RQ3Us7ZR_xLSR7-AtwrO-wJ8MOfaEzZdMmGV6Gvto5wCpVwsiDO-Yhz7ELdO_CuAGQ4DfRuCBr2MKNthKCi6etSlVTq8bxA2gLU2IwwsY-mQ',1,NULL,'mn8',3,8);
INSERT INTO TBL_USER(FULL_NAME,GENDER,IMAGE_URL,PASSWORD,PHONE_NUMBER,USERNAME,ROLE_ID,PROVIDER_ID) VALUES ('Nguyen Van E',0,'https://lh3.googleusercontent.com/proxy/P3RQ3Us7ZR_xLSR7-AtwrO-wJ8MOfaEzZdMmGV6Gvto5wCpVwsiDO-Yhz7ELdO_CuAGQ4DfRuCBr2MKNthKCi6etSlVTq8bxA2gLU2IwwsY-mQ',1,NULL,'sf1',4,1);
INSERT INTO TBL_USER(FULL_NAME,GENDER,IMAGE_URL,PASSWORD,PHONE_NUMBER,USERNAME,ROLE_ID,PROVIDER_ID) VALUES ('Shyam Campbell',0,'https://lh3.googleusercontent.com/proxy/P3RQ3Us7ZR_xLSR7-AtwrO-wJ8MOfaEzZdMmGV6Gvto5wCpVwsiDO-Yhz7ELdO_CuAGQ4DfRuCBr2MKNthKCi6etSlVTq8bxA2gLU2IwwsY-mQ',1,NULL,'sf2',4,2);
INSERT INTO TBL_USER(FULL_NAME,GENDER,IMAGE_URL,PASSWORD,PHONE_NUMBER,USERNAME,ROLE_ID,PROVIDER_ID) VALUES ('Aditi Guest',1,'https://lh3.googleusercontent.com/proxy/P3RQ3Us7ZR_xLSR7-AtwrO-wJ8MOfaEzZdMmGV6Gvto5wCpVwsiDO-Yhz7ELdO_CuAGQ4DfRuCBr2MKNthKCi6etSlVTq8bxA2gLU2IwwsY-mQ',1,NULL,'tc1',5,1);
INSERT INTO TBL_USER(FULL_NAME,GENDER,IMAGE_URL,PASSWORD,PHONE_NUMBER,USERNAME,ROLE_ID,PROVIDER_ID) VALUES ('Romeo Hyde',1,'https://lh3.googleusercontent.com/proxy/P3RQ3Us7ZR_xLSR7-AtwrO-wJ8MOfaEzZdMmGV6Gvto5wCpVwsiDO-Yhz7ELdO_CuAGQ4DfRuCBr2MKNthKCi6etSlVTq8bxA2gLU2IwwsY-mQ',1,NULL,'tc2',5,1);
INSERT INTO TBL_USER(FULL_NAME,GENDER,IMAGE_URL,PASSWORD,PHONE_NUMBER,USERNAME,ROLE_ID,PROVIDER_ID) VALUES ('Nguyen Van G',0,'https://lh3.googleusercontent.com/proxy/P3RQ3Us7ZR_xLSR7-AtwrO-wJ8MOfaEzZdMmGV6Gvto5wCpVwsiDO-Yhz7ELdO_CuAGQ4DfRuCBr2MKNthKCi6etSlVTq8bxA2gLU2IwwsY-mQ',1,NULL,'tc3',5,1);
INSERT INTO TBL_USER(FULL_NAME,GENDER,IMAGE_URL,PASSWORD,PHONE_NUMBER,USERNAME,ROLE_ID,PROVIDER_ID) VALUES ('Harley Frederick',0,'https://lh3.googleusercontent.com/proxy/P3RQ3Us7ZR_xLSR7-AtwrO-wJ8MOfaEzZdMmGV6Gvto5wCpVwsiDO-Yhz7ELdO_CuAGQ4DfRuCBr2MKNthKCi6etSlVTq8bxA2gLU2IwwsY-mQ',1,NULL,'tc4',5,1);
INSERT INTO TBL_USER(FULL_NAME,GENDER,IMAGE_URL,PASSWORD,PHONE_NUMBER,USERNAME,ROLE_ID,PROVIDER_ID) VALUES ('Mildred Russell',0,'https://lh3.googleusercontent.com/proxy/P3RQ3Us7ZR_xLSR7-AtwrO-wJ8MOfaEzZdMmGV6Gvto5wCpVwsiDO-Yhz7ELdO_CuAGQ4DfRuCBr2MKNthKCi6etSlVTq8bxA2gLU2IwwsY-mQ',1,NULL,'tc5',5,2);
INSERT INTO TBL_USER(FULL_NAME,GENDER,IMAGE_URL,PASSWORD,PHONE_NUMBER,USERNAME,ROLE_ID,PROVIDER_ID) VALUES ('Sanaya Halliday',1,'https://lh3.googleusercontent.com/proxy/P3RQ3Us7ZR_xLSR7-AtwrO-wJ8MOfaEzZdMmGV6Gvto5wCpVwsiDO-Yhz7ELdO_CuAGQ4DfRuCBr2MKNthKCi6etSlVTq8bxA2gLU2IwwsY-mQ',1,NULL,'tc6',5,2);
INSERT INTO TBL_USER(FULL_NAME,GENDER,IMAGE_URL,PASSWORD,PHONE_NUMBER,USERNAME,ROLE_ID,PROVIDER_ID) VALUES ('Pharrell Rossi',1,'https://lh3.googleusercontent.com/proxy/P3RQ3Us7ZR_xLSR7-AtwrO-wJ8MOfaEzZdMmGV6Gvto5wCpVwsiDO-Yhz7ELdO_CuAGQ4DfRuCBr2MKNthKCi6etSlVTq8bxA2gLU2IwwsY-mQ',1,NULL,'tc7',5,2);
INSERT INTO TBL_USER(FULL_NAME,GENDER,IMAGE_URL,PASSWORD,PHONE_NUMBER,USERNAME,ROLE_ID,PROVIDER_ID) VALUES ('Romeo Hyde',0,'https://lh3.googleusercontent.com/proxy/P3RQ3Us7ZR_xLSR7-AtwrO-wJ8MOfaEzZdMmGV6Gvto5wCpVwsiDO-Yhz7ELdO_CuAGQ4DfRuCBr2MKNthKCi6etSlVTq8bxA2gLU2IwwsY-mQ',1,NULL,'tc8',5,2);
INSERT INTO TBL_USER(FULL_NAME,GENDER,IMAGE_URL,PASSWORD,PHONE_NUMBER,USERNAME,ROLE_ID,PROVIDER_ID) VALUES ('Nguyen Van G',0,'https://lh3.googleusercontent.com/proxy/P3RQ3Us7ZR_xLSR7-AtwrO-wJ8MOfaEzZdMmGV6Gvto5wCpVwsiDO-Yhz7ELdO_CuAGQ4DfRuCBr2MKNthKCi6etSlVTq8bxA2gLU2IwwsY-mQ',1,NULL,'tc9',5,2);
INSERT INTO TBL_USER(FULL_NAME,GENDER,IMAGE_URL,PASSWORD,PHONE_NUMBER,USERNAME,ROLE_ID,PROVIDER_ID) VALUES ('Jaeden Rayner',0,'https://lh3.googleusercontent.com/proxy/P3RQ3Us7ZR_xLSR7-AtwrO-wJ8MOfaEzZdMmGV6Gvto5wCpVwsiDO-Yhz7ELdO_CuAGQ4DfRuCBr2MKNthKCi6etSlVTq8bxA2gLU2IwwsY-mQ',1,0123456789,'us1',2,NULL);
INSERT INTO TBL_USER(FULL_NAME,GENDER,IMAGE_URL,PASSWORD,PHONE_NUMBER,USERNAME,ROLE_ID,PROVIDER_ID) VALUES ('Hùng Ngô',1,'https://lh3.googleusercontent.com/proxy/P3RQ3Us7ZR_xLSR7-AtwrO-wJ8MOfaEzZdMmGV6Gvto5wCpVwsiDO-Yhz7ELdO_CuAGQ4DfRuCBr2MKNthKCi6etSlVTq8bxA2gLU2IwwsY-mQ',1,0896676593,'us2',2,NULL);
INSERT INTO TBL_USER(FULL_NAME,GENDER,IMAGE_URL,PASSWORD,PHONE_NUMBER,USERNAME,ROLE_ID,PROVIDER_ID) VALUES ('Thành Nguyễn',1,'https://lh3.googleusercontent.com/proxy/P3RQ3Us7ZR_xLSR7-AtwrO-wJ8MOfaEzZdMmGV6Gvto5wCpVwsiDO-Yhz7ELdO_CuAGQ4DfRuCBr2MKNthKCi6etSlVTq8bxA2gLU2IwwsY-mQ',1,0769750001,'us3',2,NULL);
INSERT INTO TBL_USER(FULL_NAME,GENDER,IMAGE_URL,PASSWORD,PHONE_NUMBER,USERNAME,ROLE_ID,PROVIDER_ID) VALUES ('Ananya Flowers',0,'https://lh3.googleusercontent.com/proxy/P3RQ3Us7ZR_xLSR7-AtwrO-wJ8MOfaEzZdMmGV6Gvto5wCpVwsiDO-Yhz7ELdO_CuAGQ4DfRuCBr2MKNthKCi6etSlVTq8bxA2gLU2IwwsY-mQ',1,0938072650,'us4',2,NULL);
INSERT INTO TBL_USER(FULL_NAME,GENDER,IMAGE_URL,PASSWORD,PHONE_NUMBER,USERNAME,ROLE_ID,PROVIDER_ID) VALUES ('Belle Barrow',0,'https://lh3.googleusercontent.com/proxy/P3RQ3Us7ZR_xLSR7-AtwrO-wJ8MOfaEzZdMmGV6Gvto5wCpVwsiDO-Yhz7ELdO_CuAGQ4DfRuCBr2MKNthKCi6etSlVTq8bxA2gLU2IwwsY-mQ',1,0392679544,'us5',2,NULL);
INSERT INTO TBL_USER(FULL_NAME,GENDER,IMAGE_URL,PASSWORD,PHONE_NUMBER,USERNAME,ROLE_ID,PROVIDER_ID) VALUES ('Emilie Thomson',0,'https://lh3.googleusercontent.com/proxy/P3RQ3Us7ZR_xLSR7-AtwrO-wJ8MOfaEzZdMmGV6Gvto5wCpVwsiDO-Yhz7ELdO_CuAGQ4DfRuCBr2MKNthKCi6etSlVTq8bxA2gLU2IwwsY-mQ',1,0238269159,'us6',2,NULL);
INSERT INTO TBL_USER(FULL_NAME,GENDER,IMAGE_URL,PASSWORD,PHONE_NUMBER,USERNAME,ROLE_ID,PROVIDER_ID) VALUES ('Shanon Kemp',1,'https://lh3.googleusercontent.com/proxy/P3RQ3Us7ZR_xLSR7-AtwrO-wJ8MOfaEzZdMmGV6Gvto5wCpVwsiDO-Yhz7ELdO_CuAGQ4DfRuCBr2MKNthKCi6etSlVTq8bxA2gLU2IwwsY-mQ',1,0971976036,'us7',2,NULL);
INSERT INTO TBL_USER(FULL_NAME,GENDER,IMAGE_URL,PASSWORD,PHONE_NUMBER,USERNAME,ROLE_ID,PROVIDER_ID) VALUES ('Willie Ferrell',1,'https://lh3.googleusercontent.com/proxy/P3RQ3Us7ZR_xLSR7-AtwrO-wJ8MOfaEzZdMmGV6Gvto5wCpVwsiDO-Yhz7ELdO_CuAGQ4DfRuCBr2MKNthKCi6etSlVTq8bxA2gLU2IwwsY-mQ',1,0143920053,'us8',2,NULL);
INSERT INTO TBL_USER(FULL_NAME,GENDER,IMAGE_URL,PASSWORD,PHONE_NUMBER,USERNAME,ROLE_ID,PROVIDER_ID) VALUES ('Michaela Marsden',0,'https://lh3.googleusercontent.com/proxy/P3RQ3Us7ZR_xLSR7-AtwrO-wJ8MOfaEzZdMmGV6Gvto5wCpVwsiDO-Yhz7ELdO_CuAGQ4DfRuCBr2MKNthKCi6etSlVTq8bxA2gLU2IwwsY-mQ',1,0044132656,'us9',2,NULL);
INSERT INTO TBL_USER(FULL_NAME,GENDER,IMAGE_URL,PASSWORD,PHONE_NUMBER,USERNAME,ROLE_ID,PROVIDER_ID) VALUES ('Roan Raymond',0,'https://lh3.googleusercontent.com/proxy/P3RQ3Us7ZR_xLSR7-AtwrO-wJ8MOfaEzZdMmGV6Gvto5wCpVwsiDO-Yhz7ELdO_CuAGQ4DfRuCBr2MKNthKCi6etSlVTq8bxA2gLU2IwwsY-mQ',1,0161809656,'us10',2,NULL);


INSERT INTO TBL_VEHICLE_PART(ID,CREATED_AT,UPDATED_AT,DESCRIPTION,IMAGE_URLS,MONTHS_PER_MAINTENANCE,NAME,PRICE,MAINTENANCE_DURATION,CATEGORY_ID,PROVIDER_ID) VALUES (1,'2020-12-15 10:53:04','2020-12-15 10:53:04','Quantity Unit: Axle Set
Fitting Position: Rear Axle
Wear Warning Contact: with acoustic wear warning
Thickness [mm]: 16,5
Brake System: Bosch
Condition: New','https://storage.googleapis.com/vrms-290212.appspot.com/31c9361a-06be-4888-af29-39381c53e92dthumb.jpg?GoogleAccessId=firebase-adminsdk-y2tzh@vrms-290212.iam.gserviceaccount.com&Expires=2472004383&Signature=ba0w%2FvP6wc3AB8cIyeoKYArUiyK4dG2%2BjA0drmvHNWeolcUBaZdxhkw2C3DJNCbQoZlCHbraRtoHJYWzM7KHGGFq%2FP6RE%2BXMCP3q%2BkZMjvn9TBccQi00yvd2hxBdLGzrq5AhjeFxEBqJ2j2x9hEEbaOlxXXp25I3035QqL7WE0dd0Y1Lggy0fK0ov%2BVS6fkwsfsicYz58dj4IfKxfxA2B5piRYXzmIbpEfiafppqA6ogrVRAS60dfi%2F7W%2FrI00o05IgM8S6pb9cCFrXLb62vGJhJM%2FSaeRafhVhyWwNErktUChcWF4O%2BLx7AkdVWboaBJxiHkRsylW8LOuA%2FHDEgwQ%3D%3D||',0,'Bộ phanh đĩa, phanh đĩa JP',427000,0,122,1);
INSERT INTO TBL_VEHICLE_PART(ID,CREATED_AT,UPDATED_AT,DESCRIPTION,IMAGE_URLS,MONTHS_PER_MAINTENANCE,NAME,PRICE,MAINTENANCE_DURATION,CATEGORY_ID,PROVIDER_ID) VALUES (2,'2020-12-15 10:54:31','2020-12-15 10:54:31','Number of wear indicators [per axle]: 2
Height [mm]: 42,2
Width [mm]: 108,9
Thickness [mm]: 16,5','https://storage.googleapis.com/vrms-290212.appspot.com/42191085-e0e2-4a26-aa66-6b2b247f0868thumb%20%281%29.jpg?GoogleAccessId=firebase-adminsdk-y2tzh@vrms-290212.iam.gserviceaccount.com&Expires=2472004470&Signature=IJLd9VPo0bn5WIp2AmtNJ1CuOTyU0XjQ6X9CM0QqnCKECypqWHY7TgPRNTwcgnDnGmv6SQiSpRorO0vK1lQl8u%2Fg7EO4ybOfPRIrZ6Q3ysxBrIZgLlFS6Ut2pfvuTBY9Wbs2Q64V8Y6D8i40Yzf2AgF81gm54y2SEPAOhbrOV1hIJTO7MyUbxOJRzOzyWR3HbNm0w6OEFsDIdwtf%2BwFqHcfPl2BOoMswrR9zFPc156Zfqr2sfIdZB4Jyhm%2BCQYmhZiXuzqnE%2FGOND%2FsgxpGWG1LZw6fAnB4OKr0c%2F7i8J8TqHr7XpxTBIMFf7qhSKeQDqlQaamXtHoNPUc%2FSJv8Z8A%3D%3D||',0,'Bộ phanh đĩa, phanh đĩa QUARO',500000,0,122,1);
INSERT INTO TBL_VEHICLE_PART(ID,CREATED_AT,UPDATED_AT,DESCRIPTION,IMAGE_URLS,MONTHS_PER_MAINTENANCE,NAME,PRICE,MAINTENANCE_DURATION,CATEGORY_ID,PROVIDER_ID) VALUES (3,'2020-12-15 10:56:43','2020-12-15 10:56:43','Length [mm]: 155
Width [mm]: 58,4
Thickness 1 [mm]: 17,9
Inspection Tag: ECE R90 Approved
Weight [kg]: 2,116
Condition: New','https://storage.googleapis.com/vrms-290212.appspot.com/29fed961-1c35-4933-8567-847e45b82573thumb%20%282%29.jpg?GoogleAccessId=firebase-adminsdk-y2tzh@vrms-290212.iam.gserviceaccount.com&Expires=2472004602&Signature=GBvFQEVLl9K9JEEKQlQcq7xaGcWIm9KcA5jbIM6l5IZ9%2Fuclhu69uCxt0kRo%2Bot%2F%2BMj%2Bho8266%2Bo3ja7WkqJAN0ZaQTXDasIX%2BVRBVdfDdhRkNe1e0HzjouHTsLWGhQLtXsAuUcIc%2FdkqWJAxL2WVl%2BJVgVAFKZccPeZ9dWF53pFMZPCubWGXXwqmUlEF2%2F1Qvo0pHnO6aBh1rbV0Bb58JskuSz5sbU9HOCvbvanD%2BtTFsgPF%2BC6FwCI5MSqi5%2F6aeZzD8%2B7Hm5ybMS4U52WFi%2BZNx0jrw9Q2W7ip%2FbqOpYipxKiH9CmAG24PG9TVnPr0aBxKF8vHw6adJSHNL5ugA%3D%3D||',0,'Bộ phanh đĩa, phanh đĩa BLUE PRINT',925000,0,122,1);
INSERT INTO TBL_VEHICLE_PART(ID,CREATED_AT,UPDATED_AT,DESCRIPTION,IMAGE_URLS,MONTHS_PER_MAINTENANCE,NAME,PRICE,MAINTENANCE_DURATION,CATEGORY_ID,PROVIDER_ID) VALUES (4,'2020-12-15 10:58:28','2020-12-15 10:58:28','Diameter [mm]:
302
Brake Disc Type:
Solid
Centering Diameter [mm]:
64,1
Hole Arrangement / Number:
05/10
Bolt Hole Circle Ø [mm]:
114,3
Brake Disc Thickness [mm]:
10,0','https://storage.googleapis.com/vrms-290212.appspot.com/b993e482-b7d7-4cc6-b5e3-160a61243c1fpreview.jpg?GoogleAccessId=firebase-adminsdk-y2tzh@vrms-290212.iam.gserviceaccount.com&Expires=2472004708&Signature=JROFokSik32lYHppJedh5R5SzcLMEVq5egeErrWRLDqgAKOUpyeqvs1uUWgpYQf8%2B%2BhuGAm%2Fh3E1iKKSdmOSP%2FMwz9ro%2FVco%2B36FKj6RCyqduDDGznFyKSMr9rj6JTNOMUd3OYRkJl%2BJAijRztV%2Bk9p9RxucRFxfDIRJXblp59nHaccrklX%2FnoexQvgRI3lNbcEKRlG0oTwaek8ErAglg5GFgVWItTv2PvaJIhHan%2FBaYIis1btQaIZnVMwfLe08heUbTSVqmtQB30g3oJRf8s67ZsIk7UoNbycEPw5j%2BYkIsZSFlQIwm28InPuzVRKfiHw4lAI8VqFGv5uHi9K%2F6g%3D%3D||',2,'Đĩa phanh RIDEX',680000,2,132,1);

