-- noinspection SqlNoDataSourceInspectionForFile

INSERT INTO TBL_SERVICE_TYPE(id,name) VALUES (1,'Kiểm tra');
INSERT INTO TBL_SERVICE_TYPE(id,name) VALUES (2,'Vệ sinh');
INSERT INTO TBL_SERVICE_TYPE(id,name) VALUES (3,'Thay thế và lắp ráp');


INSERT INTO TBL_PART_SECTION(id,name,image_url) VALUES (14,'Hệ thống phanh','https://storage.googleapis.com/vrms-290212.appspot.com/28f47181-e236-4e16-b854-f4485a53b80a2.png?GoogleAccessId=firebase-adminsdk-y2tzh@vrms-290212.iam.gserviceaccount.com&Expires=2472629027&Signature=HK5PDZBpSzWfBEb6vJxW4wnxwMMORb2QSACaZ4RSwtrt82kSylO2E8AKBeVwFRtdlI%2BsT%2BSMWI3o7suXiozihfNC6YX0QIkED7PDMM7IQTpv92unexFlcmWEev75NF%2BFQlZCl%2BAkSLr1uVDiR5dtqU3j5Qd%2BixBj4%2B6XgN9ekoC%2B747yzkem5FrfQIrCbq0rlKVAM49D1QXur6L9TmG5eF5ToTGT2RKwegfo13i%2F0m3lnjS%2BG1T3Np%2BNyxePItInrqISDhvD6E68dpDBNULEE23oANlxSksfkr0mDzCrBRKdN0FgUMWDt6Gzgtov6y%2BbIL7yXFGwPx7FKG%2Bb8zC%2FdQ%3D%3D');
INSERT INTO TBL_PART_SECTION(id,name,image_url) VALUES (15,'Bộ lọc','https://storage.googleapis.com/vrms-290212.appspot.com/f6ceaa4e-5fd6-4a7c-bfdb-b522ec2954609.png?GoogleAccessId=firebase-adminsdk-y2tzh@vrms-290212.iam.gserviceaccount.com&Expires=2472630564&Signature=jzNSG9kwszz1iqzBkfpnuEA2l1sI912v28B%2Fxdfa5XwXXrhkcJYCsJj%2FRnc2n2dcjy%2BhCSF%2BT3%2Bh2ilkNJS85jPnEoOPelkI0qZLE9zHkgTdg7Kr3D3VYSUo2b%2BUEVgOlvRf0kPGBux3Ym2DQGFX4tp%2BF5FAX6pXYNoY59%2F3ouTJZFvusDoIAhVeA0m6WS%2BXr10oyCDDM%2BeyZPIf9CDXhQWOM9aM1xcgDVeKOH5eWekA3Ay78vqi%2BE%2BPpg9x1EFq30ENgX1tW9gX5lL9NaaIG7owwQRq6unL9niKPoXouWVpZ25RESfIwlPlIT86lZGf10%2BkevFjAdLNsk%2BkN6UXJA%3D%3D');
INSERT INTO TBL_PART_SECTION(id,name,image_url) VALUES (1,'Thân xe','https://storage.googleapis.com/vrms-290212.appspot.com/f746b409-10e0-4a83-8ad4-10af3f5ce9103.png?GoogleAccessId=firebase-adminsdk-y2tzh@vrms-290212.iam.gserviceaccount.com&Expires=2472629046&Signature=IPRg%2Fm8m5w9TI%2FTblbwEV1zKGD8cXHAnbDxgRA6DGwTJq1kK0OF6BXjMqtkoJgLDtFOZ8EKepUI0Ik%2B3G1Kyl87%2BFVtqU5aqTvYLO3VL6uIv0jAtcdkQdBohScR58%2BwEZ%2B2ubEZ7TfrNQaStCnipb8ayVRBvKOIU3uiOP0TM%2Bil82xu0Q0grNawDgXucICXH4UuYYRckl8YFJTNH9l4ggvIFvheMtbj5vGNTCPEC3GtZAZHy3WMOVyY%2BA%2F9Bxt9aMbjCIsJhBnlkvqv85NadK2s6CdGARdraMKHbuaKkCW48S4YP9%2FuyUft8xZSs0%2BCRSm5kNXCjoNRZYXTCziZopA%3D%3D');
INSERT INTO TBL_PART_SECTION(id,name,image_url) VALUES (2,'Động cơ','https://storage.googleapis.com/vrms-290212.appspot.com/f619569f-aa5f-4bc1-bd08-4c8b9ab70e451.png?GoogleAccessId=firebase-adminsdk-y2tzh@vrms-290212.iam.gserviceaccount.com&Expires=2472629060&Signature=KmWnRz6QPsO%2Frl1sQcY5L3vuxCXm3vDz4ur%2BC6v%2FVYIRL3wz9aH8yXmjt9vMglOXQwnxRy%2BI56orbICaI3gmQ3GIqiCWuGZr34JytroPQm6TdV40O%2B9uoOHT3xg3lY02vMkVH0%2B%2BUowGTDFiEVJyVsp0B6fBb3HrTBv9ZxeBoni0zHawdk%2BZobzCMVzqsHSe2QZk4W%2F6S3SbjMOZrTRB4nFi5My7WgeFcte3lZimE6m%2F5Tixs2weMJIZH6gaI3b38BeEMkak7YFdiQrJooI%2BCTqBbHDhcxx%2BHHvBjey%2FH2zqgGlKkN5wT53aTO8dnTtcVT%2F1OogXxdYOudsJ%2FB0djw%3D%3D');
INSERT INTO TBL_PART_SECTION(id,name,image_url) VALUES (3,'Hệ thống lò xo','https://storage.googleapis.com/vrms-290212.appspot.com/b9dd57ac-88f7-4a35-a7a0-cb6a27bab1f774.png?GoogleAccessId=firebase-adminsdk-y2tzh@vrms-290212.iam.gserviceaccount.com&Expires=2472629119&Signature=kxAiGbyTMaU1291lYs1GrGyIfcp7nJLfFdfnJMzSegdvH%2Fs8Bee8A6XHSyzQg3GZxqpNgzVx%2B5jQ7aCpEYDx9oD9pym61MLgxlVnA6sIvXCUowp7wAGMYZkv0ZsAmhknltHVLB2uDmsJFonMn3bxxyIFUrquZ7WKkF3jldeIeJjTlY%2FLfI2xYHe3nX1Osj38yUuhLAeYUrQlRI0uTPDSqgpGJiBCYN6g0%2B9UYTwOzn60Pb32M9uLFbpZz%2BdZbvq9p2uGfTgwXqnj3FyXQE5o9K15bp3Xj1eFzpvNfNfCaCO6qlRaeblIcugb5bN9Q8cT32Lqvg8E6t1HoCi9jIRUSg%3D%3D');
INSERT INTO TBL_PART_SECTION(id,name,image_url) VALUES (5,'Truyền động','https://storage.googleapis.com/vrms-290212.appspot.com/51cbca9d-748f-400c-ba22-3124bef6ea8977.png?GoogleAccessId=firebase-adminsdk-y2tzh@vrms-290212.iam.gserviceaccount.com&Expires=2472629095&Signature=FEXlMkRhJJQHbewqXaVdVUUEiIwJjYaRgbmOtNz%2F2Dm6cAbNQRTJ02s%2FUqkcCiw3sONqI2SPZW9UrgiUUgP%2B2YPN4B%2FkXoshHAtprWoxciQcIQF8njLTs0Y9JOiswEs1frW45Z8T3629dD60%2FUbobl33G%2FHneCtiLGY1%2FgKi%2Fq4kObs%2BmZQOlKAIzhcamVBmy1fJWodAhA2%2FLa5mb1wb9QJtIP1uPJ7c%2F9YZBhiFr%2FUFuqke2Zcl39yvho8Hjyww9cR4evoIPYkHvcN4WjZz4BMFV2FIEAt1Edy%2BFF6IEhoULduIbH36xijJzQ2KepJYcd80R2p6gFz1snfwEYPBgw%3D%3D');
INSERT INTO TBL_PART_SECTION(id,name,image_url) VALUES (6,'Hệ thống rửa kính','https://storage.googleapis.com/vrms-290212.appspot.com/51e01854-0fb3-4c65-b1b9-48fa4818cbe88.png?GoogleAccessId=firebase-adminsdk-y2tzh@vrms-290212.iam.gserviceaccount.com&Expires=2472629141&Signature=YLOz1JspWvjO1ZYwaG5rSb5rLQV36aT6%2BvLe%2BYpDwcbqN5Q09eiloVkD%2FZ0RKLfYXXqGoy%2FTSzXbJXuPg0CNCC%2F2J7U3qT0MU%2BfXboc5yfJlyGgEoC2DEyGzMdWXx8bydjV5dFgK5ME46XpyKDYmQyysxdg7rnpcC7h%2BD8HlKHwEE7q2gUXJPWjP%2B0yNZbHi2sV5VUn2VztYlaDn1yH22WESATeaYZwhy4IJAaZ3WEiKeLTIeQ3WarIlyn62wyG7QNTEAChoOc5X6Dy8bCPO4j7NLW1LPr5ETQsSN%2FUodluPKL6uOMSEAGbYJVCz50M7j1XsiS5iPiInOGf%2F8L7ugA%3D%3D');
INSERT INTO TBL_PART_SECTION(id,name,image_url) VALUES (7,'Hệ thống đánh lửa','https://storage.googleapis.com/vrms-290212.appspot.com/f1e49e2c-0908-4bfd-aab7-f843079339e07.png?GoogleAccessId=firebase-adminsdk-y2tzh@vrms-290212.iam.gserviceaccount.com&Expires=2472629158&Signature=QxNcv%2BrD8Gb0U62syJY5HiV8k%2F2wv4pW3fnpN%2FMYBGE6pa4QwsZwnAKeFl%2BSObU%2FJDbgbOTvLtLoJO5dwEgh9EShhjZRhsiRPNxCeM7wr5TlSMAWvaIalsxnBVU2%2BJTw%2Bg%2Fy41KmlF9wraIR1LU1oZQxwNYR48vOvf4IJ2897FvDqoaPV%2BlPToY8NUPaTA1oDcTCrr%2FVsNuZxXzS4Y06Vh0L3GdX59OjW24DhnX6HOu4inZzbdZ693n2DG6zs5zx9SgfDXi0j0B4s%2F%2Fdsd%2FY0lsVcu%2FLpqV8VjMCc35cuX7Z4B2L7IWjlPWYOUvycZLhYlVlww3X%2FAZgi0d8oz3Bhw%3D%3D');
INSERT INTO TBL_PART_SECTION(id,name,image_url) VALUES (8,'Hệ Thống làm lạnh','https://storage.googleapis.com/vrms-290212.appspot.com/0f0f261b-72ff-4a51-9f67-364e56c47684401.png?GoogleAccessId=firebase-adminsdk-y2tzh@vrms-290212.iam.gserviceaccount.com&Expires=2472629178&Signature=hg11n%2FhJqXnf5rlvzJI%2BHjwrz9CIBNfGR6kS8UOYzoCWW6C%2BAF03c1qvo2v%2FVdC6gDAeGNU649yxXJZGcmd7Ql%2F0xbup6AM0zL4oC2y2k3qDeJZkTjtVr5gRKbSUIJv1Kpovya0A6fsqRkpt3mvLkL6kImWdOmjFqZNrUvfCmiCLlopC2L5Frz0eSKfs2brglKTd4ZJuv5vGClQeAvhB5m%2BWGfsymwmmOmK2PLUWtMAvt3tjrbTmRKHGLlGUBCCk8Qft%2FICfsG0nSn9govaIu%2FcuAfZi3IGIJKerRODQ%2BbM27mMETuNEEFeqd%2FH92jYyoKsYXWY%2FkzMgPzVBfJa0NQ%3D%3D');
INSERT INTO TBL_PART_SECTION(id,name,image_url) VALUES (9,'Hệ thống ống xả','https://storage.googleapis.com/vrms-290212.appspot.com/a8973e77-6a89-49c6-a644-ab1f2499ce494.png?GoogleAccessId=firebase-adminsdk-y2tzh@vrms-290212.iam.gserviceaccount.com&Expires=2472629198&Signature=gEBwjtzRnMacH5W0PgIWYtXHFo1dPaLEeIsgLjavKRFB7u3P1%2FF%2Ba1azqgJDcpXpsvN91shKbH2GjciINrF%2FFNZtfuhs36rZsOVEDzK0UfbuAUjVN4pk759wAFgyDpLRyy4fRdYxqC%2BBBXCfDjODQa3bDxPIiB5lvRJF6hK9CSp8hahXbeFZofBQpNXZAlcOkOI2aUnFKDM36etezRUdGMTeg5IzlJKxH0ErIs48HN8c93YA%2FMTjLprNTuDqYiRSYep5gLxvgCjtd2lAau5Lf3PqwKCd3jSdhtKuZX%2FY6OlJhbd%2BlZA%2FBwsLk%2BnKpJKzueQkB0HdW5Kv5yt3AioywQ%3D%3D');
INSERT INTO TBL_PART_SECTION(id,name,image_url) VALUES (10,'Thiết bị lái','https://storage.googleapis.com/vrms-290212.appspot.com/4ddcc4f9-2e4d-4e3c-adc4-72aec05af92c11.png?GoogleAccessId=firebase-adminsdk-y2tzh@vrms-290212.iam.gserviceaccount.com&Expires=2472629216&Signature=ALnbeY0z3tag2eD2%2BsqMRBa7mNGGVMnODtaR4uPeg4Jbyp9j52IMao%2FF%2F4yWruNZCQq95OBFWv47cJPSCQJa1x2nsEnmFOBcwqgR5IUkdD32wsH55Sk9ABMxfRrdq3VOmFzQGm64oJsB4mcdvPMR5R351%2BGJQQPCFzQ9ptv7MhythmEfpm5uDGY4%2BhWGSVk8J%2Bs%2F3D5qxGcqZGrgu%2FHFe5oKjHU9cZD8w67PjKGARv9r6FMyfQ9olp%2BYVNeK3S6NOECVMpWAMt93pUpDizgVuBwqFi6yIDPkYRfkz8B3Fgw3UDfzVCuROwYMM1GCOvuNhvXSMpN6BKdn6mjBLwCh4g%3D%3D');
INSERT INTO TBL_PART_SECTION(id,name,image_url) VALUES (11,'Bánh xe','https://storage.googleapis.com/vrms-290212.appspot.com/0b208fd5-143a-4809-a60d-17ba980e94b14019238791648_0355085-removebg-preview.png?GoogleAccessId=firebase-adminsdk-y2tzh@vrms-290212.iam.gserviceaccount.com&Expires=2472629332&Signature=krO4%2BdsfSfe0sTQqVzauBrHCF6iLfm38aRFU3vLlb8SA%2BsnTU1QXEAN7JGH9g%2FHo2bES83ijXKbL8ic2u6gBBYDSSSU1ZTcSu0UBYWA6L8DMEP4XntCyoB5wZHRNfhTmdRPPJgfILCrIbYxpgLQ9kmK4%2F6vmZB3UXzpmIsZuof3fOHqAP5oLfbh78Mkdmlw45r4wU18O0SAgTz%2FobLmzR6%2BjX%2FO%2BYVwBVWbNFLbzQoklCQPnzAScgIWf79vc7k1swVx0aXHn6GH%2FPXB6%2FGqQuul61JonGjSQNcN%2FCVUahEjK7NAJ6yKmFkkQl2bhkWBVTl4GedNcKvvYVFXFLF0yDQ%3D%3D');
INSERT INTO TBL_PART_SECTION(id,name,image_url) VALUES (12,'Nội thất','https://storage.googleapis.com/vrms-290212.appspot.com/6f893e04-a4cb-4b66-9dfb-9b371a962ab510-noi-that-oto_thanhnien-8_moih.jpg?GoogleAccessId=firebase-adminsdk-y2tzh@vrms-290212.iam.gserviceaccount.com&Expires=2472629379&Signature=I8V58Rc2%2BiHNPrCjk55Y1J1rCoKof1tR5CLqYeL2GD%2BIQaUM4CZC%2FjKohHsM7zC0PGpqc0X9v8Ce77YbYtu84ccEE6K3Pida5kJi1D6mWh%2FL%2FUmP95z5qC0RdzSXIbcO1ejmvKTI8trpv9LmAOa7vagtW87EPl1D0tctCISjZ0Yu16FkyhtYke%2FI3vi%2FL98YZkcpTCNnX1OFfh%2Fj79vd8FhmhvzyjhlEPXsCjbRrtZ49jatD9G5Ekoe%2B6tc1TyHJiJ%2FW1jarIX7okO8xGQ3dfdltr9BeMXDR3qv9zSLONWXJwlzPBPifpkeU%2F8rEDLxA2%2B%2FHElJRqUjvfOOnkkZkqg%3D%3D');
INSERT INTO TBL_PART_SECTION(id,name,image_url) VALUES (13,'Thiết bị khác',NULL);
INSERT INTO TBL_PART_SECTION(id,name,image_url) VALUES (17,'Dầu xe hơi và nước làm mát','https://storage.googleapis.com/vrms-290212.appspot.com/870b9557-6240-43f0-9372-8eb6b8ffd473camera-hanh-trinh-m06-removebg-preview.png?GoogleAccessId=firebase-adminsdk-y2tzh@vrms-290212.iam.gserviceaccount.com&Expires=2472629493&Signature=Khb0eIzIxNIwAM86rDC9KEcZ4VSaddv%2FJCwozo3L6hAzTSTDw3TT7N4gc%2Frdm3GxBzpFQ9ZYUkRP2ZlUf8tHXTbzurBayuUGkJ1TmqPJhKIGoKT54HJqUA5hhuQxghjCDuXkWY9zy7Hy7ANPCDAW6GzGjzczD0RSaFPKc%2FxlZAfinpKGeNKBUmmFwK1GVyIR%2BSsrs2I0j79wADnu9MmfZU8Utoo4C4LPsahyMq2sy%2BoZgodiczt3pgNpwbBjqAkGlPc4Qvm4gFahKM7tBVeIRNzl3i%2Bc5QySvWSH%2BpQIPMwZUz7UvyVBV3nLL0fUQByVBCRLAGRgbTcplNgDjUBJFw%3D%3D');
INSERT INTO TBL_PART_SECTION(id,name,image_url) VALUES (18,'Cửa, kính chắn gió, cần gạt nước','https://storage.googleapis.com/vrms-290212.appspot.com/5deccf3f-a8dd-4753-805b-c2dd5f17317c126.png?GoogleAccessId=firebase-adminsdk-y2tzh@vrms-290212.iam.gserviceaccount.com&Expires=2472629513&Signature=RRcewYNipP3D6wQy9XINW%2FVXHfvNbCPr%2BvlNUcHSFVrXsXXH%2FW%2F9daZeq1Jt5vPSE%2BXhsXeP9bwRCLBVdpmPfexgxtLR0TC3KHZALfdlLwVtCViGiC9VYzFL6KGQ88r1S2KOrnZDXqb1ptx%2B0eKHGaRIyzNL6jCd8osFxDApeYBI06WUKqQfmVL%2F0E%2BQ2FP3t4VFpmY4s%2B9vZEsG1kVXwp2GRKZ8s9QsIhuDQn6Hb4QSI0jfIwMobHf0%2FCinGOJVpAPlQ%2BaYAqdgR3xynVjBoyjKSkS8wwSKi%2BY34gA1IIECSaQmwcl1USrTVOsC1VCarwk48%2B2z66Y0hZRV8Ik5SA%3D%3D');
INSERT INTO TBL_PART_SECTION(id,name,image_url) VALUES (19,'Ắc quy, hệ thống phanh','https://storage.googleapis.com/vrms-290212.appspot.com/70140595-f566-44eb-b19c-4074b8894be02.png?GoogleAccessId=firebase-adminsdk-y2tzh@vrms-290212.iam.gserviceaccount.com&Expires=2472629535&Signature=mJCl%2FfympwRZZfj4iThRL70R6XcAIcpei3BZsgBvrhb8T1G7g8YvkmPAQrpRU%2FMOEub2SbLb16E9MVnO4zPbdhhDXCPrXeUzQ1u1xvdLuBEdCuiqomVY5XQSlrqqaohwdiDsyu1iSB2dEvcsWqhjjkZpkbvqAU7bHJ2yq%2BOpQ3v0huAIBOreOEikzXPgoI8GQ3SBJtWMlOjDhWVhM%2FTL%2BQPN5lTvDnoAByLxpGltRDY3tilJBZcBrMEN%2BDRVreChGNvFE2zvtm9rdLYCzgkWEDpybSA6me8V0F6MNJey3qa3OMCzxAYOsnxg6nq2HvhDKgJvAvTkawCuAynKBQ7cFQ%3D%3D');
INSERT INTO TBL_PART_SECTION(id,name,image_url) VALUES (20,'Hệ thống đèn','https://storage.googleapis.com/vrms-290212.appspot.com/e46737bc-e860-4464-9171-90c5cb51747127.png?GoogleAccessId=firebase-adminsdk-y2tzh@vrms-290212.iam.gserviceaccount.com&Expires=2472630613&Signature=iMqmQ8HKJE%2FNajlbt%2BBkzXvY1R%2BIOTOFIxqWuSs4BwgUSxI9nvo7l5wUbBYC53Od9ky9aQ3MMDive4O7edHrsEI4TdlmCETDWtc7394OKhAwqEKhE%2FA9%2B9YEGsKwAPSyNRYCuT9Euf%2FIwDDwEgzcfZaJLbS48PbcK%2FMWHNK603ajpriZ9ovz3fF7MaBfiuX0CIS7PaO4%2FT68vM6AebrisOyF1rtq3tOJzXWwhTGxQzRD1P6PykUIIOncZmV1mkWhsUgGFE1gzNGe6Q1nGH4b5RidFe53MLiE21kb8SMuO7XXwdBywLjKYduKppaoMVNx5dCJlnYY0qQ1K6%2FGGa07mw%3D%3D');
INSERT INTO TBL_PART_SECTION(id,name,image_url) VALUES (21,'Nội thất','https://storage.googleapis.com/vrms-290212.appspot.com/e3eb6154-ae0f-47c4-96b7-f578a374bdd610-noi-that-oto_thanhnien-8_moih.jpg?GoogleAccessId=firebase-adminsdk-y2tzh@vrms-290212.iam.gserviceaccount.com&Expires=2472629560&Signature=YS88RRSfsOYiwo6wBtoyUSb24DQRo%2BwVgQLsR1UgLEUjXXlmL%2FcFCkFi2Aeydrj0gUI5l15yhOin4vJXHyuXPK2Gk5Z%2FJYwT3QUu1YEsJ8yD1aw7hkd0pKDlxX5fGQhLybCr44o65mImtXhsCzJfL0w%2Be1C0Wo5jLRN%2Bt2eLlt0wyZoJog3l9MUsL%2BkCyDZxHefsQeL9cIV%2BB%2BwXPjY47aT19J2pVIDA%2BT9I5k22AnhZs7DoyBvxe8u7lRpl8bOpnLE9WZzYD5uYx2jQgy4srzK1aWjWaSkFKaGHm7bblXlP0C8Wg79ffmm2YWBnMZG9e5crtMNL0br9QYBvCck1%2FQ%3D%3D');
INSERT INTO TBL_PART_SECTION(id,name,image_url) VALUES (22,'Ngoại thất','https://storage.googleapis.com/vrms-290212.appspot.com/bbc63823-d050-45f0-b128-1901c69b29e2honda_civic_the_he_moi.jpg?GoogleAccessId=firebase-adminsdk-y2tzh@vrms-290212.iam.gserviceaccount.com&Expires=2472629578&Signature=fqfpJQOghTpehzS7vkknYS%2BjAM%2Bg97jZVzFFYrCRyJc%2Biq4pBTJeJVelBPSRSEbKkKB14XReO9RC72uzOCSJAtg4%2FSAK%2BOrbqqhRTZ%2BJ1v4LoJ7VmM45rpwFI3VCH5E1u0TtVI5W0pm9VmLR7uc18cjXis77FpOg7VFpEAoGnw8hWk9OZP8W2Actloz9C%2FH4uhQOpz7AGWxo5oqWe9P2k%2FKcUM1rD44IpDdGaiWEEyerrRN%2BVGOA5Fnf59KgdP9L8FGZY3QPKe816wc9G3k4DR7QlumLDRR5vyo8gfOkTLU36Ig2TX%2BubrJfV35z0dmicCXv1chJIAvHdl%2BkD%2BWOXQ%3D%3D');


INSERT INTO TBL_PART_CATEGORY(name,section_id,image_url,IS_SEPARABLE,IS_ACCESSORY) VALUES ('Kính chiếu hậu',1,'https://storage.googleapis.com/vrms-290212.appspot.com/98c7deaf-eccd-4a93-861e-e9143ef053d229.png?GoogleAccessId=firebase-adminsdk-y2tzh@vrms-290212.iam.gserviceaccount.com&Expires=2472625347&Signature=d9e4IJ%2BhKTd%2FG5sLARlAF%2F0WnJ32YND7mq5KwZpYAVGWT%2BEXJn2th3ynn12hLw1fdVmtpAXgCgo%2FxBnTh2u5N7tTDQ4A%2B9woULI7IgmjWzPpW7L4K88IS%2F2YS7nvcTzzCqs%2FyXgnLu7oh9%2FdQJ5ex82B4%2By9WoPWbONUVAL643xJW3xjEyIgMB5b%2FzFM4O6XntXDW5EltsADQ%2F8f%2BrCKm0hlrRVwsZm5O0fZ3KudVkLGq0buaX2xhTggtHB%2Fl0AuxtnL9vO3kywN0C3ZaW1pSpjTHAl5UOcaAQWtsITgPIraA5L3JWa4JGEDTKYGf8I90WxwDMuMO%2FuRTi6xHp8Pdw%3D%3D',0,1);
INSERT INTO TBL_PART_CATEGORY(name,section_id,image_url,IS_SEPARABLE,IS_ACCESSORY) VALUES ('Đèn hậu',1,'https://storage.googleapis.com/vrms-290212.appspot.com/314eb641-90c4-4242-bdaa-27faa1e67286108.png?GoogleAccessId=firebase-adminsdk-y2tzh@vrms-290212.iam.gserviceaccount.com&Expires=2472625456&Signature=frVI57gRFGNfWG2YnPxYAYBPyJWfAMHUpw39ZftHkpeBEKo6iKTzH3ON0CLD4qA5cEplhHKMh3wcL%2BT%2BplsRd7wPdl9ujEmhVr7%2FyQSLC%2BKmKo2qIPXE1nL2jk2ihNMyBl2kNDvM7g%2BY4EbeVvoTT%2F%2B64kFTCv%2Fyd2D%2B5rxQLUDuBpyX1JeNsBS51ywA9mUTdm6rdSP7zE9xy3FFf8vHbfwXpwVKD6KfDi2ZPsvMK7xBZ4zLywx6BFvT0NG0XDLeFlmVxMtUjaUoaoKSWF%2BhHwMDlH2gDNfUZ4RMP6S3R567Yubprpq4vXsmMY0Ge1xE7giFLpVpK3C7DKhYxI%2FwwA%3D%3D',0,1);
INSERT INTO TBL_PART_CATEGORY(name,section_id,image_url,IS_SEPARABLE,IS_ACCESSORY) VALUES ('Đèn đầu',1,'https://storage.googleapis.com/vrms-290212.appspot.com/169ef768-9e7b-4d10-bf46-342c27c8140127.png?GoogleAccessId=firebase-adminsdk-y2tzh@vrms-290212.iam.gserviceaccount.com&Expires=2472625479&Signature=CAYzfaWb%2FQsdLBJ37tqrYSAXrR3A%2FOjCsJdYa%2F7hIjOHz24Tp6zyuEO5%2FubvPLmRohaZNAT6D8fgT%2BQPyzqAHy8sJRwagFoIdJLBYPlbPkGZ%2BYBlbXbU7HB2McdjKgxPXwzoV1fjtg3DFqZ0HcSGaOA9eCnZ%2ByEEpkfCdWZF3nSvlW9TJaoGtk0DBbMHFyCqK844iU4qR0OHdVthi8eP0aeKbAMC0ZWUBpa4amqQc%2FMxCbQrNy1Cm%2FAf8wLtPU02wN6gAE6GGlwLk%2Fj6Iems6OTn5k7F23O6IBde3%2BDsQrGXlc39Yz%2F%2BL6ynJPZz295Qr9gf4CeY8VgZVHy2Al9fCA%3D%3D',0,1);
INSERT INTO TBL_PART_CATEGORY(name,section_id,image_url,IS_SEPARABLE,IS_ACCESSORY) VALUES ('Xi nhan',1,'https://storage.googleapis.com/vrms-290212.appspot.com/6772e3cf-2f80-469b-9265-d6688f3a797d106.png?GoogleAccessId=firebase-adminsdk-y2tzh@vrms-290212.iam.gserviceaccount.com&Expires=2472625504&Signature=eDnVMoFKtZm1dimqksIS5swhCsyS9wUScPvNMlq9i0WZYKZrepSJCfEPlZ9fYxwc%2BCWP5ZHlKOxcwNFVKzM%2FtbnqnC7Yz%2B6NsN0ia7yN8sIsrNvph1aFCaiWWg8I0w%2F8YBa4nmCffSjOvogziIwgETVzv0y2kdvhDxegNoREMXexAbFem30efnLOj1brd0D%2F8MvmQ7SzetrdxeiE%2BlIVSfOdKBlYTOZb6%2F6H171SzdEQzvJDjYfk70jGmHuLRlv5SVWb3Z5rQYezh7sENomrcQF86mPRzQriEsZsNNwXA5PmDlqh2LCE4wVlLCiAmRVmdRc28XD4D7J2g0NpbEZBMQ%3D%3D',0,1);
INSERT INTO TBL_PART_CATEGORY(name,section_id,image_url,IS_SEPARABLE,IS_ACCESSORY) VALUES ('Đèn biển số',1,'https://storage.googleapis.com/vrms-290212.appspot.com/ffc89774-8cbf-4338-9b93-4670e2f2762b296.png?GoogleAccessId=firebase-adminsdk-y2tzh@vrms-290212.iam.gserviceaccount.com&Expires=2472625536&Signature=UA%2Bl%2B9RwfEF8y97ru2tDBzxpnytZuI%2B5b0gbXlIeOuR3oZ3ltkXj9t31rm1Rkk8GcoXEmVo5cXBWkxE63MohFOB9U6icT4b7C0ju7HqcdAbIxopC2SlM2di826AKmsg%2Bqj5AnqsL1mENfGzJNrf0EZldCBR7h7MNiOKxRsSwsXMul4FP5NnUvZOQ0wB8uVnTN0myQGrNa2F7lqOm5AJVZN%2FNPzzuLyhHZeULUZcQVfsgmBJUApIuqsm022nyui%2FNDq%2FH6sPO5Q9UC2ysoBSWLb5snIUQmivO3EHnObXKLpdPAGJgMc7vA5k4VyMGkMo8SSbEDdEWfhJpKA0slLSMBw%3D%3D',0,1);
INSERT INTO TBL_PART_CATEGORY(name,section_id,image_url,IS_SEPARABLE,IS_ACCESSORY) VALUES ('Đèn sương mù',1,'https://storage.googleapis.com/vrms-290212.appspot.com/34d68b22-3299-440e-abf4-14491624fdc2111.png?GoogleAccessId=firebase-adminsdk-y2tzh@vrms-290212.iam.gserviceaccount.com&Expires=2472625584&Signature=jAhd59UKNsHeql0eiEUKMuelsVvydPUShKK3cffdrwIi%2BV7CVF3IebmXBj7jKtV2N7%2BoSUFEwbt06OhBRFvI6BHxGkfvIZUuZ7f3VHiaAWde%2BJ1gjNmefdLZHqmuJdZU%2FTZw8ZwTEOHPTJPXE5BAsjLUqVS7nQwCBRFMGuul8iZGtcxrEaExXUN7%2Fz4g8Z0oMadHqOAqwOjaaTWstcB8XVyMFIGNDtvwyPnFEq12%2FeZZz1UA0v7uYVILrdbZODdMk658niurm1St1iXZsmZ7p6mzWUUnJSUpgRIeltT%2FNhBypsdxmsoiy%2FG%2B%2FbecKpizHg6PawFfAfCD5ayx2ulavg%3D%3D',0,1);
INSERT INTO TBL_PART_CATEGORY(name,section_id,image_url,IS_SEPARABLE,IS_ACCESSORY) VALUES ('Gương kính chiếu hậu',1,'https://storage.googleapis.com/vrms-290212.appspot.com/605bad3c-edcb-4941-b162-08ee4acc39c1312.png?GoogleAccessId=firebase-adminsdk-y2tzh@vrms-290212.iam.gserviceaccount.com&Expires=2472625605&Signature=c%2BVdlorXcc%2FQ4%2BihmzE8bMEjwERiedZCDtUNduy9%2FKMkSUZQIuZJhD6pq%2Fddxdm%2BdDmu%2B9jdMm2%2BVNCCP4cpcg%2F48HNAMOjuLflvcAqszeOEGy8Sbfx03JDPQgkc5YTvOpdm3jGbrLcXz8sBVv5QALGhWjgmAwMn6XHoDd5ILg%2FpSOFi6xgDAz%2ByyakYkuc0t1TxLgNKsvPigCK0I9546HUvyh0SFe2ILOjmihD5Ik0N7c2z%2B1HvIEYkzI96S%2Bk%2FU8iVR8E7bUg2AHQe757q3sV8ANuq3Eun%2ByweT45QQGi%2FjSmVb7ZIZqkVSL9nORyP4N2Wn5AsHPjkrUSsVfG7Iw%3D%3D',0,1);
INSERT INTO TBL_PART_CATEGORY(name,section_id,image_url,IS_SEPARABLE,IS_ACCESSORY) VALUES ('Tay nắm cửa',1,'https://storage.googleapis.com/vrms-290212.appspot.com/e66557c7-ceca-431f-b8e2-eb44b7c8f7b5125.png?GoogleAccessId=firebase-adminsdk-y2tzh@vrms-290212.iam.gserviceaccount.com&Expires=2472625627&Signature=nndZjuepDCWOlp6mSTKY%2BWkSGSuNzF%2F79lWbMsOMXL%2FgixDkJVajJEE%2FACJNNmWmMDf8V67LHRaMp7OCmw%2F5tIikdmFwnnfpwzHAzb5XhGYB%2FORluFetpo6zL8HYpAcJr%2F%2FdgPlv5XEGIXg4P0zZWzw3IGSkAwHXmQltzWeCBxvlAm6HD9yeZOWLpa3EwatZbWUjiLIsGQ9gv1hS3I3KxapTdsNhlhLttznf6PX8bYojDeBeCrsOENHLJaJeAb5lM34VoQSTHKOMJF1xYJVTAU4k3mpnWGfaVV1BJ8Sso7QlNlTb%2Ba%2FYKetPCy4LD7Sl3dpuLtn4HLmcncjPD9My%2Fg%3D%3D',0,1);
INSERT INTO TBL_PART_CATEGORY(name,section_id,image_url,IS_SEPARABLE,IS_ACCESSORY) VALUES ('Lưới tản nhiệt',1,'https://storage.googleapis.com/vrms-290212.appspot.com/5ae18e5f-eff9-4d20-81e1-c8f87e3331de295.png?GoogleAccessId=firebase-adminsdk-y2tzh@vrms-290212.iam.gserviceaccount.com&Expires=2472625649&Signature=RhUAmMephQ50xuIeoCVZnzxS1cYTepJZB%2FqSOthB9jyu96Zty3vCPximqo2%2Ftjv22WIrZfyZMTW2%2FFPSxyNmD287gfUQQIygu1UJLqwIGinyCbJeqgrrXtiFGT7DDMMyP%2BiTN7O%2FgA0QyR6f4IpIZ8HfEx6X3j%2B18b8xoB8uYT5Xut%2FLgEgAGGEizDn3Al3%2FJFBrMgL4Bwzc%2B9tXyxuNMYr%2BNBNmU55GDDKXODdtiVkSkIlQDtsRNa0ZufuM7Tg9H8%2BXllGeeTdGUMmWCI8hJsqMs6TFrQgp73zq%2B6%2BgFnGw6myUlWZtrnw%2F4KHLt29lZ4mCGKY%2FALzfE5wQvaYU2g%3D%3D',0,1);
INSERT INTO TBL_PART_CATEGORY(name,section_id,image_url,IS_SEPARABLE,IS_ACCESSORY) VALUES ('Thanh cản va',1,'https://storage.googleapis.com/vrms-290212.appspot.com/0591af4b-876f-45a6-8a1b-480b84b1a57b124.png?GoogleAccessId=firebase-adminsdk-y2tzh@vrms-290212.iam.gserviceaccount.com&Expires=2472625670&Signature=ZKGVpLRVgWNk6qWovT1VNAl17EtXUpWJgBggFvQFIBLK3PCzSc4nrbIWJErBKkYcsoygWqEUKyZf9PTor3FZ3l%2FwuBSSGkEqUBL9c%2FO7eKNBh%2B%2FI9QCebwKszy7qn7%2BOC7Xt3Rg3SsJqidEpkEe99Cy%2BJlK9gSvFn1p3cHeQOSxZpCAVvMwU2d1G26JYleFCeTr%2Bhg9hle6Nbd0NWI5ZVk%2FPOCHMfvAfXuFbqfmb9B8%2BAzZW9CaTqQaCqHN0RWrRaZVsMlHv8y0rhMP4DzlK%2BhuBZ2vKOwSVJA6NsFWP5dgHxMSkP8ESvAWgfSitZCeVgen1TUCcG%2FsvHwTYJbacgw%3D%3D',0,1);
INSERT INTO TBL_PART_CATEGORY(name,section_id,image_url,IS_SEPARABLE,IS_ACCESSORY) VALUES ('Vỏ gương cánh',1,'https://storage.googleapis.com/vrms-290212.appspot.com/38663530-e9d0-4907-bb35-7d9c9718395e425.png?GoogleAccessId=firebase-adminsdk-y2tzh@vrms-290212.iam.gserviceaccount.com&Expires=2472625695&Signature=SkzbWYwBb2%2FZncK6iI72VoUt6AAf5Ep15dAvNOOOvhmskWTSJh995xjyumCUg0vM6cy05llH6JQEcG%2BLMvA3zpGPGtBog1Bb91Tch3BNVGS8UniwI1qFgOIK9niQJQ%2F55j4x82XBgqGvIVjnZHAcAKxNDie6y990iy0ic8duQsj1d4e0hrpcNbV0QzYSunJ1IZyhe%2FtP0O9%2FA8kre6%2FeToxAvvckNcSw3CiAhIOGqdhP3gVLITUdVoy358cOwf7jV9Mrt26KWw7vxqW8GqT%2FNnUmrXMJQFehsGrX7r0cAWQyxT3oC32i30prJAgBNhpj3a0Lgt83NKFARjqDOVW4Zw%3D%3D',0,1);
INSERT INTO TBL_PART_CATEGORY(name,section_id,image_url,IS_SEPARABLE,IS_ACCESSORY) VALUES ('Mui xe',1,'https://storage.googleapis.com/vrms-290212.appspot.com/ae9c3218-f3e3-475e-9fce-30015ad1b5cb118.png?GoogleAccessId=firebase-adminsdk-y2tzh@vrms-290212.iam.gserviceaccount.com&Expires=2472625717&Signature=GCZr4SPlRbUFlo9udCzRRu%2F1rqPVJqY58ELLZO8c33Q68TheyHlHfvvpVgpSbMBUQ9oGT1Nnif%2Bs9BEBxwFEoPO08yYVpmKay0k47%2BdwLzaTYgMrx2qgmP%2FjkvFcMITdBx2XBdrR%2FZBGRlSe0%2FGQ%2BjFz91JZiI9PHAQxOd%2B7UnEQS382Ua8u0oZPLAAStSiO8Mz7DZxB2fkycpyU9mGKi%2BFoWpK53posGQ9IQHrMVqlqv5PtyL3t%2BhJ3l10mRMXeO5JVY8DoMzhmr1LUQ6pMEhTDB2VmmEw%2F7NrnDKmXuFZNiUlCCXg%2Bbbzbn9JwbkLC3I4Icne5KJFjteUIqDDW7w%3D%3D',0,1);
INSERT INTO TBL_PART_CATEGORY(name,section_id,image_url,IS_SEPARABLE,IS_ACCESSORY) VALUES ('Đèn phanh thứ 3',1,'https://storage.googleapis.com/vrms-290212.appspot.com/e5291844-9eb7-42ed-bd9a-0b0e56d6edae259.png?GoogleAccessId=firebase-adminsdk-y2tzh@vrms-290212.iam.gserviceaccount.com&Expires=2472625742&Signature=MMGq%2BLj%2Fkltbjf5%2BmDUapB0Rmuq6WkAAXJF3cS1lE3PCA1t3wVAGslOOoB%2F%2FPgEADIDFw5PRz0cngqhXGGEWllPeHW6j6NNvDkBXS2qDo7VGh8lhog9V7GJByrJTYAblxIzp4PFHtt1jxuC%2Bu3a2DLv96LGhMQPi8jBUTgJYQ0NDUn1kWmAEoAaoV53FgF%2FOcok2uEcvmPWR7qWHWDqFFz%2Fodbt7a8aLRzi9kVN4sWDNph%2ByCZn77LFQ%2FnNgJpuRtMbrgnKgBKrvGfMQsmOYEVY13puB2K5P3m2T75qqCn9QM%2FIp5Ps4UenPeaIKqu6CD%2FizWEKrSY1wv3qxG0aCLQ%3D%3D',0,1);
INSERT INTO TBL_PART_CATEGORY(name,section_id,image_url,IS_SEPARABLE,IS_ACCESSORY) VALUES ('Cửa xe',1,'https://storage.googleapis.com/vrms-290212.appspot.com/d93801ce-7770-4065-b0e5-ac278ce7805c435.png?GoogleAccessId=firebase-adminsdk-y2tzh@vrms-290212.iam.gserviceaccount.com&Expires=2472625772&Signature=GpjrhraF6hSRaCCzec0Rhh%2FU9H4R6Wgg9b5wEy%2BRFJaVJ%2Fijt0cCwnUTDfBqbdBH7k7pAGjs7wxfPfW3kHQhPVE73ccNYZOFgA63eXnW8iSh0XrB9EJ3C4Wo5Onx97k1fxQsAE8nVABMlbHHnwKsh7QApf3%2FEgi2mORNrb3JmtNl3OXmAE4aljB6IyV5ingD%2BR2CCvXMVmCfcFlOvaU%2FI22ZWFxViC1VBQNsV84%2BKHqXD5ErBe8qND9bp3o8xsaBPQ2GKg%2BwzS%2B8Z%2F5mwGs9Vgsw8s1tMTiMowuoH10VHM732ddrOL41SegjniTukckbUpV7B%2FCMLq676lfhGHdlgg%3D%3D',0,1);
INSERT INTO TBL_PART_CATEGORY(name,section_id,image_url,IS_SEPARABLE,IS_ACCESSORY) VALUES ('Thanh kéo',1,'https://storage.googleapis.com/vrms-290212.appspot.com/1428553c-ce1f-4736-b07f-eb52ae97507a248.png?GoogleAccessId=firebase-adminsdk-y2tzh@vrms-290212.iam.gserviceaccount.com&Expires=2472625793&Signature=aTllIJXjoHJd99ldszuLt1WuA4z%2FrVjStKn%2F6a1z0WjVLCOD%2BbnfNFw%2FXBKMQarQKn9qgSMCb8V1R43XCxfadrZKwG33Y%2F7JCVhrT%2FEtmfEYVLMyESV%2FYSPoNZT8JO6X8SNnKE6YCrL9x9C%2BZPG%2BQdFWsqpOXpr%2BzQQSeJlJp88%2FkNwFyE8bIGMrIkm3oczGRzW8J9bcC4AjHAN0JOhJS78NYBe9Cy1Fq6aRff0NpszWoHRqZpEiukK66AZcCiZKVQb0j2j3YXh0gFVYKTZjuTyHXlnyw%2FQIqGrLsLPJIxZiWRTEMn1LQ5AZ%2FnRCIoEPwpxKBMlRHegPiHGmcrmaqQ%3D%3D',0,1);
INSERT INTO TBL_PART_CATEGORY(name,section_id,image_url,IS_SEPARABLE,IS_ACCESSORY) VALUES ('Khuôn đúc',1,'https://storage.googleapis.com/vrms-290212.appspot.com/c2ef4ee3-4423-4bc3-8cfc-c130ef4f9aa3121.png?GoogleAccessId=firebase-adminsdk-y2tzh@vrms-290212.iam.gserviceaccount.com&Expires=2472625857&Signature=SmKGJ0o1yaQpdWQeMgJpk81i1MFTF%2Bl0kNBwn9VTXj9sR8gGz2x0GfnafSqx3qRQiSSZk8ivykAD7dBJy%2FLmWIpEy%2FKGR9YlMVsiF5UvnL%2BWTBH3zdvmrjlp1iFeXHw%2Be2x8FgCBm7%2FOkr2f28yAaA22XiKcqiwFe2EvwgSHdKMG6XJ3dnNS28%2FeTHeRef%2BV6B67NCdteAmnXpgI%2BovHvcLi4DPG1wCWLHIlWv9y0Tc1ccnMO69ROR0ySd315I67nmhIrCpj0%2FWLLrd9tZatwhkwyJswh34P5fRTIM%2BwDEzVnU1Q4S9CzIbC2Irt8DL9amhutjyb%2Fp5pYJTtYjpcOQ%3D%3D',0,1);
INSERT INTO TBL_PART_CATEGORY(name,section_id,image_url,IS_SEPARABLE,IS_ACCESSORY) VALUES ('Bảng hỗ trợ tản nhiệt',1,'https://storage.googleapis.com/vrms-290212.appspot.com/114e5bb7-82ec-40e9-8cb7-1cf6d2486d03314.png?GoogleAccessId=firebase-adminsdk-y2tzh@vrms-290212.iam.gserviceaccount.com&Expires=2472625874&Signature=Sjq8Erq%2FBtunRxVXBROnqmnilajwdiLclLOyDkarPyLxY%2FJeNNkHs8Bw%2FRq%2BK%2BqGxQR%2F%2FjjInJwYsIaeD58yavvis1lY9U%2BgddJrtzMxPGdRBH4%2Bd6kxkJvDt0xd5aKrb3xzqzvELl7Dak1nGI2E0sHfgyLCWYOgNbaM768Fk%2FFinpTLhKWHdJm3oZYIhYv8yYU7fOYKk%2BAce4D7d1tAn5drJz7sCuD9xB8eC%2FjadjN%2F3EHIYrGLyQZiPFCu%2F19Gh9nBKYrqrXqL3wGMqPpvQmj0QeGW%2F8Qb7XpLm%2FZuLosmKlZYBfDjI3vHhnL0zNFMy5oPVEPCcncSbf6WShToTg%3D%3D',0,1);
INSERT INTO TBL_PART_CATEGORY(name,section_id,image_url,IS_SEPARABLE,IS_ACCESSORY) VALUES ('Cốp sau',1,'https://storage.googleapis.com/vrms-290212.appspot.com/e42522a9-21ad-4398-ad7e-291b2918b2e3117.png?GoogleAccessId=firebase-adminsdk-y2tzh@vrms-290212.iam.gserviceaccount.com&Expires=2472625897&Signature=d6Q9wJ%2Fjg4V5pO25GAp3LH1ckrAkixB%2BhFpsc2tPAM2TJY9mPTzD38FU9Kp2VTP3rDMXpjwxbGz6gHoSiqrC2mRPd4yLpfS2RvSeOuK7L3aieQ%2BxNqZDkEgZBpwmykqZzShu2Xjps7W20G%2BBa53pHW%2BzVaLZ8iLPnaW0pbT4yinvPgTM1vWv1U%2B8I9wtYhLrOIInVjnttncS%2FVRUrjZhnJUeJhjh6TFkUI9NKF6xevMXl62LMbWdXFzaoKWMcmq11WVLhK8m%2F4nSy%2F1Oh6aAvlHP%2BMsJAp%2BukaeMp6R7VbfZLgd8sypUYM6in9Qo%2BUcy6rjol6EHwtD7r4Sz9v0VxQ%3D%3D',0,1);
INSERT INTO TBL_PART_CATEGORY(name,section_id,image_url,IS_SEPARABLE,IS_ACCESSORY) VALUES ('Hệ thống khóa trung tâm',1,'https://storage.googleapis.com/vrms-290212.appspot.com/e7392985-8fb3-4ab2-a37d-399c152e96a6144.png?GoogleAccessId=firebase-adminsdk-y2tzh@vrms-290212.iam.gserviceaccount.com&Expires=2472625914&Signature=nCrw8TbHFwSzGXcHkUhnYb7Bp46E2J4Eq00RElP1aSPg%2FIKBopwY%2Bszopexx4jdX7Kd9p2oFl6JPChJEdF0BzWq0oLTu4bml5vOdMCwmhYNItfnSySqBB3QRR9BOldwsonzU5FCtJqNbZ8x7apNCUVUSc%2FK4no6KdGDkFx1HKw6fOP0ibt%2BKzz%2FqiXVp6bAgYan%2BnkGO4SeI4WCALurdj8vUrZ2btpNAG9X1bCZ8NpN%2FylI1UN24eVUsCHGyyuzosWCfFPGZ3SoCN6MxCClhIh1yuA2roBph9kpyrNVVP5emoCsx%2BqMA6WqC7dygxEAHIlKbYr2s%2FyZ3iuBNMXYTBQ%3D%3D',0,1);
INSERT INTO TBL_PART_CATEGORY(name,section_id,image_url,IS_SEPARABLE,IS_ACCESSORY) VALUES ('Khóa cửa',1,'https://storage.googleapis.com/vrms-290212.appspot.com/e061b826-769e-4fcf-8784-1e5ee3107442495.png?GoogleAccessId=firebase-adminsdk-y2tzh@vrms-290212.iam.gserviceaccount.com&Expires=2472625939&Signature=MiKB1gWNUssV2X22oWgwCXhnOzOZ4NpPGB07DbA1pJ7dhyu9%2BWgHK0BhMtyO84oqR7UMN8DJtWOjFTh2KVsy%2BRrNrrSrooFZTB85hwl0xDHkMZgnT4QnPxYyGjSRq9xw1nIvtYkvBo1fthYNP5Q03ErUJZGll909mWzodpnLrn3TQ3kWb%2F5TuMo7xwoYLFnURM2rDY%2F3okQi%2FNRH68O6uobEL7P5ziV4F4uVe12FDbZHK%2FUTbuFG4IKAu%2FGn3Njs0cXrgqcJ0zqn1o83VoG8z53D1w%2BbCaBsE5TR9caOagD%2FbROoBGDcL5QFbYgyO0EhzopsYnSVogqnUpJOryatHw%3D%3D',0,1);
INSERT INTO TBL_PART_CATEGORY(name,section_id,image_url,IS_SEPARABLE,IS_ACCESSORY) VALUES ('Đèn ban ngày',1,'https://storage.googleapis.com/vrms-290212.appspot.com/cbdfc91e-c117-4ebb-b73c-6883ec25772a428.png?GoogleAccessId=firebase-adminsdk-y2tzh@vrms-290212.iam.gserviceaccount.com&Expires=2472625959&Signature=m%2BAp0SuEYsE2CbtzgcaSgoah54I3rR5CIruviZTEADTM%2FMmTG8CjYY5FpYE4G%2FXJUVF%2Fr0Ybb7MKbHfTiU2xAJVGxyz9aIIhG4OdFnbWgTCf7Hd2j1W1l9cW2H0SZolZpkOqeRQpP%2FN3o%2BkJ2ZHsbotC40NZZUUsfHJ3s%2FuhFT4srXXGfVK9abOnFrAQmUYreoiTS9X%2Fhu%2FNaozZpu%2ByXMOfsCk%2Fq71GF7FfGBXoVbnWE1kI19KmLE%2BEJdq1Bhv2hTP8ZiKU5RSZ6z2GOJlPNdhs67EWX6ZXQKT1qE7Z0JigaMbpkFwdo8hEEPtiTPkG9by6Zb9Kb7wGN4DuV%2FgeZQ%3D%3D',0,1);
INSERT INTO TBL_PART_CATEGORY(name,section_id,image_url,IS_SEPARABLE,IS_ACCESSORY) VALUES ('Tấm chắn động cơ',1,'https://storage.googleapis.com/vrms-290212.appspot.com/80ab86de-e371-44fb-8bfa-8ffc79f01d7026.png?GoogleAccessId=firebase-adminsdk-y2tzh@vrms-290212.iam.gserviceaccount.com&Expires=2472625978&Signature=aPNK0b0L7Q9hdk9o2Gij%2BLw7EG%2BjLO68F7XRfyUk5Bho4VhLNr7iqYnTkOZ8dl45viXd6cHms0yftI%2BWv0NZtDUGXU1YQpSv0sdBL6wuFfPJZ04vYx8CkEe0Jji6VMS2z%2Bdq0SeO7aoH3Xw0B9EvE2UzK1rKhU%2Ff1rrVWQTkJuL8vqopm8DYSriSBdF6oS4Q1rKFAh0BQbZ6cHQtukT5iRycr2b%2BDdoMlIKmprdssczYu4KtHpMLpAb9GPTX1aGYFzR1TuWA2UgYTHRx96TMoEHv%2B3TrSyq0B3w%2B7YNBedA7OaqLZWiVNKPai5GM3eqZex%2FkV%2FMDDlr24g9fYHWIVg%3D%3D',0,1);
INSERT INTO TBL_PART_CATEGORY(name,section_id,image_url,IS_SEPARABLE,IS_ACCESSORY) VALUES ('Đèn thắng',1,'https://storage.googleapis.com/vrms-290212.appspot.com/3de3d1a4-30b5-4415-b98e-c94c62da44f4431.png?GoogleAccessId=firebase-adminsdk-y2tzh@vrms-290212.iam.gserviceaccount.com&Expires=2472626004&Signature=jXS9g3qcXnWAk83tk1qHcg7anXBJ7tJCViA2N3WCSdNSfffirj0NdE%2FlINAILtSQNKesELsU4tSmCDvjodvaaWg16IXoj8zS%2BjdAmaHqNImHdUEfO%2FrzdPrGls2v7kENR0A%2Fl8yfmxjHbubfNus4E5DLX3nBwWokCUYD6uYY488JvoS1PhIA%2Bat%2F7C1f0oM4vOSU2LJ3DU9FWTnMH%2BUSwdClB3yETzVK2OHjsrFeKV6gHvK5OOrr21L4nVUbDZ%2F43gqgIDz7fW%2BUCx232npS3paZZ2HJz6sG8fEixk7XZEgVgwXRvowInCHTlkK9uwjYsFb2ESsALs7Ko87K2xKJ%2FQ%3D%3D',0,1);
INSERT INTO TBL_PART_CATEGORY(name,section_id,image_url,IS_SEPARABLE,IS_ACCESSORY) VALUES ('Kính chắn gió',1,'https://storage.googleapis.com/vrms-290212.appspot.com/5647a462-1cb5-4697-9527-15f8ce4ca062126.png?GoogleAccessId=firebase-adminsdk-y2tzh@vrms-290212.iam.gserviceaccount.com&Expires=2472626036&Signature=GZ3rYMDu%2FDF7xnLAJAFk0sXUa9O0G4Y84%2Bog0yhwKOQ8ncF71re76ci3eyMQpSGQr%2B%2FYzcjlU7hcvl0Ay9JSYZqD%2FzK5Zr%2FphvA6hKutPl2WDYzpsbXYxf0cWyayxJlFzszjGcamN4jF5RxRQoF%2FBEtKmKbrrehvtju9G%2BfO%2FeeeT%2FOk1Bg5hgcK94n1Pme7ybUeaJBUy%2BZys%2BBmbJPFbKsvGy8xLtkRrOa94z9s8CYvtCQS5r7eOHspSpMBm5Be%2FeuSgwQHCHd4FqyLK%2Fx1tKnrViQx8y4ADQ9txR2uKZu5PTX3YQup%2BPEkYhksPd%2BjX8zQGdiPAZXX64kIld6Ldw%3D%3D',0,0);
INSERT INTO TBL_PART_CATEGORY(name,section_id,image_url,IS_SEPARABLE,IS_ACCESSORY) VALUES ('Que thăm dầu',2,'https://storage.googleapis.com/vrms-290212.appspot.com/5a3e6867-c0ea-416e-ac1e-8a60dc8e29ce158.png?GoogleAccessId=firebase-adminsdk-y2tzh@vrms-290212.iam.gserviceaccount.com&Expires=2472630323&Signature=mJV2rdZywL06Bznaf1N2JRfIA%2F4F6gMaDCaVJlAWsvMLDhUxsqlOI9HVdg1B6y5VqLo31Qtnnw2gkMzY50FIsukrsWjBAXKtUdKH5mdGxlqC2yZFHoJ0smSskxIjypggnNrNpI1w8R2op%2FGWqt0TSArfJfyQ0L%2BFNzRke0sv4r6nKszEZqzAdHsVQggUf4F%2FZK2vrzMvoO%2FSJyDNIpIa%2FhGPk9AnaZih9KMU6QBkjgYBnXDeXsw4WbvKF1aSYVBikHqI1gIZdV56EJqaUWPAqrCPg0jNft%2Bn%2BUgmUDZ%2FKgR2eUzton7U5B77cUi%2B8p%2Bv6krC6MObVdgkphmLHsKCWA%3D%3D',0,0);
INSERT INTO TBL_PART_CATEGORY(name,section_id,image_url,IS_SEPARABLE,IS_ACCESSORY) VALUES ('Dầu động cơ',2,'https://storage.googleapis.com/vrms-290212.appspot.com/fe547396-3f5b-4153-acee-2dffd7f1f609269.png?GoogleAccessId=firebase-adminsdk-y2tzh@vrms-290212.iam.gserviceaccount.com&Expires=2472626073&Signature=g1O44%2BLNrVKtgl4N4%2B49ceysC2Rr51xfs1mZlFb0fZ5gikA315HfWLtV1g5rz4FedMDrtYxp6eLvmFxq%2Bk1efhJvFOIGw7AutIMeP3Ne9mswK4ag09qTgI2ovvDbwyq1Ku723iRFnXSyf9EIxAv2KqfsImnyQmDxxppbGTw9nTR7duIYqoFNHlvC1LTiUqhVyqriabjgdciLOtFtgmWF2N6aZqJ%2FI6eQQeNLYK0oQDCC72uqqrLCgCTlw1KuI3Ztvi5bnqeCKAjhEGGsoMffYA04IyT0t%2Bb5UDKcDcQtiEWF2JZ0F7%2F%2FjrQawyDo%2BcBOTP1WMXhIKJPFZ093Xnqq%2BQ%3D%3D',1,0);
INSERT INTO TBL_PART_CATEGORY(name,section_id,image_url,IS_SEPARABLE,IS_ACCESSORY) VALUES ('Khung giá động cơ',2,'https://storage.googleapis.com/vrms-290212.appspot.com/41ad5f5d-b3ae-49c8-bfab-5c49a793c1eb16.png?GoogleAccessId=firebase-adminsdk-y2tzh@vrms-290212.iam.gserviceaccount.com&Expires=2472626109&Signature=CySrF4dhVftrXBr8cDkBgBm58Dq2%2FrD1mKDSpX6iiQ9K%2FUsIb%2FUJ%2F6K6%2FIFQklgw1gpJ2OMq1rTDyUJYOrnpZahSAilf22%2BOP2gOxmuz0pr47YZxmZokEsltBdgPn4%2FDfAUjd0Z8fgwIa7YkEpocB9%2B7%2BhFgGtfUY1evLR8LBUgMk8ldJtznEgJGLI2q237fsGLMWyzf5dQiZfBXJyaAKHTWUwq32IP%2BTsx%2B4hKiVUDofdmE%2BO93g8BX4VjrxMb78ek8Gn10wDD4z1X8uFOSAs%2Bcoz4CtigwpcFydgwvixgzOHhY%2FL%2FfQTjdLuWFo0qOyiNKvZ4pEGe%2BdWRJuhB0sg%3D%3D',0,1);
INSERT INTO TBL_PART_CATEGORY(name,section_id,image_url,IS_SEPARABLE,IS_ACCESSORY) VALUES ('Nút xả dầu',2,'https://storage.googleapis.com/vrms-290212.appspot.com/621a79cb-cb73-437f-bffe-f7562640a4ee414.png?GoogleAccessId=firebase-adminsdk-y2tzh@vrms-290212.iam.gserviceaccount.com&Expires=2472626127&Signature=PmMkg%2FIxcrUJyopeGAi2HbiXL2qfYBn7b4KaO2p%2F%2F0r%2BrLhtdJ7gpzxBoF6o2JuYKo4pjmbQV18jaz%2Fm9pjPIzOGR6NLr1tyjt9HPegdI54pEdr3clN5E2CFAby3BIfu8UPxhWU3l1SHUTN416S40ZK4x1P%2FvkNRmSNf%2FBfJp5YVq8CkNj3yD03UixvV5EHCwRz79tV%2FZ0NEFzPFBRE6AdELODKvFlssdZyJ32wbI%2FVmoCtBG%2FIUcQOluGMkiAXUjkbq4ASvbz8TBWz0K25lB%2BhlD%2FiykprcT%2BhYFLjwiM5JECzE17PfCv%2BZ%2BZI%2BK9nAGl5UJYLXFsU5eUCdcQHtdg%3D%3D',0,0);
INSERT INTO TBL_PART_CATEGORY(name,section_id,image_url,IS_SEPARABLE,IS_ACCESSORY) VALUES ('Nắp thông hơi cạt-te',2,'https://storage.googleapis.com/vrms-290212.appspot.com/790619b7-1c0b-4650-8106-84eba74e18f2283.png?GoogleAccessId=firebase-adminsdk-y2tzh@vrms-290212.iam.gserviceaccount.com&Expires=2472626628&Signature=R5rMz3TPvsmr1ZlUji6LDD5%2BhLqeM49HVo5bd5vWGTDnXumwJUipPm73aymXNTh4W%2BJ1s5SyQpS3KFRot0jTKA67F1FLvTQXW5JWibl91K7sc9sbp%2F05fZ3naoXsAXPZLwM682K3vAMyG24S2l5QH2npmxUHePC6Exi0wWHN5x7KMuD72IIwKq0SOC1loeq7a%2FWjY%2FDODqgbiVIpDOkzOVlclEajKRDNQELW52pkgtnLbYoJZ%2B5dj3VUnMaAPZCJh4ZwIL2O%2F2VpA6aWmeIZLViw1UvWc4FFl4KVW6YwnAVabDZ7EejUzL9vCNbccgL6VTFJFvjRJsIejweA6xIJaw%3D%3D',0,0);
INSERT INTO TBL_PART_CATEGORY(name,section_id,image_url,IS_SEPARABLE,IS_ACCESSORY) VALUES ('Khối động cơ',2,'https://storage.googleapis.com/vrms-290212.appspot.com/9cffeae9-d5e5-44cc-bbc5-f7cdaac7f924157.png?GoogleAccessId=firebase-adminsdk-y2tzh@vrms-290212.iam.gserviceaccount.com&Expires=2472626661&Signature=ns3dFcguEHIHEnKZfO7aecWBrndt6ZopOVCEq%2FhxYF1b2USVcDlOl8RqOaQ8SY2K6mOh0T54mcSQ1izwmp08DriLKu0xd%2B26BYhBjrUwUKVBPzU8gSMAqhm1BJp6nNAExFdJrB%2FLM%2FMTr42%2BrQSsjUy66c25ti9FJDqnsEJyHojXAgtEUXI56oxUcb6kk1mxe6hbLjJqgPBVsd9KKnzLJQ78QwTWn7d5KxDEXIowuhTTqIrt5HQCcbDQlLP4NToh8GDZheyho2B4tDa4djn8nG2rlIdkaZrPz0jrX4YqAs3eeN9WJZHDHjQKbOc5X5wvxXuGTgKx9FtQKqWxEwAS5Q%3D%3D',0,1);
INSERT INTO TBL_PART_CATEGORY(name,section_id,image_url,IS_SEPARABLE,IS_ACCESSORY) VALUES ('Bể chứa dầu',2,'https://storage.googleapis.com/vrms-290212.appspot.com/73650e1f-ca98-42ef-87a2-2a2fd3b1ccad17.png?GoogleAccessId=firebase-adminsdk-y2tzh@vrms-290212.iam.gserviceaccount.com&Expires=2472626688&Signature=IW85zBmGE9%2ByqNZ1jJGC2aWJFK7G0IAwQiaLzaxg1gbZl9Tv1bkD39koumom9k3qL8%2FqMEXoVjMnxpVVQ7ZbqmhWcU9cuPXbMxy8HNua0%2F2mW25s54OMKnbJ7O2EVz5nUvmcEYnrPCy00k%2FfzzVwbuF6Q20QiObTZHXRCJXBbaMDf9KPH2h%2FxwZu7YOcmfmt6xMxQRTIfkHOtwgT8D0ZvK5u5WS5TWePBdY%2FUoX664MyloTe86eIBvRuZEqVIIJmVhwgn%2B7FERwM9sHFmR41yTmk%2BC1D09iBT2FJwSksfBLU66EbKjZzyuWC5D4wXSNjeDEKzwlGXKXVQ0TNViwCCQ%3D%3D',0,0);
INSERT INTO TBL_PART_CATEGORY(name,section_id,image_url,IS_SEPARABLE,IS_ACCESSORY) VALUES ('Nắp lọc dầu',2,NULL,0,0);
INSERT INTO TBL_PART_CATEGORY(name,section_id,image_url,IS_SEPARABLE,IS_ACCESSORY) VALUES ('Ổ trục con',2,'https://storage.googleapis.com/vrms-290212.appspot.com/7d7d9ce1-2a5f-4e42-a0e7-c19bdf45d7e8161.png?GoogleAccessId=firebase-adminsdk-y2tzh@vrms-290212.iam.gserviceaccount.com&Expires=2472626720&Signature=RpWGMNn39verTTINjP4EV9TddBQjCrqOXxtq6m%2F0IAdTJUGx6fqkmsybG6ii8ON%2BtG%2BbXsY3VBIMlWn4DrEX4snDt%2F2ID%2B5Bus1ciex3kstqMBMkgUnB5G1FYDnmDugRqZsZPaTNMaCtqfxJstoA9G%2B3H4omCcP3MVF%2BTJYmtqXsoVv8STd9CO0cKHxdOTRNkL4MCWRBWQjv%2BND9KjJbJoOKQTfhgBJPFJW77EP6XZ3w9i1EERXUObGUUcIHIrSAu8d5vLQoXA%2FfD0x%2BizyoiiKBMfIl16ARViAggiGpWrrJTysLLf3Oy6mCNP%2BK9O4Ok1EL8WncrrvWKHJCdX38YA%3D%3D',0,1);
INSERT INTO TBL_PART_CATEGORY(name,section_id,image_url,IS_SEPARABLE,IS_ACCESSORY) VALUES ('Bơm dầu',2,'https://storage.googleapis.com/vrms-290212.appspot.com/e5ca6bec-fead-4133-b20f-53cb723c2585159.png?GoogleAccessId=firebase-adminsdk-y2tzh@vrms-290212.iam.gserviceaccount.com&Expires=2472626757&Signature=KTGeYKTOfHpdmxfToapFZNSKVkaeI05ON7VZ25AVIky8Ye5Xmtl67j1IUUsHwR%2Bq1Upel2HvO%2B94eudXFE0xsB0WZT48J5TgELEA%2FEtOiXqWENuOfoRiWAzA43TNHZOWtZQTMtbJCghZZUazFvCxb0abIhRwqxxTGDxaW8VNtONqk1pbKsTlGBY2TcGuat7ZOY02%2Fw6iLc4Pj1EHKshOW%2Bio2e4LgLl0Ipl8R462Nrxa%2Fe2FvWnkBInEe5Jqw5mi1sM1sG5nTf%2B8rr5xoE1iSAnoWfKC7NXlodYvqlsaIEKQanBk7sGYeF2y0NtG0hfvLUOSxWKIzrxiJO5YU%2F9mqQ%3D%3D',0,1);
INSERT INTO TBL_PART_CATEGORY(name,section_id,image_url,IS_SEPARABLE,IS_ACCESSORY) VALUES ('Nắp xilanh',2,'https://storage.googleapis.com/vrms-290212.appspot.com/5f01fe73-7870-4cab-a6a6-7027fd4539a4409.png?GoogleAccessId=firebase-adminsdk-y2tzh@vrms-290212.iam.gserviceaccount.com&Expires=2472626782&Signature=GaYhjXILRcsWbfLphKc5OFsl1IWdiykGxH4paQxbflBBfYRSAJ3UmikDUo748Q1jfBnRTz8SkV44PtEUqlLedqVdSv4YJdsaZnn%2BC0sjY%2BhzjXJFwq7lypqxbGWzXYTJAJ%2BZlobVg1zv16%2FRLBeitEXkag1Cr8PWdrPe8b3TZlByfUmmj3KikcaqtMVz1Dw8U42JpuPBVuzNtl8VgoxszRgZ9yTrow9Q6KUgfNZQJypWJw2uHJ5U6wA12SZu6u2oRv1PUUGqLzWJtl3Z%2FyuwQfyRLvfjKXi6CYpZUuF78BVT42IQTSzlVQHjlfYVQsH9wbC2jQpveCniRlEP3958pA%3D%3D',0,0);
INSERT INTO TBL_PART_CATEGORY(name,section_id,image_url,IS_SEPARABLE,IS_ACCESSORY) VALUES ('Cảm biến mực dầu',2,'https://storage.googleapis.com/vrms-290212.appspot.com/8d0a6852-98ec-420d-866b-e514ea40b7fd491.png?GoogleAccessId=firebase-adminsdk-y2tzh@vrms-290212.iam.gserviceaccount.com&Expires=2472626806&Signature=MKLYX3mCfnhOm8ivlDXTh7L1y8NJTTmtPVgo9ZLzKlyiaPM6SJ5NMTLA3dLYBVRV0wpeszWKHP2lPyYavFnRbdnPmao0ZGZRaw2GXViYaXppiakDOKD2RQuZf6fgc3NJsX7ZKd5GmpqA21fRLR00G%2FIY7wEYxMkOlafR5EumQSs2IZNNZx2Zl14MKSnkFiA5Gi4lChhJFD2rN%2FWJKuE7v7xQAIfJFVcJx18pe%2Fwlru4t3RJ5oG0tUtwlKB01kVeVrQiP78%2BB8NQC4NCngTOkIp%2BOm1u%2FKilbU9oG25jsU3OQIn8l0hukpuPCQJbIkcM6uZjR4ylurgd0fEjE%2BQE%2Ftw%3D%3D',0,1);
INSERT INTO TBL_PART_CATEGORY(name,section_id,image_url,IS_SEPARABLE,IS_ACCESSORY) VALUES ('Con đội xú páp',2,'https://storage.googleapis.com/vrms-290212.appspot.com/2afd2616-fc29-42da-a736-415778e75741161.png?GoogleAccessId=firebase-adminsdk-y2tzh@vrms-290212.iam.gserviceaccount.com&Expires=2472626829&Signature=kTtD2ZTxhBepBoDgGJ7yDd9CvJ7iW1CIjdlETpjHc6vH%2BmJp9%2BYhJ%2B753ebUoUwzlx3YmnnHHOwrNNpnybvCrjbXhVPRD52XCzGxTRF6IUPKF%2BjF6EDueEq3cMHcnFRwGxqmKIb8iId60ogz7KlkLswWmLCa%2FtkhT3M5RFu6RLhIiFl9dl88iMrN%2F5Qocynw36i%2FtqavCXKEOsEgPYJWYyXoKdaAgTw4LajCgV3LQLsxO4vbBTA3l9fL8oWe2XkcUbYLFU66bI2SDyN6vWf3CvUp%2FHHimN0EaLcJH8l0kYrUaNcZ1LcGBdIhHNMUNitbmp1HHgYXjZMZJVshucf8yw%3D%3D',0,0);
INSERT INTO TBL_PART_CATEGORY(name,section_id,image_url,IS_SEPARABLE,IS_ACCESSORY) VALUES ('Trục phân phối',2,'https://storage.googleapis.com/vrms-290212.appspot.com/3b690bc4-4b20-4154-896f-30bfa0ccdbae15.png?GoogleAccessId=firebase-adminsdk-y2tzh@vrms-290212.iam.gserviceaccount.com&Expires=2472626851&Signature=KfngitTCO3cK9is4EeOZFT7U4jHzzJYRr2oKpakDoUpxjLLk0tmEtW7MLEp%2BAdEbPykfs%2B8BtcWj%2B%2BcpRmMtFOu0W5pGfaCcWwcvX%2FcNuQHbSNgMRsN7YAZaNrpKqqH8X2M3r5wY5H2lgb4s%2F9B7UMkQmAhiNnQX1snafQDih6NmGbqiNjfenlT00aQ7ukklsKmswtJljorHwXNxhPvO30pbiK%2BSTiNcKTkzNMsJ%2Fl2ji3%2FimlKKfs9PWqjBRc9M6x0RJ9EUmjrBqcuiFKn%2BCn6RfZCZsVTqhg9b1h81e%2B7DlzMVhMbLbY2OStFIYilNGxmS47w84NEUSD4d%2FXzPRQ%3D%3D',0,0);
INSERT INTO TBL_PART_CATEGORY(name,section_id,image_url,IS_SEPARABLE,IS_ACCESSORY) VALUES ('Pittông',2,'https://storage.googleapis.com/vrms-290212.appspot.com/71ea623a-b9d3-4edf-901b-55778a6e3678256.png?GoogleAccessId=firebase-adminsdk-y2tzh@vrms-290212.iam.gserviceaccount.com&Expires=2472626879&Signature=Vur%2BIaAdEZVbOnHHDUo%2FOxlTNfcPKpZK1LC7y3tRMftWkPOn7txbQ6YAxrXrX7nXRfK3eV2fPsRmi7m9LodUYqVBVRrEjeEqOq1HG2rAMP9izPwljt8BO%2Bef2FvOs%2BYSCX6Y5%2BpyGD7z%2FtKH1ywKdhAjoKHkik%2FkW5CNCyWLDuncBjMHEolopTcVoRNa5xy7Ml%2B9IEo3kWkaphMuPO1JV%2Bpz74O%2BUyU1zrHIryuXmXgLWuR4xOtIDP8R8Od1JBHp6xJMOVfNqn%2B8W8TB2pq92djROEqfDwjRjTegJKr3DM86GUm0F3XrMbEfXsANKrZK3LOJiPoa1WT5f8WzpJehuA%3D%3D',0,0);
INSERT INTO TBL_PART_CATEGORY(name,section_id,image_url,IS_SEPARABLE,IS_ACCESSORY) VALUES ('Ống dẫn khí nạp',2,'https://storage.googleapis.com/vrms-290212.appspot.com/fdb52c61-367b-4069-98ae-ccd5f7e29272283.png?GoogleAccessId=firebase-adminsdk-y2tzh@vrms-290212.iam.gserviceaccount.com&Expires=2472626909&Signature=NVG3aZneGewRiz7mGqjTsY1kfNRQ85CS5W2cwk7eLukayiJ2zssuZXXIXfePCsyHOwXL9ZfBwT%2FkO8x%2FjqtjAJL4bHacNYVhOAnMMhm6K78QkRLr3MfsmTwtRk78sT4LM9cRMqdXfE6RxpO8dznm0m7hStqReEtWqW3gs%2Fk5bCmv6nEXS1lr4kOfbLOuZS48zXBhc5iDnIF4HOXpRJHX04i9h8RRPdKOEpq7AaAdhHfDn7uS2Tfk6ggshDX%2FtqM1Y1mErYmIqKQbY%2BPad28Q%2FTxhoz780EcOnLbkcGgUQWchgheD1awm%2FgSKAxzuRLXJKKSYq%2B%2BMAJyTE2h%2FHksuIA%3D%3D',0,0);
INSERT INTO TBL_PART_CATEGORY(name,section_id,image_url,IS_SEPARABLE,IS_ACCESSORY) VALUES ('Băng dẫn động',2,NULL,0,0);
INSERT INTO TBL_PART_CATEGORY(name,section_id,image_url,IS_SEPARABLE,IS_ACCESSORY) VALUES ('Máy bơm không khí thứ cấp',2,'https://storage.googleapis.com/vrms-290212.appspot.com/57aeb4d5-00a1-4a5b-8693-277249eed532413.png?GoogleAccessId=firebase-adminsdk-y2tzh@vrms-290212.iam.gserviceaccount.com&Expires=2472626929&Signature=BXvnI1%2BSUP29NlLMo%2Fiw%2BFJBHeqtx%2FgN3ml2fkjQSDCsQ6363Eos0QAjVos%2FyWeUUEx2TzHSRf11QxNmrSnhjIXRnY05a68R3y9Mb%2F67AG6weZnLoVIaB1dN%2BCK%2F19%2FHREKO0%2FS6a3YkJLr%2F5eQ3%2BrCtDw2If2O%2FG241fBnipekM0AeeuebYpW48vX9yWH7rI0Oh60DcYlxNIxk42IvTNZpyHHPeE6mHTLbfGKRlfcpW57lI8FV64cW734XV9qhvlGlAHrf8dF3MsBkqQzBiAtDOQZKJFibJQPXf5vbh4YBvPzrBSCSY2KwVNySUGi%2FNJxZ4%2B62khtXJHWqd%2FGZKWw%3D%3D',0,1);
INSERT INTO TBL_PART_CATEGORY(name,section_id,image_url,IS_SEPARABLE,IS_ACCESSORY) VALUES ('Nhíp chống sốc',3,'https://storage.googleapis.com/vrms-290212.appspot.com/89b727db-9753-48ff-be75-4097aabb05d061.png?GoogleAccessId=firebase-adminsdk-y2tzh@vrms-290212.iam.gserviceaccount.com&Expires=2472626948&Signature=YF8mLT1webl1Z3SskLek4o5EJoa%2BV4ZuTSz%2FLoUMYmwXqJlRHl5s7DgxsCpC%2BktXIpoVU8QH71bbAUJ%2BKWzS9xjSsonh2NYeCMLOdLVE%2Bv%2FJIdJhlr9k4OMfpWjvbOXFqs9TsRvrZdT3dCyFBzW4m%2FW7%2BsM1Xj2ynSQMehUi2uvbBddEKB4bcJ4q9WP0seDCxM2Bu2LCKogDsSViR3Xw46W%2FTXYFh%2BQfZguzn2pmeM4%2F8JtaviuhQoCe0Q5sIu%2BLA5AZ%2BZo9UuJwOjmCp4TecVISwMlH5GONsCnf24TfYM62WOKouEAwZt8W7sQW11IMeMn%2FbA22GUdMk4oODDFeZw%3D%3D',0,0);
INSERT INTO TBL_PART_CATEGORY(name,section_id,image_url,IS_SEPARABLE,IS_ACCESSORY) VALUES ('Lò xo xoắn ốc',3,'https://storage.googleapis.com/vrms-290212.appspot.com/652801fa-2979-4d91-ae3f-ec9ab2aadef4129.png?GoogleAccessId=firebase-adminsdk-y2tzh@vrms-290212.iam.gserviceaccount.com&Expires=2472626967&Signature=N%2BfneP3FhDwq1hrlDkMs1feEd%2B2RVsNKWlAKNlST7XeNyhZRU9%2BJ8uxhq5dCLJiHj3w0k11YObJTu5I7kfkGGxInCKUXR8zKYXdrWaSplGPEjcOUt8cq283fF8bowRUC%2FgekATkoA2bSEnWzDuWrc9UCZiUqlOkiKPE6mufoa6h3mB7onWNmgz6Ro30i%2FJJzl5qe80sYmgpunmIzx0YGSl5JMNH4wxJv4Cbx%2FstwXBIs8oDNkUz4to76rQohR7xKjdLtwUf2DyDdXr1fdM5gXara%2FmcRADEpRLI6M%2FI4j2%2FvAJNhWx%2FMxLhYQFYdk3giOY28ulJLmC9Sc3ke%2F4PT%2Bw%3D%3D',0,0);
INSERT INTO TBL_PART_CATEGORY(name,section_id,image_url,IS_SEPARABLE,IS_ACCESSORY) VALUES ('Chụp lò xo',3,'https://storage.googleapis.com/vrms-290212.appspot.com/6d67aadd-4712-4b46-ad96-aa1a4a866360330.png?GoogleAccessId=firebase-adminsdk-y2tzh@vrms-290212.iam.gserviceaccount.com&Expires=2472626999&Signature=JbYj6DjDBfexBrXu48G0fcL5h9wSp0uYMttDFT7GpzpBHw8LmynvpjXmjTCK97N2NrLgrctacpSd2dWTqgpLHX7UNJ%2Fw3PYacKz%2F04iHzj497askEHNwkhiGjj5bp4L1QQTSjZXXKDkZaAdEH3KE%2FRA4fD3UrHJEjfItC5pKYP9nTk4vzWfaJCbGtDcKB1Wu8x2OGdTXUKu%2Fwt7%2BRpOY3KZ972pk03uuEKYV19pJyvOLx1wfTlsCFFapGUsPwFa1drBlRVH2TkwzC9%2B6a4Qjk5wVyieS2DADgdUdYgc0yGKaawBScGKPpgBUFkvuaj%2FCYJwBosiVZaRIOVlOy3eAYw%3D%3D',0,0);
INSERT INTO TBL_PART_CATEGORY(name,section_id,image_url,IS_SEPARABLE,IS_ACCESSORY) VALUES ('Lá lò xo',3,'https://storage.googleapis.com/vrms-290212.appspot.com/078724de-7ac9-4b01-b58c-16c6479e568b285.png?GoogleAccessId=firebase-adminsdk-y2tzh@vrms-290212.iam.gserviceaccount.com&Expires=2472627030&Signature=aHWphCiM2vJpr2O1XW6ae51lq1aMjpZ9dvG2A4Ts3a7fWVoSontWzQRghGFmA6WNhtQN%2FriLOI66fEpMDVA2YwYjlWFOcwIYSRNzc7n97pllyMw%2FenpJ6FhFqCyCymFAqtfq7R5%2BsYtvnNcKQQosVfO%2FpM%2BL8M8TzLq%2BBt38G8tnh1VxoOUNLkzrWBYI48Eb%2BYm83hT4vZBnvQEZGeG0pg%2BcyxyufD%2BYxqxz3oEP%2BPQggRUgdZDpxg1%2BVgb4FXGHslDBOE4Kbxt%2BDynUdPPd%2FxN%2BfHfIcFrUK1pOhXc6%2BSfPWmyIxwnserRoNS6PxciwZaxdIqEDNMgvr%2B4jfyUatA%3D%3D',0,0);
INSERT INTO TBL_PART_CATEGORY(name,section_id,image_url,IS_SEPARABLE,IS_ACCESSORY) VALUES ('Hệ thống treo khí',3,'https://storage.googleapis.com/vrms-290212.appspot.com/1ba3be71-1ec0-4d29-8874-a5cf58f54d12257.png?GoogleAccessId=firebase-adminsdk-y2tzh@vrms-290212.iam.gserviceaccount.com&Expires=2472627069&Signature=Pwh85%2BQLaXetL%2B%2Fi9xfUDvFIgfUzlz6JqpVlLSkGGjpPbz0uTgbpAW%2FsLhwJdtwdkO7FunDgQIeW8KRgGz32P8HGEsTY9A490Czs4RQNqPPLVjRcxLsiE2IX4%2FXa88Fh5oJ7fAROvUKQD5dllXgbUl7cg9N1VX0vNWnLtnMv6%2FNG%2F7f5ySVQv9hSLv1k4Hn9rxLZiuwykkhrI2XU7TUtg7khqK2scAj9VQpy4zSfJGUlc%2Fgx7bxGR5XuxrYSi0CZcUw4t9iscHVkeM7SFS99t8ABZN0CbqRfvOJYuLuAyAdeW5bCzZcJMHMmuoBFp6vn0ySvZdWSpv26df%2BopK0JZQ%3D%3D',0,1);
INSERT INTO TBL_PART_CATEGORY(name,section_id,image_url,IS_SEPARABLE,IS_ACCESSORY) VALUES ('Vành đai cao su V ribbed',5,'https://storage.googleapis.com/vrms-290212.appspot.com/d622c442-e41f-447d-94f9-37f4d471ca46224.png?GoogleAccessId=firebase-adminsdk-y2tzh@vrms-290212.iam.gserviceaccount.com&Expires=2472627090&Signature=f%2FKSmgHaT%2F68cZoGgZVYG%2Fl3g%2FXdQQIry4RvQxsBY%2FUDiV1FOYj%2BKrNXU6n6uMU5OELWQj86rfNdQ5UJMjPD%2FaBqQn%2BP2JlnT2Knpi3iq9qwnEvJtvB2yTq6vgOD%2BedvMc7i0%2B%2BB4hJv%2BWWgNTjNVTfBjcaetXUQHfhuvbQ1wLX9%2B%2Flg1rp3WHhxlw82Pa7O5KmiQMno09KwfN0x1d9NWjXRLGXnwa5kGJv%2FgFpPIiTouC4XJS2TYjaw3cH6eJxvmgdvFrE8knBMl8TViYcI7DgF3TSSyICyabuAmFYzZkZDbdMCmaE2xcHmLrWFm%2Bh8jrLXaPjOLsrbkOPP4%2Fh%2BXw%3D%3D',0,1);
INSERT INTO TBL_PART_CATEGORY(name,section_id,image_url,IS_SEPARABLE,IS_ACCESSORY) VALUES ('Bộ căng dây đai an toàn',5,'https://storage.googleapis.com/vrms-290212.appspot.com/8c83e5cd-e85a-4956-9f9e-6b82d28e887e226.png?GoogleAccessId=firebase-adminsdk-y2tzh@vrms-290212.iam.gserviceaccount.com&Expires=2472627115&Signature=VyCRhJe%2Brg57oWBX5qa7zp2Yhan1ldQvBxCzYgRQT8MWHXTteAdoQ2QTM15HUMI7wo03X1FOKWHZ0QeswFjpW4rIbLCFixvizcEATJ480iWuHx0C1AfxV5DQcXM%2FzphE4u0J8FLcs%2F9ybNBqN9JiCmfzw7m%2B0O5jJIWrZwJaGsaFUnvundzDy4vrRJ90JdtVD6ej027dJxdTUXeC87OOxlp4C38JLwxnopfIlRbLGKiT75xUSTRGGxA2dLN2CDPQ%2Fe3ogx3jSar3QDyEEN5U%2Fddb7fht9M%2BEwLQDpCrRjDzX2WjAfwPhUuVKNKNSS81njygpP4V1R2Q%2Fzdpgfo8lmw%3D%3D',0,1);
INSERT INTO TBL_PART_CATEGORY(name,section_id,image_url,IS_SEPARABLE,IS_ACCESSORY) VALUES ('Vành đai cao su',5,'https://storage.googleapis.com/vrms-290212.appspot.com/6a6a8dc4-3a9b-41c1-a3e0-8bc8744f72a3460.png?GoogleAccessId=firebase-adminsdk-y2tzh@vrms-290212.iam.gserviceaccount.com&Expires=2472627134&Signature=ZsBmHBIf50lcgBb2ABiH5X7Ltk3s9dh5wnX2wXkU2iDGd%2BIbxFY%2FwH6gp%2BbhAzUOigTIhXNZm%2BEaBqod2Dcx3SzzdiTX4XCfjy3IRJSeiMHW%2Bh8I0kSbLb79tAyrv%2FqkUsOTBlrD4%2F28PYY8OEiaIjb86lL5AgD4THIs4qtZdp3yEvUJdTtTI%2FqsM8SYGB%2Bb%2FKx93xcR%2BOaXadZL5GU7UlpkLTi8LX45kPxRJUCGLqYPDVpOPYkLOUvNcyLum40Cj73FSN1L9m3JzFVhTZAzd7dzhRiii7GVOr4MX2m212TytROC%2F%2BCUDUggkQnYZgOawmzFho354e%2FfyY3sVBVbsA%3D%3D',0,1);
INSERT INTO TBL_PART_CATEGORY(name,section_id,image_url,IS_SEPARABLE,IS_ACCESSORY) VALUES ('Vành đai thời gian',5,'https://storage.googleapis.com/vrms-290212.appspot.com/37839a41-038c-4495-914a-0212c0aadf49460.png?GoogleAccessId=firebase-adminsdk-y2tzh@vrms-290212.iam.gserviceaccount.com&Expires=2472627162&Signature=hsMaxSxx8nTMi9oOoRIbccsPkxNxnJVexlREsmxLrX8zEdzvgMXNSuRH4bPlZeIwhPCblhiTpbYBg%2FEcNcrp8xY2s4L27DZDpc9JY13NfexZUGe2P0ZHFBe5YCxEMyDVdWNfottxXkZKlfQ%2BE5vvtgW86dUAR0NxrnMxD7UDyrhoLFlRT2Qf7ZaHnkHuRC6h12NrDe7K7kkdtznRIMdrbi7Le5Z12cFrFhPegWNXJEQLAs8udMxaMhrjph%2Bulm1UxZKKohc4Ko4ETFNrpGrxBQCvd24KDDW7SMtTLuB%2B4gTMyBC5AbFSx3xUw9JUXcZCGSrFC2ih%2BqIZ%2FEE6wUcMzw%3D%3D',0,1);
INSERT INTO TBL_PART_CATEGORY(name,section_id,image_url,IS_SEPARABLE,IS_ACCESSORY) VALUES ('Vành đai dâu poli',5,'https://storage.googleapis.com/vrms-290212.appspot.com/85c553de-5175-49c0-802c-c2c7cc48215f461.png?GoogleAccessId=firebase-adminsdk-y2tzh@vrms-290212.iam.gserviceaccount.com&Expires=2472627183&Signature=IlV5R0LLpo4Dl9aqtA82ZdPZ0WheDqTRsB5Cyb%2FyB%2BPamsnytsFFe%2Bgqr1DOpjRocROPcGQm25IVOY5cXmPY51PIO%2BIr7Q5NtF0qbLIP4JIUYMMjs7R7IlUz7zwYbi1ImH4X3updYHyNfGVvafx7wynWH2BaU%2BnSH6vWcIspo7%2F5FwqIosS0WZNupHph8v9Ree4HawMLsUuUzzLdPhVvLw9Pe2DXHGV6KmOob4HonnPyktmNdWAYfTfHXLYBNAghCILVpDnnCkPmP3tybBtyzZj3dvFNBWdc9FY7omjQi%2FTdVHT%2B0i%2BpEb5jlw%2FNHqs5D7Y4RhztQbwcnNij0EHWVA%3D%3D',0,1);
INSERT INTO TBL_PART_CATEGORY(name,section_id,image_url,IS_SEPARABLE,IS_ACCESSORY) VALUES ('Ròng rọc',5,NULL,0,1);
INSERT INTO TBL_PART_CATEGORY(name,section_id,image_url,IS_SEPARABLE,IS_ACCESSORY) VALUES ('Đai cam',5,'https://storage.googleapis.com/vrms-290212.appspot.com/0c757ec0-4002-485f-8987-650131262fbf204.png?GoogleAccessId=firebase-adminsdk-y2tzh@vrms-290212.iam.gserviceaccount.com&Expires=2472627213&Signature=nX9IkrvbQSipZloWoWCuoZ1046X4g87LpuOUw0pxjI5F62lukXoOFVOXQZFzk9LsX542p%2FHqIcLATOW8urMamHvJ1BzX8bVGATCnamcy4meJbPom6cyKP9dYIIDIGN5tmyiPnHrIjgH7%2F7ogRexv5RFlpK%2BBCl3Q%2BAUCkPX8J35HB64TD8D37GPpVdV6%2B9zsXuV%2F9U0eQDDWPreIZynD5g77hW8pqIEUzjWM40pagQ%2F1tJTV2b3BFZ3CFK6ljeeQLMnaAd%2B5MuF6HEtW08ERgtclWyJrGxdzcGKiuqSe%2FIXMeLYaHWEoAwBjzN0hfv5rGSWZlKqivX%2BxYQciyjopdA%3D%3D',0,1);
INSERT INTO TBL_PART_CATEGORY(name,section_id,image_url,IS_SEPARABLE,IS_ACCESSORY) VALUES ('Dây xích truyền động trục cam',5,'https://storage.googleapis.com/vrms-290212.appspot.com/0c757ec0-4002-485f-8987-650131262fbf204.png?GoogleAccessId=firebase-adminsdk-y2tzh@vrms-290212.iam.gserviceaccount.com&Expires=2472627213&Signature=nX9IkrvbQSipZloWoWCuoZ1046X4g87LpuOUw0pxjI5F62lukXoOFVOXQZFzk9LsX542p%2FHqIcLATOW8urMamHvJ1BzX8bVGATCnamcy4meJbPom6cyKP9dYIIDIGN5tmyiPnHrIjgH7%2F7ogRexv5RFlpK%2BBCl3Q%2BAUCkPX8J35HB64TD8D37GPpVdV6%2B9zsXuV%2F9U0eQDDWPreIZynD5g77hW8pqIEUzjWM40pagQ%2F1tJTV2b3BFZ3CFK6ljeeQLMnaAd%2B5MuF6HEtW08ERgtclWyJrGxdzcGKiuqSe%2FIXMeLYaHWEoAwBjzN0hfv5rGSWZlKqivX%2BxYQciyjopdA%3D%3D',0,0);
INSERT INTO TBL_PART_CATEGORY(name,section_id,image_url,IS_SEPARABLE,IS_ACCESSORY) VALUES ('Bánh dẫn hướng',5,'https://storage.googleapis.com/vrms-290212.appspot.com/1be08ca3-d7fa-482a-b9bf-8a3fbb6ee744214.png?GoogleAccessId=firebase-adminsdk-y2tzh@vrms-290212.iam.gserviceaccount.com&Expires=2472627246&Signature=mPoastKqqPurhIKqD%2Fqk814mLkhLIvl41xAp1JxHKgkxxpap%2BiqO304cpElJ%2F%2FVqB0qRH0xR6FQLh9wxqJ7X%2BoneiJLdg47ORbwM8SkC8wV1PkpwImMz9fUEzdeO4a0tYOGj1cm0VqcOmUlT6tTFbk54l%2BcMTqvCPJSDYTneFUsYIsjfSXtR0i3%2Fn7YoFMd0aPPu4%2F31OPLJKSwG1w0a2M0KN0EQiCizuReVekNQsorh2ZSm6eHTljP%2BjE8L17IH2weGCm1mvLgrx6UueiVnpYyqSAu7ipDxRgndmkjWoGxHr8iygRmfapxBdYwvE2xyNxjPgEZeX4sjxuASYKiDYA%3D%3D',0,1);
INSERT INTO TBL_PART_CATEGORY(name,section_id,image_url,IS_SEPARABLE,IS_ACCESSORY) VALUES ('Khăn lau kính',6,'https://storage.googleapis.com/vrms-290212.appspot.com/7211196b-e102-4d4b-966a-7e0b79c8dc86496.png?GoogleAccessId=firebase-adminsdk-y2tzh@vrms-290212.iam.gserviceaccount.com&Expires=2472627268&Signature=Am2MqMFqKMZz2NhrTuRQ463wHH1yYI%2BgI3AG16oIjQbWwg2Vt2w4Vj%2FSaidjqW1aY9qQgR90F76ITj8otPf6iSPA5Dkoytg6nF01fLxCrsw%2FK5wtsnwBpELFTK0VP9TwJE3Z3FLYdX7jksEy4AyfGmzl7KTINPeb2YaJWc8KAbFOnUlhNAQADaz5dkw8uS4tdEcCZX4Kg2lgNpBuctC%2B73QiUM5462y7nKZf6C2yHngV47b8Dz9wf4caN8C%2FYO%2FcLgmyBxVOOGigd6k2nyEtlXSlVv1JGgioF9s1K3UuLZK0JxnzQASEkv6EZO3nAADV6RR7SHUyE5VkvlE0g6zdCA%3D%3D',0,0);
INSERT INTO TBL_PART_CATEGORY(name,section_id,image_url,IS_SEPARABLE,IS_ACCESSORY) VALUES ('Cần gạt nước',6,'https://storage.googleapis.com/vrms-290212.appspot.com/9e97b24a-38a0-420c-a068-51d3d429d57f183.png?GoogleAccessId=firebase-adminsdk-y2tzh@vrms-290212.iam.gserviceaccount.com&Expires=2472627295&Signature=Nf5I%2BM38AwbXREuiZPPxEOMqsvEjBSNnOHTC%2BOynnff0Iv1BPkZzKtigH6fF9LFfZvHoiyXhsl9Nz0eA8mqwkivk1%2BAnOjYhXRe%2BGlZvPzJZw4qeNCzKEo6QpxKLTOMsyBP0ZDuwJVy332hhbThgdsnMIThMIuXBWXzyreq89%2BEqvUUzrX6ar80ZmzYxKE%2FaozEWmiC1mkMHxZvyIpWFBabYtKVY6ZUDAmWY1%2F%2F0tjxWC65KCZbEu11W%2BKBsRHEPcyofPDGVVHgoDApqLzOI9HFgWlaPp%2FZOX5meSUNRIWF1N2b7ROnDz1Zn8J8UONQ76FM2ekVUcRwYqLxOifzJoQ%3D%3D',0,1);
INSERT INTO TBL_PART_CATEGORY(name,section_id,image_url,IS_SEPARABLE,IS_ACCESSORY) VALUES ('Động cơ lau',6,'https://storage.googleapis.com/vrms-290212.appspot.com/ee20a31e-898c-4c88-a496-800246566ccf48.png?GoogleAccessId=firebase-adminsdk-y2tzh@vrms-290212.iam.gserviceaccount.com&Expires=2472627314&Signature=GQVniHcutIvCny1H6CVCXLgEfyYd1fW21otNonJ2uuuzfX0rem0PoSgIS%2BhB4H1YX9JdARFwSVXv8VsaeBmn%2B%2F5a4Jb%2Fsqx0uwosUirX48pJosBCgPc4kxQwAc9PeunQjJNKDhYmf4PXWzXqAG2bm4cisAqP3d2PwehalQIqGs0rD7GDSAGXC9LRJtJ589N%2F0SSzDFxDpnZanP20laMvZ8j%2FtPI18gyEAa1ndxurFuZ1EZmsJ5muymH%2BvjrNYtLGGZkuSSldfChSGRsp0PH6ADCqkN%2FzkxdNaFroPM406zvQUAax2S4po%2FfAIPeO5tNGmLLSf2%2Fpvm1%2Bem8I5rpLOw%3D%3D',0,1);
INSERT INTO TBL_PART_CATEGORY(name,section_id,image_url,IS_SEPARABLE,IS_ACCESSORY) VALUES ('Phần nối gạt nước',6,'https://storage.googleapis.com/vrms-290212.appspot.com/68c5b17b-a457-47f1-ad31-f8969b5121ed49.png?GoogleAccessId=firebase-adminsdk-y2tzh@vrms-290212.iam.gserviceaccount.com&Expires=2472627333&Signature=AxuGM9wsmoumXk3k6Oz4bavC16vFzbZ8lLxI98EOxxqYBh8M5KsjEcxHU45Getv87KXu5YtkECVbNqzoiNkmwOUU%2FAYLzbBTjDCpdIEDw9j8PL%2By3kbrX%2BGc%2B2V6x0rMfhO%2FTGQfhUy%2BHOYW8OPeqSH7UzTbzbzXeR21wXfWzOUgIr0fkBvDpmdpshM9q5cmwMgM9Zwvt6EzLqBFclsNZDRADFsRnkQinvPynaXBcENqQU%2BmHNaTFebpkWxV2WDDaBglNQ%2BsM8Yl1hYuEduLm5Rcm1SW7GGKtz29to1agROAB7HmdAh3E2Mr2GkjCDsLiLIqbzWgPaeUgPJ8mrzPeg%3D%3D',0,1);
INSERT INTO TBL_PART_CATEGORY(name,section_id,image_url,IS_SEPARABLE,IS_ACCESSORY) VALUES ('Bộ phun nước',6,'https://storage.googleapis.com/vrms-290212.appspot.com/eac07da9-7975-426b-a354-7e98d8cb017751.png?GoogleAccessId=firebase-adminsdk-y2tzh@vrms-290212.iam.gserviceaccount.com&Expires=2472627403&Signature=PBGu6xHiTKsIVefkjaYGo%2F7eJfWt%2B%2BhZfbQ2QTEYvhG27t6R8HUNqvRt3xYh11Cryf9VsU5Rb1TBcQtap9LbI1FO7R2HnGgQg%2FwlMvYsAjeVTA%2BvUWOPyi3Fpdi8hcUwKbKxgNesF6vSe65PbpIW499J6h9Ud1kPeeGdhLX%2Ffo%2BYKuMNm7OPFtArXPyzrnRkIA8MHvuVSMuxWA%2BNM4u3VWPr%2BPzfPCZIB1m2cqbAhggAOEsjZfInXX6dzfjLXD45nd9%2FuZC4vgHwebDlakjOE2FRGjWCQCZHz8CNhIFkBWLkOlY8QqC7S0lyB6BFZJNj1SfAvp5cOb3fnL3PIqoLXA%3D%3D',0,1);
INSERT INTO TBL_PART_CATEGORY(name,section_id,image_url,IS_SEPARABLE,IS_ACCESSORY) VALUES ('Bể chứa nước',6,'https://storage.googleapis.com/vrms-290212.appspot.com/eff4284f-5e31-4676-9bf4-c42845def7c2249.png?GoogleAccessId=firebase-adminsdk-y2tzh@vrms-290212.iam.gserviceaccount.com&Expires=2472627432&Signature=Ih96KUnCEUGXjg%2FSAROwy79RQKdQdYF60hhCLZiXlxZmmYa97tAZk4t7NSn46L1HPwwx2Zq1n1IJTn9EEB8sM%2B3b2mLuoy3op6gqPtqEE2XMHHo2yZ4Mgi2kt3phpf0Ah26srY1xfmzH9xtRO5jUFu58b2e4D%2BxkNfbkcTZ26sDPOtYsGHvobOSDBLPU%2Btu%2F1rfgWWfaSKJjmeNe7oP0uHQmhKsqoaaTUo%2FgWuc4btO5TiV4T8xz36GsgQQLbdpBjd1bC9KKQd5c%2FNjLDGvKZm%2FPLAmfBkURfbKAtpSD2x%2BFK6o3DCjDI3ANc8kDiWjPthKB502IE5sr4tkhNSJn2w%3D%3D',0,0);
INSERT INTO TBL_PART_CATEGORY(name,section_id,image_url,IS_SEPARABLE,IS_ACCESSORY) VALUES ('Bugi',7,'https://storage.googleapis.com/vrms-290212.appspot.com/41a88307-472d-4fb0-be11-03ace62144f243.png?GoogleAccessId=firebase-adminsdk-y2tzh@vrms-290212.iam.gserviceaccount.com&Expires=2472627451&Signature=aPp07tQp9qNPlHSyr6GUKOVpbapHNnXhHvJtX7IUD2%2F5xSxEdj0zz0G9N0odE872wf4xXVdXna%2FauhQTrSjzxaGZ9J7P2iei0AsAfaJDk1s%2F38%2BuJGuTI9DuVpWK7zIO3Mgx5GMlb4vwG2K%2B21%2BBwjPzpILPQ%2BIqqo3KkQf7%2BkctPmAexmAfP%2F5LRLZQh1Rt1ljPEafRZcxsbNp3%2BhLaN6Knnfd53Y3PAVapCDz3n998KWyBS1qfAkKMxyl2lKOa2CPsewbHkXyLQQ3mRaXJtoCTco5iH2uPV1dke%2B9xTYqq6FgI8eEReH%2FFz2%2FhZK8cY%2Bj6McHAST4JevlwPEUwKg%3D%3D',0,0);
INSERT INTO TBL_PART_CATEGORY(name,section_id,image_url,IS_SEPARABLE,IS_ACCESSORY) VALUES ('Cuộn đánh lửa',7,'https://scdn.autoteiledirekt.de/catalog/categories/300x300/44.png?rev=94077798',0,0);
INSERT INTO TBL_PART_CATEGORY(name,section_id,image_url,IS_SEPARABLE,IS_ACCESSORY) VALUES ('Bugi xông khi khởi động',7,NULL,0,0);
INSERT INTO TBL_PART_CATEGORY(name,section_id,image_url,IS_SEPARABLE,IS_ACCESSORY) VALUES ('Dây cao áp',7,'https://storage.googleapis.com/vrms-290212.appspot.com/f1ad97e7-ac1c-41db-9c7c-6ec6bf6d7dc345.png?GoogleAccessId=firebase-adminsdk-y2tzh@vrms-290212.iam.gserviceaccount.com&Expires=2472627510&Signature=Yv4tZ06yDRnhWERevbdMRgV%2FKN5U3BS08TES0TTHb2gD8Gn882qLz2eTq1Rtga%2BVbFASX8jcUH1LIQ944OpfxPQCu1ctam%2BSrruqDeXDT3Ol1kY80VnPpz%2F2vFrikBl6zXqAQib5Xew2LT64QAGzPIUerLmsAsdapTlhxoUg9tHj%2FYKllBAxhn1kwXJX0RRItkZAqH99SO25u%2BKSRoQc8TRpafwuo3Xingd1dGpfrrTIQaUP9%2BP6RtBLhKIauHPN%2BQp28%2Bj7BfhZEXUdECqj68%2F%2FJpneXTGgtKbEASp3PFSYNE05b%2BfbLst5DHJh9Ke7pTjlmbiFu6Cnuw8oXp7rVA%3D%3D',0,1);
INSERT INTO TBL_PART_CATEGORY(name,section_id,image_url,IS_SEPARABLE,IS_ACCESSORY) VALUES ('Nắp phân điện',7,'https://storage.googleapis.com/vrms-290212.appspot.com/ec318d7c-bcf8-42bb-ae1b-9751f09cf12e238.png?GoogleAccessId=firebase-adminsdk-y2tzh@vrms-290212.iam.gserviceaccount.com&Expires=2472627533&Signature=VTjvZbvv%2FTgE6ActE%2Bkq2P2M%2B8RHP7SOEqk438%2BRsfJNZawN%2BA8%2FQfzxzzyR2gmelKpcH9Tk09fVPs6A3gY0tK50%2Bev4WNgZZQGHaTCyWN3HftKFxdFTXAnsasbhVDerRiIt2hSHYISB3A1j2gTfJCToXvbYonxkNawQ%2FkRfIQbfIFvoJh4wGnaWVa6M%2BxZO%2F2hZQlYya88OA8mwAp%2FrWPPzl4u%2F5xG9q%2FX%2BYQmKv%2B2JhmGqgJfPXNHeaBGRCjiAz5b9nUsSHORzBaQJxFueso2VXMx9UH6q9SjH1YdPTtmtLjCcDbp8m3OZoZhzIgcxD9eUTFLERcz%2BOGAZuILWSw%3D%3D',0,0);
INSERT INTO TBL_PART_CATEGORY(name,section_id,image_url,IS_SEPARABLE,IS_ACCESSORY) VALUES ('Rờ le bu gi sấy nóng',7,'https://storage.googleapis.com/vrms-290212.appspot.com/9bd91cf2-c997-488a-9d2a-93eabce0a8fa335.png?GoogleAccessId=firebase-adminsdk-y2tzh@vrms-290212.iam.gserviceaccount.com&Expires=2472627619&Signature=FHF8iUL55y%2BjeWnx3RZxZy%2FjFg%2BcunOjYzaSa2tIWLw%2BWunYJp36zXCyLQc4cIN6IFHMh8V5IeNSIxjwNp6e%2BFRDCdQEbLYPkKKQjhTkP0JKy0XbVHbPCrswvspPvjjUbhCAMu0TptJLy3z51heyzMu%2BUFu0IUIKRPO%2FbruktcshwLXgZv8Oetl5T8jdM7tPbWw7ymaOpo3zPbTbHRGawPiPVhRjpGHol5OTeUoxX3%2BvqLu%2Fj5hd%2FjxV84MWvMIYthq2jjr9llF3t%2FFll%2BZtVuoygdvBwDX16s3t87ZybANr1m1aI1UFIAwRqtU1xMWMOvMf%2B2GH9Bm1LehcqUuH9Q%3D%3D',0,0);
INSERT INTO TBL_PART_CATEGORY(name,section_id,image_url,IS_SEPARABLE,IS_ACCESSORY) VALUES ('Bộ phân phối đánh lửa',7,'https://storage.googleapis.com/vrms-290212.appspot.com/c9136964-ba2c-487b-81be-38b83e13a0c846.png?GoogleAccessId=firebase-adminsdk-y2tzh@vrms-290212.iam.gserviceaccount.com&Expires=2472627655&Signature=A1h8qh28mpZy%2Bp1Zky5LQLdco6B44S4glgA5DvFGkiB6EfHbXHK6zwANw%2BhW8nqpoOXowETo6nmCbmTQL2iZOvPZlvvBMOLwJTyjqEGUYt4YTq7rnOVftuhpT5fKXhvaJSoPrXYsGIQ9muhYxV141eVtx%2B7pAK8Rl7xx1hyQKkdBrMsDC%2BREeu4hY9PckoCo%2BnnTASMHjgB1%2F3LisngwW6LSq1f8o461G2uHE28WQtLlvrfyebaph%2BsQidyYC%2BmOJKx9vDSEhmAy1vMhlfLBviUD%2FGe%2B5sHlBhP2mXg9N%2FbbtT0jvNTIGgH2MS9M8vuFd8ZgR7u5hMaDxsvlTziNTg%3D%3D',0,1);
INSERT INTO TBL_PART_CATEGORY(name,section_id,image_url,IS_SEPARABLE,IS_ACCESSORY) VALUES ('Bộ điều nhiệt động cơ',8,'https://storage.googleapis.com/vrms-290212.appspot.com/dc344ad9-ef82-426e-a34e-573106a6d3cd37.png?GoogleAccessId=firebase-adminsdk-y2tzh@vrms-290212.iam.gserviceaccount.com&Expires=2472627677&Signature=eV9R4fmhmt0xXmRHmWzEEcJHghh4btKkb4WwLu%2FnnQCZ69HEqayzB3XHulE4gtOalBipIzQzm8cnT3HEptpCrlN%2BjZIL6oRtlE%2Bk%2BWsSuSAVedI82l79SlSJLgpkD8LXdPpRwFcJRqODPWAD6o2eqjm%2FFfoxoKK9Th1EWW%2FU8iG%2FJoAcIe2LwIAPuFMyy5ZcH%2FDb%2FVuK1WxWlkRz37Z8z3IOwsl%2FPoKtin1f%2BvK9H6TH3kXQI9%2FMhbgjYbL%2BmBNorYh%2Fb7fxUnGNlVKaodvNqK5xjeIZMSPQ7JXcb0wvs70%2FGqK0uguCdizXpkLZ9YI1MMmsZ%2BxEl0VMx1R5ujCrFA%3D%3D',0,1);
INSERT INTO TBL_PART_CATEGORY(name,section_id,image_url,IS_SEPARABLE,IS_ACCESSORY) VALUES ('Bơm nước',8,'https://storage.googleapis.com/vrms-290212.appspot.com/294d1a77-3bdc-434c-b81d-b53c817d0e26313.png?GoogleAccessId=firebase-adminsdk-y2tzh@vrms-290212.iam.gserviceaccount.com&Expires=2472627700&Signature=AmAHf4LFibXgKx3A2DNkaFpwQZ4rsVqeywFDvazdLXeBw6vqr2R29a%2BE80RUgAgQhvmcAbggUEdIwk8l%2FPD8QQdI0YWKTI5n%2BeppttnrWss0mjFhRa6ll2mpyRxcVbpG28U0jdJmF0jAfbASmqUkNlzIbVxiS%2FO9aHxoMC5I4DRuMD7mhYgmbMTNU4Dtsh3a7iJ%2BQ1YgHvuen9%2FA25YCwE4SET5R3R2iopRZnxJnoCADTuqTVVafCr%2FKwKI0TqzWxPS9WsIRHxvGX3FUVPiGC0FrY7nn5cI8Zqvc5egvmjsjSGI0XqXl%2FVRrRnsMzGd2RFmYwgcpt08QCLH0jUvP0g%3D%3D',0,1);
INSERT INTO TBL_PART_CATEGORY(name,section_id,image_url,IS_SEPARABLE,IS_ACCESSORY) VALUES ('Bộ hạ nhiệt máy',8,'https://storage.googleapis.com/vrms-290212.appspot.com/e3385ada-df4d-4609-ac26-df99d40f1f5c139.png?GoogleAccessId=firebase-adminsdk-y2tzh@vrms-290212.iam.gserviceaccount.com&Expires=2472627724&Signature=TomSJQyVdbb%2FYqRcjZC2oL%2FzdCsc2sHkT8S17pLot1Z11XM8rcDOU1GWxhnGu%2Fd8djyuwnHAiiWTKzf8nE%2F24c6A1dSErmPMZTWMjdYDEtYRHG0WkOQqjrcu1ICNw16d2nJrW%2BrfLWStesBX9gAdwXHw0yCDngt2oe2S54Hb0043f7qUvac0R3ClyPjBqyssfc6hMVqZRM%2FlZcRDahjEGGmRt%2BpVX1wHTaAOPIa7HR%2Fcgbh7iRZAu2U5TcVAGXzYNp26nLyjY9JmhBbWuAdZO%2FPKpi2Vr%2FSxrG05ScXFJJsaTWvO7Ek6HzCE%2BOSUII1XrHtCcL67MtvpK09EhC8qLQ%3D%3D',0,1);
INSERT INTO TBL_PART_CATEGORY(name,section_id,image_url,IS_SEPARABLE,IS_ACCESSORY) VALUES ('Cảm biến nước làm mát',8,'https://storage.googleapis.com/vrms-290212.appspot.com/6c7166bc-0306-4ed4-a8ce-8082a386b4e8110.png?GoogleAccessId=firebase-adminsdk-y2tzh@vrms-290212.iam.gserviceaccount.com&Expires=2472627774&Signature=RcMljup4AeZTl8BEweCxSTSzDJzyUQYudDTDifBFL8F6H%2BV8zREeU0U%2F98yw32Yl%2BPaO8Mqx%2BB4ei4SwFTGp1eTkX%2BK6%2FZEFi01FghMYR5%2BuBc51Ee8qxXeVBIDtYqL5TMqsUHkXYdnb2MYv2jTdMlCulfiSXasGlrhsSHZdYXfzuPEHNXuV%2FeI1GvI9C0pjgwfxCyBv4Pgq3SWc9hdDtZZPjJPBeg0Zn2LdLWjkmZHDe6voNlkYHuZEK8W1UmpFhIthBhbj2Hl8v7zU7y%2BPq2cy7NlrJEg%2FtixoZCntCCBVh3uWp0cFVxRHgqtnMAOS0U8XsQNZ2M4gU7FQfLR5cQ%3D%3D',0,1);
INSERT INTO TBL_PART_CATEGORY(name,section_id,image_url,IS_SEPARABLE,IS_ACCESSORY) VALUES ('Thùng giãn nở chất làm mát',8,'https://storage.googleapis.com/vrms-290212.appspot.com/9d84525f-06b3-4cc0-a55e-46c2f3042c82133.png?GoogleAccessId=firebase-adminsdk-y2tzh@vrms-290212.iam.gserviceaccount.com&Expires=2472627793&Signature=JscFZWJ8JVKgBCMtrIGpeO1YPdxvZAGTMvUzCzvPJB0M%2Bj%2F3EUcAM433d7NyNBfCLur9ddkRW6bKIgCmVw4xGI1iPRN9Oj86hf7cOtwRzCUmYXXUYFH0nRFtYTd7Ogf6VLeYm4xCRXV1CGxjfNZSbprzhmJshzIYSOr6v6Pnvj3Sy7gQFN2QxwaTW%2F9HUHyT0eIqxRf8v169jXB2gvNG3yBMu27mDcVlac03%2FVv9Dnm5bwkplq%2FQ2RT3NFtJidIv3ygEpD5ybUo1milBjzkOxGdMJqyFhGJwGHqDOyDfWNFaKvWWL01scoXJm9YehdPB5qS1vTSqUnWi6kPG3BPRjg%3D%3D',0,0);
INSERT INTO TBL_PART_CATEGORY(name,section_id,image_url,IS_SEPARABLE,IS_ACCESSORY) VALUES ('Nắp thùng giãn nở',8,'https://storage.googleapis.com/vrms-290212.appspot.com/5a14ccb6-65e5-4866-83ad-99ceb3fcc88a339.png?GoogleAccessId=firebase-adminsdk-y2tzh@vrms-290212.iam.gserviceaccount.com&Expires=2472627813&Signature=o3Q3vVD3HRsRjWfMYvnbUKEm7ablnrgrW9aXG7w1jTrK8RnS32a7x7VwCQPVuQKwlpah2vzdtLuImKQRWnpJUlS2fmfpexqcTjf0Vzgnc5RY0A147kU8HjbsWi8VcXSWumnwM834dpwvB%2F64j4dA6DVFUt4Co3mVvDP0yvmXK%2Bdw7t%2Fng9h9ffw1sdHdVnh0n1UOLVddbH8oSkRvCTZ5Y%2FURMD0Vvnoa7F83jcSKcptpuJhcWQZX%2F1K%2BlFwgP4VjBCrd%2Ffs6Erciq6Qfh6TEW4d%2Fe6ES8YVN9V8G9nSJvSwfBSd9k3EnsSdMRgeg8Qr4zWIrQCa2mhHfFskdp%2Bt3aw%3D%3D',0,0);
INSERT INTO TBL_PART_CATEGORY(name,section_id,image_url,IS_SEPARABLE,IS_ACCESSORY) VALUES ('Thiết bị làm mát sử dụng động cơ đốt trong',8,'https://storage.googleapis.com/vrms-290212.appspot.com/74eafff1-ce86-4af1-9dff-82bf27aece43247.png?GoogleAccessId=firebase-adminsdk-y2tzh@vrms-290212.iam.gserviceaccount.com&Expires=2472627834&Signature=U%2Fw2bwm%2BCI9Uodq9WmAXClziO8BzqRhzYfUwYawvBIiNj1mXb6UbNo%2BusNo0sP8qTnwcz5dvc%2Bz1iBjmxq6yGHi4wn90o2MP71oICNYrGJXtSkAHgEt%2BSpxpMb8Wy0awY3yiFHyGfoD3QagRQooiFtL%2Fhk5hwaYPxmSW9P7QAjzFsudIBJlZdKk%2B8O2kV%2BAkOe2K1T0TdJUE%2F0jfDbkGEowldISWT9UCZ5cAPX%2BrFcMAet0mHsBAQTzvc8C2LkWE3zOGCiEl0ZHjxnlGu7uagdbN%2BduppJxEhEFCSgTd2hMOQIKgBa%2B4cKSJa1ar58rE9TLIFMqv4BGuuZEB1O1JBQ%3D%3D',0,1);
INSERT INTO TBL_PART_CATEGORY(name,section_id,image_url,IS_SEPARABLE,IS_ACCESSORY) VALUES ('Mô tơ quạt két nước',8,'https://storage.googleapis.com/vrms-290212.appspot.com/2a239288-0d69-439c-9a90-a6bac0f15a4f136.png?GoogleAccessId=firebase-adminsdk-y2tzh@vrms-290212.iam.gserviceaccount.com&Expires=2472627861&Signature=hqnb%2Bsr2MFqPKgKyzE1u0%2BJajT3BhuAet4N8PhNNfeno%2F9iqyrnu5tfiASLFELVEV8zYTKorGFNyxwRbdRcyXku1Qw3wLSTbaH73PJ5uL1FdbTetL2oes%2FUtOxj7oPI661HWhQ5jh0g4GrkvNpgwJNCyKIy4o6x3IQVWmXLRo2GNR%2BeqG3ns1FRC2oBi7bcEWACCjvENu%2BAmxgN4470VurPJC81m2AcU%2Bz8e0EZ4Ao5qEKYTH%2FQrxBykk3GiP6GBRrufCDud64NJjN%2BllUBz2kOH44RFpLfFwie5JmmdB%2BNKxgrUI2RbuXi5%2FCjfM3VvoHnoIssvss47E0CKD9AiFA%3D%3D',0,1);
INSERT INTO TBL_PART_CATEGORY(name,section_id,image_url,IS_SEPARABLE,IS_ACCESSORY) VALUES ('Bộ làm mát dầu',8,'https://storage.googleapis.com/vrms-290212.appspot.com/15905dbe-832e-4046-b774-9d5d30c6e87c137.png?GoogleAccessId=firebase-adminsdk-y2tzh@vrms-290212.iam.gserviceaccount.com&Expires=2472627883&Signature=gZAdkRMguO%2FOHxRAYAji7WEknvpc7aLer%2FoJJD7Fw2eU77BrJUdvnPss81iw9Y5adJOMutMPDxKehZeoY7%2B9R%2FLwyBJ9Gdf1ooBipauUW265hPE9Ip0kd75SvkrWcxOtXtieh0OMH5k%2BfCdYKGT7s95F%2Fvu8rrn4XKhp4s%2BFYtVB6968BvZtF4W1WfhOG2AEiFQqiXJ5bd9gGgm9bYleQTTY9q5Hp5KeDMsnRyGxgqrsUy%2BjdsxQVfLFGrYtOPOJQDLxRaQyZhVAkF%2BC6COdmzvuspRlNdLKGvLNBtwYslxfFQv6fdZhpn4b%2BtG2hDLcvyqR07nTv38oJArye8Pl0w%3D%3D',0,1);
INSERT INTO TBL_PART_CATEGORY(name,section_id,image_url,IS_SEPARABLE,IS_ACCESSORY) VALUES ('Quạt ly hợp',8,'https://storage.googleapis.com/vrms-290212.appspot.com/c1ee9ec1-25c4-4a7f-8a8b-e9ab742aca14316.png?GoogleAccessId=firebase-adminsdk-y2tzh@vrms-290212.iam.gserviceaccount.com&Expires=2472627905&Signature=nBwlvUPwx6OLobhVy%2FaRM7IRU5XVTruyiKosYmL6r6sMy5OfggzPdkmbixaEp%2BAw3mKhbxRnqVWW%2F23ho1qiLp6YABcylqFB2Rjy39aUc0AW4bIGVTEUzH8rY9DvmL8agOEZLpV664%2BM55muJKV9RHI8rJem8YgZ1p9uXwN6icEGRhcdtEDjzs4GLq7o2wvZUHNnBSNrFWFmXeC5qKEq5uvxhgiUSAaziiTQnE4xtTtND8dX7Tg3B9h8Mm%2FPJ4oIy5tXLkkxTg833DbQFN2G5JP37hJ4rBYoGO%2BV%2BlS%2FDZCNT7WKPhoBE0AIBsCslHzIY2vdKcw%2BM9iENpVwTowiNw%3D%3D',0,1);
INSERT INTO TBL_PART_CATEGORY(name,section_id,image_url,IS_SEPARABLE,IS_ACCESSORY) VALUES ('Bộ giảm thanh phía sau',9,'https://storage.googleapis.com/vrms-290212.appspot.com/4c7e33e8-add1-4e25-92db-a744ee55af9a31.png?GoogleAccessId=firebase-adminsdk-y2tzh@vrms-290212.iam.gserviceaccount.com&Expires=2472627925&Signature=P3BCVXedUfQxIhXylq27bWcnWOtXK90m2V2C859e1MNpVF9yOyeo3qtxLQOdQfD7cGLIoFGfRacjRgTSxo3mzerS0iD%2BBVZperiBYT0VwdFBwhN6TWKaQX%2FjC9fYvIfBl7tTzNzOdIcTMDCkQHx3MmcB%2FgaChV4hB4ketTmacCJQ9JG2a2LarfNKheqrlO8Ew08MA3e%2BB%2BHMEpbMgSIqXP6sUTwZuGCPb8OE0Tmf58VrfKa%2F1EB6BJmK%2BB%2FKBYaEy2vLZHRyrH4XcZNq8lQjZHSl2Hd3vXJaUAS4wdkkIbxjvSA0ero3%2B%2FMw8QRZRQbyUyPRnHFHyLBziNbF6MRTeA%3D%3D',0,1);
INSERT INTO TBL_PART_CATEGORY(name,section_id,image_url,IS_SEPARABLE,IS_ACCESSORY) VALUES ('Van EGR',9,'https://storage.googleapis.com/vrms-290212.appspot.com/c5b04abd-8c4f-4511-b00a-ac2372bc9758262.png?GoogleAccessId=firebase-adminsdk-y2tzh@vrms-290212.iam.gserviceaccount.com&Expires=2472627967&Signature=aM%2BMcwYJlPD7T%2FuuoppxC9nvLWFW%2BsHzC7KurnsW87i6GasDDDm7%2FHhWV7FIYcNcN2R%2FlvGeeuIzOo3HfM%2B%2Bk5iKjRwiIxqxW4fExC5plUThObdc6SXqj6rgIzNWw%2F9454kuls%2Bk5NR3u7qOEbVqwrAE%2F5UaIOayPYIbCRgEWAMMfNQVLwjnVzSLE4gqYHAK4IsAiDeGnAGy0xGsU3c0YPMUaTMbQuJlCiWFLBCAnegbBV2qMitwd8XIfYVN9TtXUXoujQAsdPXowgHtCb2d3IwX6HTsqvxRfldHIpCSRn5eD1KB%2FtB0RzRFIuT0C1MUe38RN%2FFljChokhO0Z6abew%3D%3D',0,0);
INSERT INTO TBL_PART_CATEGORY(name,section_id,image_url,IS_SEPARABLE,IS_ACCESSORY) VALUES ('Miếng đệm khí thải',9,'https://storage.googleapis.com/vrms-290212.appspot.com/f1d28730-e453-4286-9c28-f8d0389f97b4442.png?GoogleAccessId=firebase-adminsdk-y2tzh@vrms-290212.iam.gserviceaccount.com&Expires=2472627987&Signature=Zr0G2blk00T3umdreG%2BKBZel1p%2BmEKRYwFrFZ9J%2BA6FjoteXMNTcT1xF66z%2FC6yOLbyTuH629Q%2BuIUBFye7z2UkMqQVqz4znAYtsHw%2B3FiY9PgZzmrVdVjBYTkMpUp4ZbPr5ngq6hbbG6ZKwNghQJTOq40%2FzJV5whMAHHYJCT%2BllyAQK2fcvg9lgcN0E03LQMBHsQ%2FnpTDChcgStHLk3XV%2Ftm%2Fvrv8GrVcqnGyQHSFUylgQDSWsa3O5RxWkrQkkdTIAdcQ5gkrhiSmGjWP%2Bb8qwsvw9jmH7pvmpbComs%2FmVeGzUbqjLHz9EpiDpBHqem7E0JMOL8Ws0%2FXXJx16QRmA%3D%3D',0,0);
INSERT INTO TBL_PART_CATEGORY(name,section_id,image_url,IS_SEPARABLE,IS_ACCESSORY) VALUES ('Móc xả',9,'https://storage.googleapis.com/vrms-290212.appspot.com/f79b860f-e8f7-4c47-bdcb-8c841ff56b63439.png?GoogleAccessId=firebase-adminsdk-y2tzh@vrms-290212.iam.gserviceaccount.com&Expires=2472628005&Signature=OwBr%2B92LbX%2FaBYgVOjkq4cYu9n0YNRfM8eWc4yzPTf3jYHXRE8Ezxf09HPYF1Uur9IuJE3XEKwwJrGXml8WBoYTbChT4qqZ59%2B7Z8o0fOSAt2Lq3JeFmWMFz51GSBd4O17cB9V5tft%2Bx2RddE5wmD%2BRfCdtgeQU0u8bxroeNjvhgIpuNNT38JbskcoVvwI31%2BYrmm9JKMeI66uB1PX9vQB%2BZXjzbb3J7JFxRYff8SwXALgMS4NepnrcGtod%2BkXw3RyEUrTb%2BnvUFYsRaNlWJ7EvSFkI4tO1QYgCOMV%2BctYNDe1NUZ7Gw3a0QoVFUw0%2BTDqDgtEsxnAgdDU98Id5EPQ%3D%3D',0,0);
INSERT INTO TBL_PART_CATEGORY(name,section_id,image_url,IS_SEPARABLE,IS_ACCESSORY) VALUES ('Kẹp xả',9,'https://storage.googleapis.com/vrms-290212.appspot.com/17feb01f-ff44-41c6-bcda-3968fc159318440.png?GoogleAccessId=firebase-adminsdk-y2tzh@vrms-290212.iam.gserviceaccount.com&Expires=2472628023&Signature=cqQqQsAeTWrFzdHDitTEdc9JEwJGbKCrH%2F8w0ARd5OZS21bXh2KVQXgbKcSwDAhWY7WuE4JxnZvdlbPFFRQ%2FlCIDc5lLCx2SUUPle0mvgNP3KNk0XXN%2FOXRBoEjUpnZJeP8gpHz%2Bk%2BBzoPu8DmcTkcMxp4LJbaL0rXjrYtDzBjjnbW3TQCLOYoylMIBRRk7rT94vGyrpnsvZa1mvxhTGjHQu%2Fp61%2FPa%2BXLlI3M3Ttob4CVyGkGRc5TDswYl0WahRi87zH%2FKcdnhdDkFmVxDGACEX33%2BrdQbDnTw5lHBOFlLnje57Elz%2BkpLJVdNtjkzt5MDj%2FzQmucUTjrCT7Y%2BPBQ%3D%3D',0,0);
INSERT INTO TBL_PART_CATEGORY(name,section_id,image_url,IS_SEPARABLE,IS_ACCESSORY) VALUES ('Ống xả',9,'https://storage.googleapis.com/vrms-290212.appspot.com/b8ff03e8-708d-4319-a87f-6445a2cb464079.png?GoogleAccessId=firebase-adminsdk-y2tzh@vrms-290212.iam.gserviceaccount.com&Expires=2472628074&Signature=fgCH91Xk9BhJ3%2Bm4qEW5ps5LZhUv3KPuG%2FBWBpfPApcCqG0rWllXWxkEiikv1NscTCrkPHyW5Dk31u6b48TXcCobT5ljSYBIoCIUSebtY1ipBsXmIr2kjrJgGqbjbeTRoqERIsAXZmXau04CegJYjSzNzlI4imuF1vWKialuyTb8cvx1P64Z8xDCiX48W6X%2FUfb4M%2FflW8IB76Mm6958KZ%2FNu3W7Au6bd9QZp07egrUKRwlPhGaMkHSziu%2FmRMnM5wfbIMo%2FWGFcWm79Ec5%2BYaR5Aeo2hM4d5Fn0QEyPZg%2B7d0a2ngugJ0pTD6p6yjwCvqkxrdnWOVd1wnptLd%2FY7A%3D%3D',0,1);
INSERT INTO TBL_PART_CATEGORY(name,section_id,image_url,IS_SEPARABLE,IS_ACCESSORY) VALUES ('Tấm chắn nhiệt',9,'https://storage.googleapis.com/vrms-290212.appspot.com/7c1377c4-5c6e-46b7-be50-1ff122fff472438.png?GoogleAccessId=firebase-adminsdk-y2tzh@vrms-290212.iam.gserviceaccount.com&Expires=2472628104&Signature=WSyumdUSHa7OXTg7mqCTXMwCQEO0E4nKx1iomW4nGgql7IlPfxJzrtzpL3sr%2BpWoLzS5x%2ByucnR1e6A%2FPyksTHj3rcUtw%2FltoJ41qj1EnJLAPJCgOE%2B2HMInjHFClohc0XuvQCOa%2F%2FOSPUYdcaTcxGoFVclLiS7vL53cZ93OAesUKAuHc6u%2FeLgPvCa1%2BQNeJ3vwf0wMksusnBI%2Bql3SC2Wd5Bgn0NSQo8LRjEnx9jIwPcjEEHlTMuxKBiIJOkAONC6L4BPn4mjc84N4FLYFi6nnh7mbcWD4z1TrZ6Jk5%2Fdo2STm4jXSV0si1Gix%2FC65Oj9wHGgXGtVoJyCAJWe7Nw%3D%3D',0,1);
INSERT INTO TBL_PART_CATEGORY(name,section_id,image_url,IS_SEPARABLE,IS_ACCESSORY) VALUES ('Ống bô',9,'https://storage.googleapis.com/vrms-290212.appspot.com/68b36675-2350-4058-88cd-dd6c47c14012236.png?GoogleAccessId=firebase-adminsdk-y2tzh@vrms-290212.iam.gserviceaccount.com&Expires=2472628122&Signature=AHgOlrcs0tenUwmUBCUybBOaa%2FGQtqN8yPhX5TqRIsmVAb%2F3%2FX2%2FLCgFkv3QVzbgz34Ro4iWu4eBihcCSXooeED9PO3TIY2DmCYU%2B9fa5hLYzP5RytuiATtOtMEeMqgjpSU84MN2V%2BqVItO4s42z0e7nAsZg%2BuiHjJx0h5kWaa2nFLvPSt%2FVhfQAxkMtGEJYIU2gfQVSjHSvvkMDrC%2Fs7W9ZBzKzkT3blTtNBt9OWJi65ixnhTcBssj3Kw6FCz9XHW61X4Omzm9sOmT7jYaSO3pb1ZYIxe6JEM1NrugIlOTQ9%2FXW2jXwD7z6VLu8EOigxOcnjj06QTRCcYvdvFHu5w%3D%3D',0,1);
INSERT INTO TBL_PART_CATEGORY(name,section_id,image_url,IS_SEPARABLE,IS_ACCESSORY) VALUES ('Đầu rô tuyn',10,'https://storage.googleapis.com/vrms-290212.appspot.com/57c955ef-81a1-4c9c-81df-97d304d3fe7e172.png?GoogleAccessId=firebase-adminsdk-y2tzh@vrms-290212.iam.gserviceaccount.com&Expires=2472628148&Signature=lyUWSSpNvDXZa%2BA3NxtIj4H8QDHyqewJIP7%2FRoaNFRusRGfeHWIcZHHsqnRe%2FpfUU%2FiThrXagWm2VL3k0tUt4AJpglw%2B0Vx10qmAvHkP%2FrtjD5t2rHYQkqDOveggRdKFa3%2BpeixrAVPB8t9sLe3wkHmuJfgj%2FnwSj%2BuEi5yY5jZAJAY5fap8qeQc9TF6lesciULKREpiMihedxhdBIJgtl9a8VVhkan53wf56ZvabxNWe1Pz7Sr%2FUA2wcwUKEC190uW09Dn4BnHDz1CihPZEqbY58oZ136Eh03t1qAVPUxYR10qwGG%2FDSQmlq2mdodlemCELu9OoZa9BTE4VSKwx2g%3D%3D',0,0);
INSERT INTO TBL_PART_CATEGORY(name,section_id,image_url,IS_SEPARABLE,IS_ACCESSORY) VALUES ('Ro-tuyn',10,'https://storage.googleapis.com/vrms-290212.appspot.com/da35eaa8-453a-489c-814d-dcf303e38fd7201.png?GoogleAccessId=firebase-adminsdk-y2tzh@vrms-290212.iam.gserviceaccount.com&Expires=2472628169&Signature=EWDZTh60Q84fCs4%2F8JdRdbDPrnrmJkzUk1ScCo1Wp1JDSzE3aBpbVVFZvhPRRxfLkat%2F%2Fijo7QwKclZqKL%2B%2BKImvpC6lZqXXQZ8FDlqud2LCZkFd3V0%2BkcnKZONusgD2NI1GXcU7wnFOHLKfq%2BFAvRA04r%2Fi2AzQ8mzm%2FUUIbuTo9BjWtOdqvrFp1G9aVQTWGWGXrbUEIPfcC%2BD9dCXKHMR3DWR8d%2FhaNFg85xfiqB18RZDzt89blyhB7%2FagWd6j%2FS6v%2BYoMKahELVz9h5FyzX0DouoteCiBVZKuZGCcVukH4shWkIZjwn2AsbXhZmWGgrHcM%2BIRXsRDa5YFKQvzFw%3D%3D',0,0);
INSERT INTO TBL_PART_CATEGORY(name,section_id,image_url,IS_SEPARABLE,IS_ACCESSORY) VALUES ('Bơm trợ lực lái',10,'https://storage.googleapis.com/vrms-290212.appspot.com/c366cf0e-0c14-419e-9b0c-d8d442beec1a171.png?GoogleAccessId=firebase-adminsdk-y2tzh@vrms-290212.iam.gserviceaccount.com&Expires=2472628192&Signature=VydnRGghLDECqT3MTUicUfTV%2BrbYB3%2Fm4ozzzKkhQcA33Xex8RG%2F%2FPL6yUDvOTZtAYlYa%2Bl1sv0KzD0cHz4YylwxsqbprywLY83GSY7laq%2FnzEEnKT3VdsAnf%2B134eRgjkOt7viStSBr1o0oDkG5bGkMZLO9X%2BlpIR2Npp17S%2BPx5FqX8RuM7sWnmRLKt6q1gtCCjiBTODs1pld93HwTQiAsWhE%2FhDghQnv17mEHXWoTZb1BirCIyqoSVIhVcqoMwMQ2v%2BhixwXAlvruOCVx%2FRAzrKyFMVo7pa1MSm%2FI9V0RdFRJjcIZ9tIu379Mhzao2uW5mEcupozSWA1FOLRkoA%3D%3D',0,1);
INSERT INTO TBL_PART_CATEGORY(name,section_id,image_url,IS_SEPARABLE,IS_ACCESSORY) VALUES ('Dầu tuabin',10,'https://storage.googleapis.com/vrms-290212.appspot.com/678931b8-d3cd-4737-b8c4-64715cb5067a270.png?GoogleAccessId=firebase-adminsdk-y2tzh@vrms-290212.iam.gserviceaccount.com&Expires=2472628224&Signature=F4FotIyx1ckxgbqcuS3bEAphWmxkCL7lmMMZZgdKMSMbGPIJZM4mDF%2BqZZIH%2BR4xt7GwRx%2FT4rjzeoeN0yHDtMpK6eIo8R7FHEtDv7BUKEHiOCNJOUJzCP0WPmII7zZWTP8EL2BTvYTeNOq0cRv0vu8wmbsrjyBu38SLxnfIEWJSnahKlUMv30BemflH%2BLsF6Bjdu5ZacO2rZIWe%2FK40jSm4RH%2BfY0llqpfYr0hXJK%2FF%2Beajj%2BDizOJcws9NauL4znO8vy%2FhTB9C4FBexhoB7G8u3ypUwHHogNyiUW7%2FfdZUPgADvC0oLGpyOdfEgF8gOmjLSybvK6%2FuMqW2n%2FEiVw%3D%3D',1,0);
INSERT INTO TBL_PART_CATEGORY(name,section_id,image_url,IS_SEPARABLE,IS_ACCESSORY) VALUES ('Thước lái',10,'https://storage.googleapis.com/vrms-290212.appspot.com/80699cfd-2efd-4b7d-bca7-00b3c16da0c5169.png?GoogleAccessId=firebase-adminsdk-y2tzh@vrms-290212.iam.gserviceaccount.com&Expires=2472628248&Signature=Tzj4LmS9LlLtHwyD5%2BMx%2BshpBLJ0%2F5SDE8KOIVsOgmFq47O2SyJHpn4PlBBmsvJkcZq%2Faufl137HznVKL%2BUiq4%2Bi7lNrJ9mixACAXksbvQ4%2BGWK%2F5SNZCp%2Fhf67WyngNx%2BRjJJQe79LkfAF8zIUi10uf5zrDtouXtX%2BYUxMA6jFl0OJ0xJWxE2ChB6gZtoVlAy3o8g%2FIAk3K0RkcmEw1MchLCHF%2Bo9%2Bi6DfGNuQnPw%2FCO7c8w0S7plbiVwr33Hgv9rJoHlXTh6uFojoHQrh%2FAo8CUQsUiWx%2BQfLdDtm%2FMui%2BO%2FmOMLMHkeUnXmH4Q3S6im1b8RPd98GWAhITpLVMTg%3D%3D',0,1);
INSERT INTO TBL_PART_CATEGORY(name,section_id,image_url,IS_SEPARABLE,IS_ACCESSORY) VALUES ('Thanh cân bằng',10,'https://storage.googleapis.com/vrms-290212.appspot.com/b1705b3d-c4bf-4083-8076-395bfb4e8756341.png?GoogleAccessId=firebase-adminsdk-y2tzh@vrms-290212.iam.gserviceaccount.com&Expires=2472628380&Signature=A7Paz9U85jEjA4DKkyK%2Fs%2F9q8gd2WJjmZupMymI9gvpyF9EX6xB2EFM8pQ8kXDRvXBlhMjNFt5JRXDOwYZsoXtILiu9bVDPmRh81UGtbHDoQkIRMskGOH6W00oQN4InNZqvj2xFyMys%2FAzZL4VswAH3fy%2B8t%2Fz%2BioQo4deQUipm60mFJTk36UF5oJENsv062INtOaomA0SojYpWtTjmJlSdpuuKBYes13Ef9GSXou2%2BUjn0PnqpbY5%2F%2F0TM2ibLtHk2gIsxsPWSo7P38JWcigfkMbzfYpUguBY8pE2e%2By9rDRh%2Fl3Y3KfMsQhVyu3OiB7PVeP0TDirCNTRuSAb6Ojw%3D%3D',0,1);
INSERT INTO TBL_PART_CATEGORY(name,section_id,image_url,IS_SEPARABLE,IS_ACCESSORY) VALUES ('Cảm biến góc độ tay lái',10,'https://storage.googleapis.com/vrms-290212.appspot.com/7dc3c48f-11c6-478b-a389-6a8e06e1d37c444.png?GoogleAccessId=firebase-adminsdk-y2tzh@vrms-290212.iam.gserviceaccount.com&Expires=2472628402&Signature=isx4EJSTwQ96zrnpB1ufSI2Bs0uIEZNqit4BZ1%2Be5RMbBXgntgyJSv91DD7waJTqhtopcsiQ8l0Kc8eQ9Gkp6HxsDUAtCZU4ilmyyrYmt4fyEGnyVfFWwg54eepJF6WB3NwSTwdgMHQwy4xI%2BOxzu2wJy3T%2FlZ58PjbACToSnrVQvFwAY3wxJt0c1b74TWdMVJs317Xcff9w9XPHDQtGEGJsWndGhp8M6P3Q9zeYJbWIuBI97qWKurv0bKva7ShjFFmSrjej5eYUAv7ZdvDlPF4t2mrQX1WviAqV7x4%2F8amySpxAbYZi9w3IKxG%2FjhbCzdGluZ81VrLOTfZMXaeYOw%3D%3D',0,1);
INSERT INTO TBL_PART_CATEGORY(name,section_id,image_url,IS_SEPARABLE,IS_ACCESSORY) VALUES ('Lazang',11,'https://storage.googleapis.com/vrms-290212.appspot.com/84265142-2f71-455d-9875-9c2441653ea3images.jpg?GoogleAccessId=firebase-adminsdk-y2tzh@vrms-290212.iam.gserviceaccount.com&Expires=2472628427&Signature=gzWq9vBsMiDjm6VZlrVlwcZGtJJKaFQThthEE4SwYkhcHfK0u4t%2BDt6wpMIs6itM%2FNsYMzoM04IC5NSzszZu3Tgiday5wvTcVrvagQ3P6zYUke5zPLBQXU%2F8hBx2EvCbtqGVrV5UUfkCSS14GpDiib%2BxK5Q0pylnCMbJCYzthVwOak1s6XvJvqtIVctu5PEzAG2ADG%2F35pIABmq8doU37MITGS3YP5PNWbhdfqtX%2B7bof6DlodM5zynxssENb8AK14vpR9%2BhQoGuZUf5Zdk7EVKZBpMBIx95mhKn%2F87MASEcQNbwhm9sfWVhqvAhoG0aYTGo4ajtxzG%2FpV8PdaS5qg%3D%3D',0,1);
INSERT INTO TBL_PART_CATEGORY(name,section_id,image_url,IS_SEPARABLE,IS_ACCESSORY) VALUES ('Lốp xe',11,'https://storage.googleapis.com/vrms-290212.appspot.com/be278069-fc40-416c-bbf9-0b9892a3be2fbdbcb701c73f140ddec9be58e505011f.jpg?GoogleAccessId=firebase-adminsdk-y2tzh@vrms-290212.iam.gserviceaccount.com&Expires=2472628448&Signature=BBogsNGdZK9gaF3AcncChKpzUGb8MPpQPJWSH%2FJusprckM7St0ZVT7%2BGSzWJTCHWaf0qBnw6ZLURagMLFIXwK%2BUHdIX6AL1QrUdNJfuH9ZaaTMElAagyNWgBeptJbcTPfCbfC35VTlM7%2BilaSc9Qsse4W%2F9sHwc9Tn9Zjre%2FyyZyXtPrBjv8gcRuJlT2d%2BWfp%2FUyThTRgeGwrzKX27a9HJYdaqjk%2BnKyn7CUbXJMnfg4jEncmGhml5XtiQtPM2n2A1oj6e2OxJ43z8gu6AWpj0QNixrw1o9oKfpolbn6ExmllDNxU9bGBIw7%2FX3WeiR8z3g8C%2FEmazvnKXgBKFu8wA%3D%3D',0,0);
INSERT INTO TBL_PART_CATEGORY(name,section_id,image_url,IS_SEPARABLE,IS_ACCESSORY) VALUES ('Cảm biến lốp',11,'https://storage.googleapis.com/vrms-290212.appspot.com/2331b900-e0d8-4554-8e95-2d9d7483e357cam-bien-ap-suat-lop-TPMS.jpg?GoogleAccessId=firebase-adminsdk-y2tzh@vrms-290212.iam.gserviceaccount.com&Expires=2472628470&Signature=JUaF8%2B7sNWhSo3MJ0S5oogRcjMyQhZsarz01trSH0sel1cXvGELz2la3Fvfcu3Q7Ww6fYReFOpn98i%2FLtwcQv7qGacm2lXfXz5hDVgXMGLQkttcFRcJeXSJfZoMd3LUUAYLGzWmWJuJNv410vzNA7sIXxTcN4jnaIOXsXfflYCH2GJmYOxr8bnayH36gHPlb3fuxe3XEwQ1uYshnwSsPCCPjewDUesx%2FLgjkf5YHu8BFbTzNmEkBCO5XQ%2Bkg4SxeyNVLM4p%2F%2FTr9DhMJQuwWF89CipKYFxqaj7kCCxWSS1yt6YMlCNYWck2ybGKbbfjUpUcau2daY86ZZSLRcMduew%3D%3D',0,1);
INSERT INTO TBL_PART_CATEGORY(name,section_id,image_url,IS_SEPARABLE,IS_ACCESSORY) VALUES ('Màn hình',12,'https://storage.googleapis.com/vrms-290212.appspot.com/bfe3a654-7107-4313-9b36-dfb93ae7c934man-hinh-camera-thuc-te-oto.jpg?GoogleAccessId=firebase-adminsdk-y2tzh@vrms-290212.iam.gserviceaccount.com&Expires=2472628494&Signature=BuMqJGNrNEE1mlCJ5hmbflkazysZyBybbioVBJF3zPayibY0KzdwVRoBBaLPxsgTYY2OlAmzZb0AcXkpdIHcN74TkYOP5CEBVhiUVvUCZQoKxBpAdWWtOIefAR4RgRHpPknNRLtgmpnk1z4WU9Xfbunm9kFcygULc8JqUyPeK0lZHWiBPdMkXvvssX4h%2FguRJDQtLRld4aiihhU43znF5s60%2Bw1MbflfZbhCYtNmXiMJV63mF3oaLpJfWzlixboc%2Bncgfu3ZI8Pa4rIGNunfoyK1BVngXtGrCkImPwH%2BYGRApMKv8IBNDGAAg%2F7Koc%2B4ZP5yBkZ%2BI75gyCy02Hmw0w%3D%3D',0,1);
INSERT INTO TBL_PART_CATEGORY(name,section_id,image_url,IS_SEPARABLE,IS_ACCESSORY) VALUES ('Đồng hồ đo',12,'https://storage.googleapis.com/vrms-290212.appspot.com/0494b9e7-e4f9-4ae2-868d-4a40d716db82fe5d67fe59c9a96ec5a691caa97d67e3.jpg?GoogleAccessId=firebase-adminsdk-y2tzh@vrms-290212.iam.gserviceaccount.com&Expires=2472628512&Signature=NPKwzClbtj51HFXjf%2BzIqko%2FGVLnJ0Y6s78k7ELhRNGNE4GqUltSH8j4vqSC%2FKR6f7uDZzKCbgk%2FeV1UHY6pepRBZ9T9guOL9PGQHsIWG7hKxiWF%2BLbeJl7Lm77znEn3ssr6CMvBRrcvPLzI2CuMy7aVjzNJtoCXRv9DKsE8N21jMmzgOT1UI%2BTU3cZ%2FVZKtUyiwR947AlD6awVMvnhmCEV851SMpWQ6EbPi8BeNMa8sSCDCMmVqa%2FfwEBrez7ZxUGcvFJFi7BFukKaIxYiaKa7cMRRan61tTf8WbaZP3L1xz%2BYmbW6Lj6Me9rbATNiMuJwhfcdCr9nRHbfVp46WyA%3D%3D',0,1);
INSERT INTO TBL_PART_CATEGORY(name,section_id,image_url,IS_SEPARABLE,IS_ACCESSORY) VALUES ('Còi',12,'https://storage.googleapis.com/vrms-290212.appspot.com/d59a1ad8-1ffa-4570-8ab7-aaec9ecb995fh%C3%ACnh-%E1%BA%A3nh-c%C3%B2i-s%E1%BB%ABng-%C3%B4-t%C3%B4-Bosch-ch%C3%ADnh-h%C3%A3ng-3.jpg?GoogleAccessId=firebase-adminsdk-y2tzh@vrms-290212.iam.gserviceaccount.com&Expires=2472628533&Signature=DEjMa14kANcpyaWFr1ZC8Ez2ME318e1hC6Me1GIM2f715H4WsWJvthqYaKWgVjqmz%2BZrN4No1FdKKDBJ1Kz%2F84KGfDuTyL2q6ItOk8bO6JMVrc3UdCvBeBfNwPCBZjKUSIjHF%2BqSkThTv9StwfKqPJ6VgvoU%2F1ABXc73K9vLwGEuYX8M9Ly7ZNFGxVZuz%2Fx9H5%2F4GJaY%2Fn6%2BhDJjT36dBdVNm95edHtBK1XUJwG4l0H7SCcZD7JhCR7lBNSusTbSonk4QuRw5Eym0ZD6AzvJEKGu%2F%2B8L402VfC9jvnHyFzzRUok1YBR3pMziPcktP57b5iLXLjNkyaVjwf%2BR0jLXWQ%3D%3D',0,1);
INSERT INTO TBL_PART_CATEGORY(name,section_id,image_url,IS_SEPARABLE,IS_ACCESSORY) VALUES ('Camera hành trình',13,'https://storage.googleapis.com/vrms-290212.appspot.com/60d9f2ab-58eb-4607-b255-483fb21c96f3images%20%281%29.jpg?GoogleAccessId=firebase-adminsdk-y2tzh@vrms-290212.iam.gserviceaccount.com&Expires=2472628589&Signature=XjYTNreIJzzdwyR096nyx7IKoKXTKTFE06LlqESv85raGWcDlWscp60XMeLbFqf8QETYvamUbM5mS7SETdg2l2vmzcUG3FgKVUgRGc8IoV%2FUOpTOdZU0%2FIgeN7imphMyAdEAUV7Sl0wv5JjMXf%2FVVlNUInFqmWQFYmLk%2F%2FhiLXYdDsEfcqYzQYYp%2BABF8SFiZh6H8kZpa8tiLRyI51BCXuqCOpXkKdxiLVBomhuHoMd9IWHi8NN1h91T8odKKdHteKrOk%2FiFd4zJU9BsB6JabwlMg%2Ft6LkkmeEfvy83dGZraAHu12lEp0RdQyOugFJ3bcATM6E6VYR1R38T6RQLZtQ%3D%3D',0,1);
INSERT INTO TBL_PART_CATEGORY(name,section_id,image_url,IS_SEPARABLE,IS_ACCESSORY) VALUES ('Camera 360',13,'https://storage.googleapis.com/vrms-290212.appspot.com/e6596a6f-fb53-4229-b57c-864bf4377bbelap-camera-360-do-2d-3d-gia-re-nhat-tai-otobay-cho-oto-xe-hoi-tai-ha-noi.jpg?GoogleAccessId=firebase-adminsdk-y2tzh@vrms-290212.iam.gserviceaccount.com&Expires=2472628609&Signature=V4LzF9aY%2FFoLvjsv2mUZ2rIcAKNZYrmmHzYsoLcVh5YlshJJRo4p5sRRdj7bAeojC3i1%2B9ZFL2ko9whYb7HDj3x9d05TXL8jCeZx8YM5bJnOpzgU2ZDroDp62ULYncH%2BtSZstY7Sb0O5U5CQFr%2BGvqFeHydonTH2%2Bv9IjYUoU%2BMN1KIbm1r15uPH%2FrykBTEMbyZS3ROzmuoB8JOC7QoQ9LR0AJGZmVpVAhxP8%2BvnEC1oy%2BojPd%2B%2FxHZdxmDnIZ%2BNn%2Bu8sj8lDycAdEbes3q3jgmRWwPmTy%2Bh8Mbzu4YxnhGq0awTkwfTfLwSUesvG9tfXMZUHO2s47PUsVGUrDIR1g%3D%3D',0,1);
INSERT INTO TBL_PART_CATEGORY(name,section_id,image_url,IS_SEPARABLE,IS_ACCESSORY) VALUES ('Thiết bị GPS',13,'https://storage.googleapis.com/vrms-290212.appspot.com/a66e6ab6-0934-40ec-b1ab-fbed738a6001dinh-vi-gps-o-to-4.png?GoogleAccessId=firebase-adminsdk-y2tzh@vrms-290212.iam.gserviceaccount.com&Expires=2472628632&Signature=OERjQplFsloU8VCmhdMchxwRtNP4XTNFODWrVcPTqHyIwTI7bs00mWkFfOHtpHlEI3EzBvw9OB4oFhOmkdok%2FwEyac7sS3Aq%2BmZkqtYMGshY8MkurcPvL0gnyiTeJnFeR75DoEmRe%2FIJELD2jplkRR6eYK0SLz88OOzRj87mg5YPl4eekAyvqFl0vAQNv4qiqzOsCZPyyVJSt6%2BpO7XxfvFuxTuAOeVNDnfagq%2F1GV4jKA%2BC6%2FHdvaMsZ%2BhekWtsKFEHAjA%2BSz%2F9RVgkqchAGFbIoqJk9TCeOpmUV8NN%2B2kix0di505AAOlK4vFODS5jIxNDcevNMGdZ3v7Qi6aZVg%3D%3D',0,1);
INSERT INTO TBL_PART_CATEGORY(name,section_id,image_url,IS_SEPARABLE,IS_ACCESSORY) VALUES ('Má thắng',14,'https://storage.googleapis.com/vrms-290212.appspot.com/3443b465-5b74-41cc-8def-4a0e1e41d43619.png?GoogleAccessId=firebase-adminsdk-y2tzh@vrms-290212.iam.gserviceaccount.com&Expires=2472628663&Signature=RM2Fd%2BLMJ9AmSvbA3KR9UiXCNrdwq7HMfxxtbojoW7MEKLFrZs4F8rOjEksDGDmMWaplcGxckE%2FhVIUP4BikT6zgrAYPK0K2l3IIZZAFg1pGVbNQYMqqjtnyCwqQWSdicccKLIxlwrVG2udQoDcox1sR3Bqlp2CPuJv%2B3Pr%2BqkLzFvf6x9yd99C2qVs1%2FbBByGYeUaByBRKPO8hbxSMw2tFIpuwaqirEsdHkBUezzndLwxUeZJHHyF1eiWBzIbuT%2F%2BM8g%2BsM8sRKaDHJ5sCyYVpilrPbwr9gEcAvXmlH5lEcIW3XLTGxHEwxIlh0nHKUhOyCF%2BIT2%2BgFomcDhfSr7w%3D%3D',0,0);
INSERT INTO TBL_PART_CATEGORY(name,section_id,image_url,IS_SEPARABLE,IS_ACCESSORY) VALUES ('Bộ kẹp phanh',14,NULL,0,0);
INSERT INTO TBL_PART_CATEGORY(name,section_id,image_url,IS_SEPARABLE,IS_ACCESSORY) VALUES ('Dĩa thắng',14,'https://storage.googleapis.com/vrms-290212.appspot.com/07417f26-2222-4a41-ba6c-90b337cb68ea18.png?GoogleAccessId=firebase-adminsdk-y2tzh@vrms-290212.iam.gserviceaccount.com&Expires=2472628686&Signature=TiCA61f75Crdu3NZuowVH7eVv9nn7QOZ8OotyAWFM2xY3V8%2BEbhQI%2B132yz8YDLVAsF4G7p5O6VODrFFALjWpD%2FUri%2F6AVYLNdrThEc4mbVA4KO0TS36WmWlkmj4BidpNhrZTubb7t8BnAXjFSGBkEs9EUMcQkrfQNCfAswCUAopnBBzTkjrv4Yyjde8MDNs7TqErkY62EcuF5Ftz0hNxW2g2KgvopWITTqDKmTAIXRij8a%2BEergI%2BK29Bj1Vs3HNsA%2BM0ftZikjOfXtskR1wLmooehG9PXnBZWlzqFVlF01%2Fu96Bow0C5M0DBAkyOVB264MTvfP7up%2FcoAWxALU2A%3D%3D',0,0);
INSERT INTO TBL_PART_CATEGORY(name,section_id,image_url,IS_SEPARABLE,IS_ACCESSORY) VALUES ('Dầu thắng',14,'https://storage.googleapis.com/vrms-290212.appspot.com/9db79946-0f45-4ee1-8551-9695a9ca980e289.png?GoogleAccessId=firebase-adminsdk-y2tzh@vrms-290212.iam.gserviceaccount.com&Expires=2472628710&Signature=Bn3mQhUByyI8PkxHMkOHkOTeICSo%2FQsXDS7etyW%2BKiIAGl3s3mkvYTTUWxqgi0MEsXiFIJWKP%2Bvlyou4eWG6CIZ1hcSMn1Oh83khNt2WJFujqgcKt5ogi4qelFR77WiAeAoYqA6rdt6Y4D6TGIDVCoeOleU0T3P0GKjTZXCZYeZsYnyNocD%2BDmbXf5WJJmpqEBmaQ0zP4bOmtjLiYWw%2Bq6sYe37lQ6OJKbYuGzZph7vBFO4SoJ37ku3QNrd%2F5LF2FCHZLUbRH%2F9h0iKRzNeHRHWReR1aI5ilYPqyvy34lYoaAKu0o1eTPuf6JkaOZuLsQs1SADjjBLi27YwrzFbu1g%3D%3D',1,0);
INSERT INTO TBL_PART_CATEGORY(name,section_id,image_url,IS_SEPARABLE,IS_ACCESSORY) VALUES ('Cảm biến ABS',14,'https://storage.googleapis.com/vrms-290212.appspot.com/46d07add-6018-41c5-8b0a-ddc6e0a86c9d99.png?GoogleAccessId=firebase-adminsdk-y2tzh@vrms-290212.iam.gserviceaccount.com&Expires=2472628725&Signature=gnkMJM3jq7FL5Y4qMpu1BhyYJw%2B7sR5%2F0U%2BUkzJICIHhlvFbcFfT0GAGHMPTsvWTtuGvhGqaeT4cks6lHx47ct0cj58hcv3Q6apwNhaO7n3rJ8TYJiK7MtrC1yLabku3UY0oCQP9Gun4TQI867moNubkw35QW%2B6%2B5Qe2YRbGVp6Xj0r%2Bw49RScTxkrRfkAJAB6qKEH89xeFNzmXCy3K60g3%2FdtkIbbiboCGE5CZnrX%2BoKdvKvl3dCJAECWVZb7m8tytNF9jQookWMzZHgq3fTaAgDYJquou%2FvE4CQK4wt5R9UInUN%2BgzbML7sfYyv6NToWc4oO6KVIIvz9TKbiUByQ%3D%3D',0,1);
INSERT INTO TBL_PART_CATEGORY(name,section_id,image_url,IS_SEPARABLE,IS_ACCESSORY) VALUES ('Ống phanh',14,'https://storage.googleapis.com/vrms-290212.appspot.com/2a233b23-c453-4c53-abff-9470ef2d50bd20.png?GoogleAccessId=firebase-adminsdk-y2tzh@vrms-290212.iam.gserviceaccount.com&Expires=2472628741&Signature=Let5bMoBDkTDcnimmHabYa00G1JJhe4arQOPeoifZUWmwYOScX%2BuHIQ3698OjPUWjCAiyTG692AqqYUcwBUYKKLuH8PsV73rzjrrGqc9sdm0zzCnNjfGdM4MKVFFVJIi0Gy%2FmiByT1f5f4IoDFoPYtfnLAU7WkQd8gqUHdJ%2BQAAHryclH1L6Bqp0IvxnWQFkbng0iGsb7Rv0pE76trEvrxPP0I7eSZ3%2BgWeSWd349MPQDmb4VxARFAfEty5l7khSPbWzHLQAtBFXnByNZtW2dlq7RMDRLKYG9wtHpmMyRMHDC7F%2Fz3gpRCddDG%2FWyjGJqMIhHQa4eer9ZcGGtDYEsw%3D%3D',0,0);
INSERT INTO TBL_PART_CATEGORY(name,section_id,image_url,IS_SEPARABLE,IS_ACCESSORY) VALUES ('Cảm biến mòn má phanh',14,NULL,0,1);
INSERT INTO TBL_PART_CATEGORY(name,section_id,image_url,IS_SEPARABLE,IS_ACCESSORY) VALUES ('Cáp phanh tay',14,'https://storage.googleapis.com/vrms-290212.appspot.com/19c8ce93-b963-4c3c-9fe4-d8fe21cf5640103.png?GoogleAccessId=firebase-adminsdk-y2tzh@vrms-290212.iam.gserviceaccount.com&Expires=2472628767&Signature=X8RQbY2Rx2eaegY69gKODkrh3nwMspyaUWwXjWu2pFOy82ntt%2BiaMqGjPCltGpXJ5ZhBDue%2BfJj%2F%2FxvcCAnTpcyMtbMUXAoclk%2BGVV1TAIRbYwmaNDZeDZkfAKIa2fqXGM2MIaVfoC4ocLxnA93LqVzMwXBc1Dgq4En0ewv6wfWhpOWINZRtj%2Fmb4b2qrJJZ0k0oDBGA7rblDGR54yNh4cCR6D53i7yKNN%2FksAOccq1I4m%2FPkJU8uKqIhFwMw%2BNpNmLbqYe8lkI5V1Hp4btqBLYDJwIBZIpvCIDnZgsxsGxKQe6e02XAqPFBPLrm3NrLCVkMIgvaS1OII97Qhu1LzQ%3D%3D',1,0);
INSERT INTO TBL_PART_CATEGORY(name,section_id,image_url,IS_SEPARABLE,IS_ACCESSORY) VALUES ('Xi lanh thắng con',14,'https://storage.googleapis.com/vrms-290212.appspot.com/0c37ff0b-f737-464e-a331-3501477b183d24.png?GoogleAccessId=firebase-adminsdk-y2tzh@vrms-290212.iam.gserviceaccount.com&Expires=2472628789&Signature=m%2FgoWCvy6Lj6qtKxBOhop6YX7wmuOXdndwf6S%2FVU89lXFhasSAYo64UL1FdJEzceWzAJtvlTuTjI7Xal8kx3BczYCLzklrYQk%2F0q%2B3NP3e6smUFnNlcg4e5MF3RZTtGeWdecf04tm7B5kGijz%2BHT%2BH244eXw%2FWVMuARUYqjF0pIHAgyYEpkoja0y6Hdp9OQLJsiImvGKEZkjCejw14cir6GgB6uLvJBfF%2B9MsASmq%2B9C7x5ysZ9vFi8YJCXfNeh60tixd5kTO2bcYQ196KQEX6Lpgw3s9JHJwESO%2BhB4oWr4paw%2Fsvcg5GOwnPXX0GFHUEt7MMkeLUbtD6kUkuq0xQ%3D%3D',0,1);
INSERT INTO TBL_PART_CATEGORY(name,section_id,image_url,IS_SEPARABLE,IS_ACCESSORY) VALUES ('Phanh tang trống',14,'https://storage.googleapis.com/vrms-290212.appspot.com/38c36184-ce93-427d-a05f-37190a6d8dfd493.png?GoogleAccessId=firebase-adminsdk-y2tzh@vrms-290212.iam.gserviceaccount.com&Expires=2472628826&Signature=JUxTiUR%2BYQ%2BtS4CUt6yszxzgw7Ojh50psbqnCcREqz9HimR%2F3Q2dt6p%2BIhUV2dLykVL%2BJNdXHaa%2FZiDmuZh8q%2FZzDn%2BxFWaM6GnSMCvZkvzQdJAGkpNz7C%2B%2BhKKI4hhargRFmt95Q1AOFTVe8MONwSBG0FxQfmLNHB4haHAntxByNx5sEPqr%2FwFPdh4IIViOvZY%2Fhggu8EOBRECIfNZB70se3n96DEuB5cjzBPGy%2FS%2BPMeJEcwICJZLlLkimw5hrr3d571%2FEcgsH7anyNXIwTxlcoa2nuj2pGtCk0wPHB0KzkYX79hVJC63eMTikjWpKVFzXLop30znpgj6EEgOAxA%3D%3D',0,1);
INSERT INTO TBL_PART_CATEGORY(name,section_id,image_url,IS_SEPARABLE,IS_ACCESSORY) VALUES ('Phanh servo',14,'https://storage.googleapis.com/vrms-290212.appspot.com/f2b39202-83a9-48bc-acb1-7627a53dca21100.png?GoogleAccessId=firebase-adminsdk-y2tzh@vrms-290212.iam.gserviceaccount.com&Expires=2472628847&Signature=jJUswTxpN8NexWPgZ0tzGMNVvZIy2aSsgREEetzvsTsZsDaHxY5EMTCKJ%2FgUl1mcmxN5SI%2B9x%2FyhfKARyCuUJGa%2Fm5uyh6NU9xIoZ7Z3qNxBgDVb%2Fv5k%2FxmjIz3E3GV%2BgYoj%2BeFNDt72oju%2FRFsrraAM2oemK0RfSxIurcPPB5BgfK%2F8trJkPQArtDpt%2FKezyZN%2FgOzuv2wd3lE5xINywuKd2H5G5rfFrS1G3BPKlsxQH7JXlee6A8UkBcByCI2hRDx0QDlf9jc2Xq00zRilisPQ5qKGwNcJxaNG6sxvQ9I%2BD2VJ5UuQARY0QfapmjHKXp97v0wMvJ3KYqdMR4AnVw%3D%3D',0,1);
INSERT INTO TBL_PART_CATEGORY(name,section_id,image_url,IS_SEPARABLE,IS_ACCESSORY) VALUES ('Thùng chất lỏng',14,'https://storage.googleapis.com/vrms-290212.appspot.com/5538d65f-6a47-4fcf-9374-0cfcdda7cdb4507.png?GoogleAccessId=firebase-adminsdk-y2tzh@vrms-290212.iam.gserviceaccount.com&Expires=2472628863&Signature=M5J7U8L4hXHumFfVgJWag%2Bqxp6V1OjIwwi6ulxxZyy5FiTHFKAINRwhScUEm45LK1opyQYdmWLza%2BQZpZQ9AljMD4KQvw5A%2FK3uvjXVqbGslbmJA33wHuouF7HWx8OI8xZH4n7HuFKSGivjD8JcUKMby3P5iDbz%2BpenPx28Qx5rjCfPZgBri5ifQdflrHDY3Qhaw061OXYhzM3zqvmv5WAWm7QoJ52TN%2B13mm5HVYO0QPNZvDbh7OLBul%2FpBa3lNKzO7OrwSutzAwU1Nsh2dHGS4cG9yKFnLrHHifPouDatNYtt%2BZhx1Vm020xJ0IWhsp0ESJT%2BOspRVkyNt7G%2BZGw%3D%3D',0,0);
INSERT INTO TBL_PART_CATEGORY(name,section_id,image_url,IS_SEPARABLE,IS_ACCESSORY) VALUES ('Bơm abs',14,'https://storage.googleapis.com/vrms-290212.appspot.com/f4840ba1-3fef-4bad-b18d-9528ec386511251.png?GoogleAccessId=firebase-adminsdk-y2tzh@vrms-290212.iam.gserviceaccount.com&Expires=2472628886&Signature=bV%2FPhq%2Bn29j8L31TBC%2BpyZEXD6rUreCFwCvqB7o1MeMqZPzbr%2FDFg9NcXXbdMQfi92AQsYTTyFU%2FFZFPTjkGOpuaKr1fZKIMQ2EbBABj%2F36e0jAd6IPtvFmRlNn%2BFtkW7658sCTFrzKbZZ3jR9fEefO5qvL7M13yM57IVRsPsQzOYd098cae9dJD6lSb2IIlexVaOyj9qICC2vs63XTYAKtdxW5WDqcIBHIv2yJVOvEvJpo4GBFrX1UqzxTDVZmuybzUJzbS%2FJ345L2R7zujFgEkI2dzy%2BH9R5y%2Bzaev5C8xTDOu%2BMrjb1ab5al716qaxaZ1XFnwLhTztWhfuFP%2FZw%3D%3D',0,1);
INSERT INTO TBL_PART_CATEGORY(name,section_id,image_url,IS_SEPARABLE,IS_ACCESSORY) VALUES ('Bộ điều chỉnh lực phanh',14,'https://storage.googleapis.com/vrms-290212.appspot.com/fe91a834-4128-4353-a72b-86b1e011de1252.png?GoogleAccessId=firebase-adminsdk-y2tzh@vrms-290212.iam.gserviceaccount.com&Expires=2472628907&Signature=NTYMBjJLI6l3Aub%2FVHzxd7W7yU%2FfI5UDzg43u5qcnIoQnBlWmtyVPXwOkWFb4QTX4wdY3LiEwJlWHqoG57yBuVO6oHggb3MpSNGUc8%2FVL4f63g8Ue0vFPxPCP3qgANpl8ruIgXXyaOWMR%2BbQm313cGhE1tVEu68V7pGdu3ikBcXXPCni4UmUVYGvgvehTXPaar8zVFUn5mBFFkyjR80D6ravEqBSz8TN%2Bm5aN5RLsfiTBDxMNmzLamrljmlby%2BjJDW8wnpKZacu2%2BHgLt7fnMBjT4EUcI%2ByWR%2BboxCTH%2FOj7aq9i9N1jMysS%2F6Yr7BIO80kfXlGmfvfOMOToJO4FSQ%3D%3D',0,1);
INSERT INTO TBL_PART_CATEGORY(name,section_id,image_url,IS_SEPARABLE,IS_ACCESSORY) VALUES ('Bộ lọc gió',15,'https://storage.googleapis.com/vrms-290212.appspot.com/ecf279e0-9661-4868-85bf-1c3926d4cc0352.png?GoogleAccessId=firebase-adminsdk-y2tzh@vrms-290212.iam.gserviceaccount.com&Expires=2472628926&Signature=N6nz567vNYR28M%2F1iytDwtCIp4fa4kvFbo6oHfGp%2BS9UIZvAK0%2BRyiPvZFj5DlWtc9qFj93FZ8Vsa8B4f9R0AGaOsoxie5%2F0IRz7Omx7apaGaz5QWkTvWVYbChBhqAN%2FoDG2kNzSC0PMAc22CodJl%2FdEj4DYzs05ACPsUm7QZwunW4mAq5x4mtzi7Ck8axyoJbBWH7FrDmRE8u4jnM5nPqKkLcxezNUryMsxa16dtxfq4%2FrNvJEl%2Fz%2BZ4o50NeYq4wIB6ATf%2FeHspv%2Fu%2Bs8U0fy5hhE7hwJtie1k87IgD7FoBvDHHVtfiLjZFc1qlM3asrXW02WUv45HvNCgibrm8g%3D%3D',0,1);
INSERT INTO TBL_PART_CATEGORY(name,section_id,image_url,IS_SEPARABLE,IS_ACCESSORY) VALUES ('Bộ lọc nhiên liệu',15,'https://storage.googleapis.com/vrms-290212.appspot.com/3ec6777e-be00-44c5-8649-f8ce891d45e753.png?GoogleAccessId=firebase-adminsdk-y2tzh@vrms-290212.iam.gserviceaccount.com&Expires=2472628944&Signature=b%2FWGzXWVFt2OD%2FfAnYlN3l574yOHGOeQWnwni6qeWuhOWAveFyGHwAWrsxLwjMjFJUatTT7Mug90S1TFSDdom9bizFNZ4hxD3JUjH%2FWY5YbmxXJ8X5JBoMfdLy3CGB14OsYupfb%2FoB%2BOsKn7h875GezGylKkvVmZrtr4aJG58s7OxXN8zVzA5lS579woy6%2BvYQQQXFjaA0AKMRGeBJJI%2BOhcj7gmGPmpeD9gYhrknQCv3GzBmRj0G6Url4Qf90b2OOA4RfOkiFCwBnLp1FUZ58PZavH0qhmuiHkkY8yNTEBcqhWYKZs0pcQ0qdQObt2nBy%2FRaPO2tWRUM6iO4nevdA%3D%3D',0,1);


INSERT INTO TBL_MANUFACTURER(id,name,active,image_url) VALUES (1,'HONDA',1,'img');
INSERT INTO TBL_MANUFACTURER(id,name,active,image_url) VALUES (2,'HUYNDAI',1,'img');
INSERT INTO TBL_MANUFACTURER(id,name,active,image_url) VALUES (3,'FORD',1,'img');


INSERT INTO TBL_VEHICLE_MODEL(id,Name,manufacturer_ID,YEAR,GEAR_BOX,FUEL_TYPE) VALUES (1,'CRV',1,2019,'1.6 i-DTEC','Dầu');
INSERT INTO TBL_VEHICLE_MODEL(id,Name,manufacturer_ID,YEAR,GEAR_BOX,FUEL_TYPE) VALUES (2,'CRV',1,2019,'1.6 i-DTEC AWD','Dầu');
INSERT INTO TBL_VEHICLE_MODEL(id,Name,manufacturer_ID,YEAR,GEAR_BOX,FUEL_TYPE) VALUES (3,'CRV',1,2017,'1.6 i-DTEC','Dầu');
INSERT INTO TBL_VEHICLE_MODEL(id,Name,manufacturer_ID,YEAR,GEAR_BOX,FUEL_TYPE) VALUES (4,'CRV',1,2017,'1.6 i-DTEC AWD','Dầu');
INSERT INTO TBL_VEHICLE_MODEL(id,Name,manufacturer_ID,YEAR,GEAR_BOX,FUEL_TYPE) VALUES (5,'CRV',1,2016,'1.5','Xăng');
INSERT INTO TBL_VEHICLE_MODEL(id,Name,manufacturer_ID,YEAR,GEAR_BOX,FUEL_TYPE) VALUES (6,'CRV',1,2017,'1.5','Xăng');
INSERT INTO TBL_VEHICLE_MODEL(id,Name,manufacturer_ID,YEAR,GEAR_BOX,FUEL_TYPE) VALUES (7,'CRV',1,2016,'1.5 AWD','Xăng');
INSERT INTO TBL_VEHICLE_MODEL(id,Name,manufacturer_ID,YEAR,GEAR_BOX,FUEL_TYPE) VALUES (8,'CRV',1,2017,'1.5 AWD','Xăng');
INSERT INTO TBL_VEHICLE_MODEL(id,Name,manufacturer_ID,YEAR,GEAR_BOX,FUEL_TYPE) VALUES (9,'CRV',1,2017,'1.5 VTEC','Xăng');
INSERT INTO TBL_VEHICLE_MODEL(id,Name,manufacturer_ID,YEAR,GEAR_BOX,FUEL_TYPE) VALUES (10,'CRV',1,2017,'1.5 VTEC AWD','Xăng');
INSERT INTO TBL_VEHICLE_MODEL(id,Name,manufacturer_ID,YEAR,GEAR_BOX,FUEL_TYPE) VALUES (11,'CRV',1,2017,'2.0 i-VTEC','Xăng');
INSERT INTO TBL_VEHICLE_MODEL(id,Name,manufacturer_ID,YEAR,GEAR_BOX,FUEL_TYPE) VALUES (12,'CRV',1,2017,'2.0 i-VTEC AWD','Xăng');
INSERT INTO TBL_VEHICLE_MODEL(id,Name,manufacturer_ID,YEAR,GEAR_BOX,FUEL_TYPE) VALUES (13,'CRV',1,2016,'2.4','Xăng');
INSERT INTO TBL_VEHICLE_MODEL(id,Name,manufacturer_ID,YEAR,GEAR_BOX,FUEL_TYPE) VALUES (14,'CITY',1,2014,'1.5 i-DTEC','Dầu');
INSERT INTO TBL_VEHICLE_MODEL(id,Name,manufacturer_ID,YEAR,GEAR_BOX,FUEL_TYPE) VALUES (15,'CITY',1,2015,'1.5','Xăng');
INSERT INTO TBL_VEHICLE_MODEL(id,Name,manufacturer_ID,YEAR,GEAR_BOX,FUEL_TYPE) VALUES (16,'CITY',1,2015,'1.5 4WD','Xăng');
INSERT INTO TBL_VEHICLE_MODEL(id,Name,manufacturer_ID,YEAR,GEAR_BOX,FUEL_TYPE) VALUES (17,'CITY',1,2014,'1.5 i-VTEC','Xăng');
INSERT INTO TBL_VEHICLE_MODEL(id,Name,manufacturer_ID,YEAR,GEAR_BOX,FUEL_TYPE) VALUES (18,'CIVIC COUPE',1,2016,'1.5','Xăng');
INSERT INTO TBL_VEHICLE_MODEL(id,Name,manufacturer_ID,YEAR,GEAR_BOX,FUEL_TYPE) VALUES (19,'CIVIC COUPE',1,2017,'1.5 SI','Xăng');
INSERT INTO TBL_VEHICLE_MODEL(id,Name,manufacturer_ID,YEAR,GEAR_BOX,FUEL_TYPE) VALUES (20,'CIVIC COUPE',1,2016,'2.0','Xăng');
INSERT INTO TBL_VEHICLE_MODEL(id,Name,manufacturer_ID,YEAR,GEAR_BOX,FUEL_TYPE) VALUES (21,'HRV',1,2015,'1.6 i-DTEC','Dầu');
INSERT INTO TBL_VEHICLE_MODEL(id,Name,manufacturer_ID,YEAR,GEAR_BOX,FUEL_TYPE) VALUES (22,'HRV',1,2015,'1.5','Xăng');
INSERT INTO TBL_VEHICLE_MODEL(id,Name,manufacturer_ID,YEAR,GEAR_BOX,FUEL_TYPE) VALUES (23,'HRV',1,2019,'1.5 i-DTEC','Xăng');
INSERT INTO TBL_VEHICLE_MODEL(id,Name,manufacturer_ID,YEAR,GEAR_BOX,FUEL_TYPE) VALUES (24,'HRV',1,2014,'1.8 AWD','Xăng');
INSERT INTO TBL_VEHICLE_MODEL(id,Name,manufacturer_ID,YEAR,GEAR_BOX,FUEL_TYPE) VALUES (25,'ACCORD',1,2017,'1.5 i-VTEC','Xăng');
INSERT INTO TBL_VEHICLE_MODEL(id,Name,manufacturer_ID,YEAR,GEAR_BOX,FUEL_TYPE) VALUES (26,'ACCORD',1,2017,'1.5 VTEC','Xăng');
INSERT INTO TBL_VEHICLE_MODEL(id,Name,manufacturer_ID,YEAR,GEAR_BOX,FUEL_TYPE) VALUES (27,'ACCORD',1,2018,'2.0 i-VTEC','Xăng');
INSERT INTO TBL_VEHICLE_MODEL(id,Name,manufacturer_ID,YEAR,GEAR_BOX,FUEL_TYPE) VALUES (28,'ACCORD',1,2017,'2.0 i-VTEC','Xăng');
INSERT INTO TBL_VEHICLE_MODEL(id,Name,manufacturer_ID,YEAR,GEAR_BOX,FUEL_TYPE) VALUES (29,'ACCENT',2,2017,'1.4 CRDI','Dầu');
INSERT INTO TBL_VEHICLE_MODEL(id,Name,manufacturer_ID,YEAR,GEAR_BOX,FUEL_TYPE) VALUES (30,'ACCENT',2,2017,'1.6 CRDI','Dầu');
INSERT INTO TBL_VEHICLE_MODEL(id,Name,manufacturer_ID,YEAR,GEAR_BOX,FUEL_TYPE) VALUES (31,'ACCENT',2,2018,'1.4','Xăng');
INSERT INTO TBL_VEHICLE_MODEL(id,Name,manufacturer_ID,YEAR,GEAR_BOX,FUEL_TYPE) VALUES (32,'ACCENT',2,2018,'1.6','Xăng');
INSERT INTO TBL_VEHICLE_MODEL(id,Name,manufacturer_ID,YEAR,GEAR_BOX,FUEL_TYPE) VALUES (33,'ELANTRA',2,2016,'1.6 CRDI VGT','Dầu');
INSERT INTO TBL_VEHICLE_MODEL(id,Name,manufacturer_ID,YEAR,GEAR_BOX,FUEL_TYPE) VALUES (34,'ELANTRA',2,2016,'1.6 D','Dầu');
INSERT INTO TBL_VEHICLE_MODEL(id,Name,manufacturer_ID,YEAR,GEAR_BOX,FUEL_TYPE) VALUES (35,'ELANTRA',2,2016,'1.4','Xăng');
INSERT INTO TBL_VEHICLE_MODEL(id,Name,manufacturer_ID,YEAR,GEAR_BOX,FUEL_TYPE) VALUES (36,'ELANTRA',2,2019,'1.6','Xăng');
INSERT INTO TBL_VEHICLE_MODEL(id,Name,manufacturer_ID,YEAR,GEAR_BOX,FUEL_TYPE) VALUES (37,'ELANTRA',2,2016,'1.6','Xăng');
INSERT INTO TBL_VEHICLE_MODEL(id,Name,manufacturer_ID,YEAR,GEAR_BOX,FUEL_TYPE) VALUES (38,'ELANTRA',2,2015,'1.6','Xăng');
INSERT INTO TBL_VEHICLE_MODEL(id,Name,manufacturer_ID,YEAR,GEAR_BOX,FUEL_TYPE) VALUES (39,'ELANTRA',2,2016,'1.6 SR','Xăng');
INSERT INTO TBL_VEHICLE_MODEL(id,Name,manufacturer_ID,YEAR,GEAR_BOX,FUEL_TYPE) VALUES (40,'ELANTRA',2,2016,'2.0','Xăng');
INSERT INTO TBL_VEHICLE_MODEL(id,Name,manufacturer_ID,YEAR,GEAR_BOX,FUEL_TYPE) VALUES (41,'ELANTRA',2,2015,'2.0','Xăng');
INSERT INTO TBL_VEHICLE_MODEL(id,Name,manufacturer_ID,YEAR,GEAR_BOX,FUEL_TYPE) VALUES (42,'ELANTRA',2,2017,'2.0 MPI','Xăng');
INSERT INTO TBL_VEHICLE_MODEL(id,Name,manufacturer_ID,YEAR,GEAR_BOX,FUEL_TYPE) VALUES (43,'KONA',2,2017,'1.6 CRDI','Dầu');
INSERT INTO TBL_VEHICLE_MODEL(id,Name,manufacturer_ID,YEAR,GEAR_BOX,FUEL_TYPE) VALUES (44,'KONA',2,2018,'1.6 CRDI','Dầu');
INSERT INTO TBL_VEHICLE_MODEL(id,Name,manufacturer_ID,YEAR,GEAR_BOX,FUEL_TYPE) VALUES (45,'KONA',2,2017,'1.6 CRDI e-VGT','Dầu');
INSERT INTO TBL_VEHICLE_MODEL(id,Name,manufacturer_ID,YEAR,GEAR_BOX,FUEL_TYPE) VALUES (46,'KONA',2,2018,'1.6 CRDI e-VGT','Dầu');
INSERT INTO TBL_VEHICLE_MODEL(id,Name,manufacturer_ID,YEAR,GEAR_BOX,FUEL_TYPE) VALUES (47,'KONA',2,2017,'1.6 CRDI e-VGT AWD','Dầu');
INSERT INTO TBL_VEHICLE_MODEL(id,Name,manufacturer_ID,YEAR,GEAR_BOX,FUEL_TYPE) VALUES (48,'KONA',2,2018,'1.6 CRDI e-VGT AWD','Dầu');
INSERT INTO TBL_VEHICLE_MODEL(id,Name,manufacturer_ID,YEAR,GEAR_BOX,FUEL_TYPE) VALUES (49,'KONA',2,2017,'1.0 T-GDi','Xăng');
INSERT INTO TBL_VEHICLE_MODEL(id,Name,manufacturer_ID,YEAR,GEAR_BOX,FUEL_TYPE) VALUES (50,'KONA',2,2017,'1.6 T-GDi','Xăng');
INSERT INTO TBL_VEHICLE_MODEL(id,Name,manufacturer_ID,YEAR,GEAR_BOX,FUEL_TYPE) VALUES (51,'KONA',2,2017,'1.6 T-GDi 4WD','Xăng');
INSERT INTO TBL_VEHICLE_MODEL(id,Name,manufacturer_ID,YEAR,GEAR_BOX,FUEL_TYPE) VALUES (52,'KONA',2,2017,'2.0','Xăng');
INSERT INTO TBL_VEHICLE_MODEL(id,Name,manufacturer_ID,YEAR,GEAR_BOX,FUEL_TYPE) VALUES (53,'KONA',2,2017,'2.0 AWD','Xăng');
INSERT INTO TBL_VEHICLE_MODEL(id,Name,manufacturer_ID,YEAR,GEAR_BOX,FUEL_TYPE) VALUES (54,'SATAFE',2,2018,'2.0 CRDI','Dầu');
INSERT INTO TBL_VEHICLE_MODEL(id,Name,manufacturer_ID,YEAR,GEAR_BOX,FUEL_TYPE) VALUES (55,'SATAFE',2,2018,'2.0 CRDI AWD','Dầu');
INSERT INTO TBL_VEHICLE_MODEL(id,Name,manufacturer_ID,YEAR,GEAR_BOX,FUEL_TYPE) VALUES (56,'SATAFE',2,2018,'2.0 D','Dầu');
INSERT INTO TBL_VEHICLE_MODEL(id,Name,manufacturer_ID,YEAR,GEAR_BOX,FUEL_TYPE) VALUES (57,'SATAFE',2,2018,'2.0 D AWD','Dầu');
INSERT INTO TBL_VEHICLE_MODEL(id,Name,manufacturer_ID,YEAR,GEAR_BOX,FUEL_TYPE) VALUES (58,'SATAFE',2,2018,'2.2 CRDi','Dầu');
INSERT INTO TBL_VEHICLE_MODEL(id,Name,manufacturer_ID,YEAR,GEAR_BOX,FUEL_TYPE) VALUES (59,'SATAFE',2,2018,'2.2 CRDi AWD','Dầu');
INSERT INTO TBL_VEHICLE_MODEL(id,Name,manufacturer_ID,YEAR,GEAR_BOX,FUEL_TYPE) VALUES (60,'SATAFE',2,2018,'2.2 D','Dầu');
INSERT INTO TBL_VEHICLE_MODEL(id,Name,manufacturer_ID,YEAR,GEAR_BOX,FUEL_TYPE) VALUES (61,'SATAFE',2,2018,'2.2 D AWD','Dầu');
INSERT INTO TBL_VEHICLE_MODEL(id,Name,manufacturer_ID,YEAR,GEAR_BOX,FUEL_TYPE) VALUES (62,'SATAFE',2,2018,'2.0 AWD','Xăng');
INSERT INTO TBL_VEHICLE_MODEL(id,Name,manufacturer_ID,YEAR,GEAR_BOX,FUEL_TYPE) VALUES (63,'SATAFE',2,2018,'2.0 T-GDi','Xăng');
INSERT INTO TBL_VEHICLE_MODEL(id,Name,manufacturer_ID,YEAR,GEAR_BOX,FUEL_TYPE) VALUES (64,'SATAFE',2,2018,'2.4','Xăng');
INSERT INTO TBL_VEHICLE_MODEL(id,Name,manufacturer_ID,YEAR,GEAR_BOX,FUEL_TYPE) VALUES (65,'SATAFE',2,2018,'2.4 AWD','Xăng');
INSERT INTO TBL_VEHICLE_MODEL(id,Name,manufacturer_ID,YEAR,GEAR_BOX,FUEL_TYPE) VALUES (66,'SATAFE',2,2018,'2.4 GDI','Xăng');
INSERT INTO TBL_VEHICLE_MODEL(id,Name,manufacturer_ID,YEAR,GEAR_BOX,FUEL_TYPE) VALUES (67,'SATAFE',2,2018,'2.4 GDI AWD','Xăng');
INSERT INTO TBL_VEHICLE_MODEL(id,Name,manufacturer_ID,YEAR,GEAR_BOX,FUEL_TYPE) VALUES (68,'SATAFE',2,2018,'3.5 MPI AWD','Xăng');
INSERT INTO TBL_VEHICLE_MODEL(id,Name,manufacturer_ID,YEAR,GEAR_BOX,FUEL_TYPE) VALUES (69,'TUCSON',2,2018,'1.6 CRDi','Dầu');
INSERT INTO TBL_VEHICLE_MODEL(id,Name,manufacturer_ID,YEAR,GEAR_BOX,FUEL_TYPE) VALUES (70,'TUCSON',2,2015,'1.7 CRDi','Dầu');
INSERT INTO TBL_VEHICLE_MODEL(id,Name,manufacturer_ID,YEAR,GEAR_BOX,FUEL_TYPE) VALUES (71,'TUCSON',2,2015,'2.0 CRDi','Dầu');
INSERT INTO TBL_VEHICLE_MODEL(id,Name,manufacturer_ID,YEAR,GEAR_BOX,FUEL_TYPE) VALUES (72,'TUCSON',2,2015,'2.0 CRDi FWD','Dầu');
INSERT INTO TBL_VEHICLE_MODEL(id,Name,manufacturer_ID,YEAR,GEAR_BOX,FUEL_TYPE) VALUES (73,'TUCSON',2,2015,'1.6 GDI','Xăng');
INSERT INTO TBL_VEHICLE_MODEL(id,Name,manufacturer_ID,YEAR,GEAR_BOX,FUEL_TYPE) VALUES (74,'TUCSON',2,2015,'1.6 T-GDI','Xăng');
INSERT INTO TBL_VEHICLE_MODEL(id,Name,manufacturer_ID,YEAR,GEAR_BOX,FUEL_TYPE) VALUES (75,'TUCSON',2,2016,'1.6 T-GDI','Xăng');
INSERT INTO TBL_VEHICLE_MODEL(id,Name,manufacturer_ID,YEAR,GEAR_BOX,FUEL_TYPE) VALUES (76,'TUCSON',2,2015,'2.0','Xăng');
INSERT INTO TBL_VEHICLE_MODEL(id,Name,manufacturer_ID,YEAR,GEAR_BOX,FUEL_TYPE) VALUES (77,'TUCSON',2,2015,'2.0 4WD','Xăng');
INSERT INTO TBL_VEHICLE_MODEL(id,Name,manufacturer_ID,YEAR,GEAR_BOX,FUEL_TYPE) VALUES (78,'TUCSON',2,2015,'2.0 CVT','Xăng');
INSERT INTO TBL_VEHICLE_MODEL(id,Name,manufacturer_ID,YEAR,GEAR_BOX,FUEL_TYPE) VALUES (79,'TUCSON',2,2015,'2.0 GDI','Xăng');
INSERT INTO TBL_VEHICLE_MODEL(id,Name,manufacturer_ID,YEAR,GEAR_BOX,FUEL_TYPE) VALUES (80,'TUCSON',2,2015,'1.6 T-GDI','Xăng');
INSERT INTO TBL_VEHICLE_MODEL(id,Name,manufacturer_ID,YEAR,GEAR_BOX,FUEL_TYPE) VALUES (81,'i10',2,2019,'1.0 MPI','Xăng');
INSERT INTO TBL_VEHICLE_MODEL(id,Name,manufacturer_ID,YEAR,GEAR_BOX,FUEL_TYPE) VALUES (82,'ECOSPORT',3,2017,'1.5 TDCI','Dầu');
INSERT INTO TBL_VEHICLE_MODEL(id,Name,manufacturer_ID,YEAR,GEAR_BOX,FUEL_TYPE) VALUES (83,'ECOSPORT',3,2015,'1.5 TDCI','Dầu');
INSERT INTO TBL_VEHICLE_MODEL(id,Name,manufacturer_ID,YEAR,GEAR_BOX,FUEL_TYPE) VALUES (84,'ECOSPORT',3,2019,'1.5 TDCI','Dầu');
INSERT INTO TBL_VEHICLE_MODEL(id,Name,manufacturer_ID,YEAR,GEAR_BOX,FUEL_TYPE) VALUES (85,'ECOSPORT',3,2017,'1.5 TDCI 4x4','Dầu');
INSERT INTO TBL_VEHICLE_MODEL(id,Name,manufacturer_ID,YEAR,GEAR_BOX,FUEL_TYPE) VALUES (86,'ECOSPORT',3,2016,'1.0 EcoBoost','Xăng');
INSERT INTO TBL_VEHICLE_MODEL(id,Name,manufacturer_ID,YEAR,GEAR_BOX,FUEL_TYPE) VALUES (87,'ECOSPORT',3,2018,'1.0 EcoBoost','Xăng');
INSERT INTO TBL_VEHICLE_MODEL(id,Name,manufacturer_ID,YEAR,GEAR_BOX,FUEL_TYPE) VALUES (88,'ECOSPORT',3,2018,'1.5 Ti-VCT','Xăng');
INSERT INTO TBL_VEHICLE_MODEL(id,Name,manufacturer_ID,YEAR,GEAR_BOX,FUEL_TYPE) VALUES (89,'ECOSPORT',3,2018,'2.0 Ti-VCT','Xăng');
INSERT INTO TBL_VEHICLE_MODEL(id,Name,manufacturer_ID,YEAR,GEAR_BOX,FUEL_TYPE) VALUES (90,'ECOSPORT',3,2017,'2.0 Ti-VCT 4x4','Xăng');
INSERT INTO TBL_VEHICLE_MODEL(id,Name,manufacturer_ID,YEAR,GEAR_BOX,FUEL_TYPE) VALUES (91,'ECOSPORT',3,2018,'2.0 Ti-VCT 4x5','Xăng');
INSERT INTO TBL_VEHICLE_MODEL(id,Name,manufacturer_ID,YEAR,GEAR_BOX,FUEL_TYPE) VALUES (92,'RANGER',3,2018,'2.0 EcoBlue 4x4','Dầu');
INSERT INTO TBL_VEHICLE_MODEL(id,Name,manufacturer_ID,YEAR,GEAR_BOX,FUEL_TYPE) VALUES (93,'RANGER',3,2019,'2.0 EcoBlue 4x5','Dầu');
INSERT INTO TBL_VEHICLE_MODEL(id,Name,manufacturer_ID,YEAR,GEAR_BOX,FUEL_TYPE) VALUES (94,'RANGER',3,2015,'2.2 TDCI','Dầu');


INSERT INTO TBL_SERVICE_TYPE_DETAIL(SECTION_ID,TYPE_ID) VALUES (14,3);
INSERT INTO TBL_SERVICE_TYPE_DETAIL(SECTION_ID,TYPE_ID) VALUES (15,3);
INSERT INTO TBL_SERVICE_TYPE_DETAIL(SECTION_ID,TYPE_ID) VALUES (1,3);
INSERT INTO TBL_SERVICE_TYPE_DETAIL(SECTION_ID,TYPE_ID) VALUES (2,3);
INSERT INTO TBL_SERVICE_TYPE_DETAIL(SECTION_ID,TYPE_ID) VALUES (3,3);
INSERT INTO TBL_SERVICE_TYPE_DETAIL(SECTION_ID,TYPE_ID) VALUES (5,3);
INSERT INTO TBL_SERVICE_TYPE_DETAIL(SECTION_ID,TYPE_ID) VALUES (6,3);
INSERT INTO TBL_SERVICE_TYPE_DETAIL(SECTION_ID,TYPE_ID) VALUES (7,3);
INSERT INTO TBL_SERVICE_TYPE_DETAIL(SECTION_ID,TYPE_ID) VALUES (8,3);
INSERT INTO TBL_SERVICE_TYPE_DETAIL(SECTION_ID,TYPE_ID) VALUES (9,3);
INSERT INTO TBL_SERVICE_TYPE_DETAIL(SECTION_ID,TYPE_ID) VALUES (10,3);
INSERT INTO TBL_SERVICE_TYPE_DETAIL(SECTION_ID,TYPE_ID) VALUES (11,3);
INSERT INTO TBL_SERVICE_TYPE_DETAIL(SECTION_ID,TYPE_ID) VALUES (12,3);
INSERT INTO TBL_SERVICE_TYPE_DETAIL(SECTION_ID,TYPE_ID) VALUES (13,3);
INSERT INTO TBL_SERVICE_TYPE_DETAIL(SECTION_ID,TYPE_ID) VALUES (17,1);
INSERT INTO TBL_SERVICE_TYPE_DETAIL(SECTION_ID,TYPE_ID) VALUES (18,1);
INSERT INTO TBL_SERVICE_TYPE_DETAIL(SECTION_ID,TYPE_ID) VALUES (19,1);
INSERT INTO TBL_SERVICE_TYPE_DETAIL(SECTION_ID,TYPE_ID) VALUES (20,1);
INSERT INTO TBL_SERVICE_TYPE_DETAIL(SECTION_ID,TYPE_ID) VALUES (21,2);
INSERT INTO TBL_SERVICE_TYPE_DETAIL(SECTION_ID,TYPE_ID) VALUES (22,2);


INSERT INTO TBL_PROVIDER(ID,NAME,ADDRESS,IMAGE_URLS,LATITUDE,LONGITUDE,OPEN_TIME,CLOSE_TIME,CAPACITY_PER_SLOT,SLOT_DURATION,IS_ACTIVE) VALUES (1,'Gara Ô tô Phạm Hào','572 - 574 Công Hòa P.13 Q.Tân Bình TP.HCM, Phường 13, Tân Bình, Thành phố Hồ Chí Minh','https://lh5.googleusercontent.com/p/AF1QipP_rnwWXIAorYxSJuScmKlfJdLJ65SXGLOA60HA=w426-h240-k-no',10.80296,106.638998,'8:00','17:00',5,60,'TRUE');
INSERT INTO TBL_PROVIDER(ID,NAME,ADDRESS,IMAGE_URLS,LATITUDE,LONGITUDE,OPEN_TIME,CLOSE_TIME,CAPACITY_PER_SLOT,SLOT_DURATION,IS_ACTIVE) VALUES (2,'Garage Ô tô Hiệp Cường','281/1 Lý Thường Kiệt, Phường 15, Quận 11, Thành phố Hồ Chí Minh','https://lh5.googleusercontent.com/p/AF1QipMUIlsLtIofu2XT8mwrokhjzAanJCiUrodZU2Fa=w408-h306-k-no',10.774257,106.656063,'7:30','17:00',6,60,'TRUE');
INSERT INTO TBL_PROVIDER(ID,NAME,ADDRESS,IMAGE_URLS,LATITUDE,LONGITUDE,OPEN_TIME,CLOSE_TIME,CAPACITY_PER_SLOT,SLOT_DURATION,IS_ACTIVE) VALUES (3,'Honda Auto Cộng Hòa','142 Cộng Hòa, Phường 4, Tân Bình, Thành phố Hồ Chí Minh','https://lh5.googleusercontent.com/p/AF1QipPvGDjnSvgQdtHo1OOP512ZTqIUTbNXDqgJhqAV=w408-h544-k-no',10.801368,106.656024,'8:00','19:00',7,60,'TRUE');
INSERT INTO TBL_PROVIDER(ID,NAME,ADDRESS,IMAGE_URLS,LATITUDE,LONGITUDE,OPEN_TIME,CLOSE_TIME,CAPACITY_PER_SLOT,SLOT_DURATION,IS_ACTIVE) VALUES (4,'Honda ô tô Kim Thanh','Số 6 Đường 3 Tháng 2, Phường 15, Quận 11, Thành phố Hồ Chí Minh','https://lh5.googleusercontent.com/p/AF1QipOl0IKxO6gxZa6H4eNPSKBSEP_XuJxlDXyozayB=w433-h240-k-no',10.763918,106.659771,'7:30','19:00',4,60,'TRUE');
INSERT INTO TBL_PROVIDER(ID,NAME,ADDRESS,IMAGE_URLS,LATITUDE,LONGITUDE,OPEN_TIME,CLOSE_TIME,CAPACITY_PER_SLOT,SLOT_DURATION,IS_ACTIVE) VALUES (5,'Honda oto Bình Tân','63 Võ Văn Kiệt, An Lạc, Bình Tân, Thành phố Hồ Chí Minh','https://lh5.googleusercontent.com/p/AF1QipMDhV5miSjZAKG3y5oYU-_KN1Kk0n4pvfA77f5M=w408-h306-k-no',10.721129,106.610017,'8:00','17:00',10,60,'TRUE');
INSERT INTO TBL_PROVIDER(ID,NAME,ADDRESS,IMAGE_URLS,LATITUDE,LONGITUDE,OPEN_TIME,CLOSE_TIME,CAPACITY_PER_SLOT,SLOT_DURATION,IS_ACTIVE) VALUES (6,'Honda Oto Bình Dương','Thửa đất số 311, Tờ bản đồ số 62 D2 Khu Phố, Bình Đức, Thuận An, Bình Dương','https://lh5.googleusercontent.com/p/AF1QipO68S939v-GngWbYuWqxBK25syerw7fY5Uaz8r7=w493-h240-k-no',10.911617,106.713195,'8:00','18:00',9,45,'TRUE');
INSERT INTO TBL_PROVIDER(ID,NAME,ADDRESS,IMAGE_URLS,LATITUDE,LONGITUDE,OPEN_TIME,CLOSE_TIME,CAPACITY_PER_SLOT,SLOT_DURATION,IS_ACTIVE) VALUES (7,'Hyundai Tiên Phong','19 Đào Duy Anh, Phường 9, Phú Nhuận, Thành phố Hồ Chí Minh','https://lh5.googleusercontent.com/p/AF1QipMtXnG7szTQxdL9pjZjmN3Sc-smdvA__GwqGuEp=w408-h306-k-no',10.807280,106.676575,'6:00','23:00',4,60,'TRUE');
INSERT INTO TBL_PROVIDER(ID,NAME,ADDRESS,IMAGE_URLS,LATITUDE,LONGITUDE,OPEN_TIME,CLOSE_TIME,CAPACITY_PER_SLOT,SLOT_DURATION,IS_ACTIVE) VALUES (8,'Huyndai Nam Việt','91 Bờ Bao Tân Thắng, Celadon City, Tân Phú, Thành phố Hồ Chí Minh, Việt Nam','https://lh5.googleusercontent.com/p/AF1QipOPV3guqywODmkJQUdpzwLf7C3fA2kpKwm-n3xB=w408-h544-k-no',10.802790,106.621632,'8:00','17:00',6,60,'TRUE');
INSERT INTO TBL_PROVIDER(ID,NAME,ADDRESS,IMAGE_URLS,LATITUDE,LONGITUDE,OPEN_TIME,CLOSE_TIME,CAPACITY_PER_SLOT,SLOT_DURATION,IS_ACTIVE) VALUES (9,'Hyundai Trường Chinh','682A Trường Chinh, Phường 15, Tân Bình','https://lh5.googleusercontent.com/p/AF1QipPyYfE62wzOCZD_w6RdmptdEaHynIO8OUj2KsjB=w408-h272-k-no',10.809524,106.634469,'8:00','17:00',8,60,'TRUE');
INSERT INTO TBL_PROVIDER(ID,NAME,ADDRESS,IMAGE_URLS,LATITUDE,LONGITUDE,OPEN_TIME,CLOSE_TIME,CAPACITY_PER_SLOT,SLOT_DURATION,IS_ACTIVE) VALUES (10,'Hyundai Ngọc An','327 QL13, Hiệp Bình Phước, Thủ Đức, Thành phố Hồ Chí Minh','https://lh5.googleusercontent.com/p/AF1QipNz2bna2BNU8OPUuodIa-SLXsYBq1SG3I7-Szag=w408-h270-k-no',10.838880,106.714509,'8:00','18:00',5,60,'TRUE');
INSERT INTO TBL_PROVIDER(ID,NAME,ADDRESS,IMAGE_URLS,LATITUDE,LONGITUDE,OPEN_TIME,CLOSE_TIME,CAPACITY_PER_SLOT,SLOT_DURATION,IS_ACTIVE) VALUES (11,'Garage Ô Tô Hiệp','72 Làng Tăng Phú, Tăng Nhơn Phú A, Quận 9, Thành phố Hồ Chí Minh','https://lh5.googleusercontent.com/p/AF1QipOwGSDATJXYwSJgsuONze2MSBIWfpthUih0viSJ=w408-h306-k-no',10.844233,106.799176,'8:00','17:00',2,120,'TRUE');
INSERT INTO TBL_PROVIDER(ID,NAME,ADDRESS,IMAGE_URLS,LATITUDE,LONGITUDE,OPEN_TIME,CLOSE_TIME,CAPACITY_PER_SLOT,SLOT_DURATION,IS_ACTIVE) VALUES (12,'Garage Ô Tô Tâm','Hoàng Hữu Nam, Long Thạnh Mỹ, 9, Thành phố Hồ Chí Minh, Việt Nam',NULL,10.866611,106.813631,'9:00','17:00',1,60,'TRUE');
INSERT INTO TBL_PROVIDER(ID,NAME,ADDRESS,IMAGE_URLS,LATITUDE,LONGITUDE,OPEN_TIME,CLOSE_TIME,CAPACITY_PER_SLOT,SLOT_DURATION,IS_ACTIVE) VALUES (13,'Garage Sang','129 Lê Văn Việt, Hiệp Phú, Quận 9, Thành phố Hồ Chí Minh',NULL,10.846429,106.778414,'9:00','18:00',3,45,'TRUE');
INSERT INTO TBL_PROVIDER(ID,NAME,ADDRESS,IMAGE_URLS,LATITUDE,LONGITUDE,OPEN_TIME,CLOSE_TIME,CAPACITY_PER_SLOT,SLOT_DURATION,IS_ACTIVE) VALUES (14,'Garage Quận 9 - Lộc Cường','844E Xa lộ Hà Nội, Hiệp Phú, Quận 9, Thành phố Hồ Chí Minh',NULL,10.851875,106.778292,'7:00','17:30',2,30,'TRUE');


INSERT INTO TBL_ROLE(ID,NAME) VALUES (1,'ADMIN');
INSERT INTO TBL_ROLE(ID,NAME) VALUES (2,'USER');
INSERT INTO TBL_ROLE(ID,NAME) VALUES (3,'MANAGER');
INSERT INTO TBL_ROLE(ID,NAME) VALUES (4,'STAFF');
INSERT INTO TBL_ROLE(ID,NAME) VALUES (5,'TECHNICIAN');


INSERT INTO TBL_USER(FULL_NAME,GENDER,IMAGE_URL,PASSWORD,PHONE_NUMBER,USERNAME,ROLE_ID,PROVIDER_ID) VALUES ('ADMIN',0,'https://storage.googleapis.com/vrms-290212.appspot.com/de288e1b-d897-426e-94f0-1b38b59ced01be189731dbcf5edde49b6ac50347f656.png_wh860.png?GoogleAccessId=firebase-adminsdk-y2tzh@vrms-290212.iam.gserviceaccount.com&Expires=2472630865&Signature=hSXHrMhPlLaYe7QlraoT7g%2FQdi51HrVuqJx0BlBof1dIG2KrHKKjmLsuQRniq2PxwblWd8G5%2BLgmz%2FY%2BANNBaDcxbjcjbslNxVJRF4i5%2BYNMqyDWHRmjIKWvjOFs2MPQrd5sowQtUUewUqWIdL6HeOuovqbhyFwIgMi6LBJbInGN0GP53h7tZJjnHQhpSvdcoEjaL9YR5YSp0YAo2nOxWm9PWg7gBm7Xft%2Fxo%2B%2BLlLhKZR8TOKzoTiRdg5yt6y4FHVyObgmcyDytDlxI6qyZqGustr4H%2BaIbWB9TKEJyZ8qUtawR0nth%2Fjx8hcsc%2FoNG5SXUvua8ym4VhHtorP1gOQ%3D%3D',1,NULL,'admin',1,NULL);
INSERT INTO TBL_USER(FULL_NAME,GENDER,IMAGE_URL,PASSWORD,PHONE_NUMBER,USERNAME,ROLE_ID,PROVIDER_ID) VALUES ('Ayyan Martins',1,'https://storage.googleapis.com/vrms-290212.appspot.com/de288e1b-d897-426e-94f0-1b38b59ced01be189731dbcf5edde49b6ac50347f656.png_wh860.png?GoogleAccessId=firebase-adminsdk-y2tzh@vrms-290212.iam.gserviceaccount.com&Expires=2472630865&Signature=hSXHrMhPlLaYe7QlraoT7g%2FQdi51HrVuqJx0BlBof1dIG2KrHKKjmLsuQRniq2PxwblWd8G5%2BLgmz%2FY%2BANNBaDcxbjcjbslNxVJRF4i5%2BYNMqyDWHRmjIKWvjOFs2MPQrd5sowQtUUewUqWIdL6HeOuovqbhyFwIgMi6LBJbInGN0GP53h7tZJjnHQhpSvdcoEjaL9YR5YSp0YAo2nOxWm9PWg7gBm7Xft%2Fxo%2B%2BLlLhKZR8TOKzoTiRdg5yt6y4FHVyObgmcyDytDlxI6qyZqGustr4H%2BaIbWB9TKEJyZ8qUtawR0nth%2Fjx8hcsc%2FoNG5SXUvua8ym4VhHtorP1gOQ%3D%3D',1,NULL,'mn1',3,1);
INSERT INTO TBL_USER(FULL_NAME,GENDER,IMAGE_URL,PASSWORD,PHONE_NUMBER,USERNAME,ROLE_ID,PROVIDER_ID) VALUES ('Anya Chan',1,'https://storage.googleapis.com/vrms-290212.appspot.com/de288e1b-d897-426e-94f0-1b38b59ced01be189731dbcf5edde49b6ac50347f656.png_wh860.png?GoogleAccessId=firebase-adminsdk-y2tzh@vrms-290212.iam.gserviceaccount.com&Expires=2472630865&Signature=hSXHrMhPlLaYe7QlraoT7g%2FQdi51HrVuqJx0BlBof1dIG2KrHKKjmLsuQRniq2PxwblWd8G5%2BLgmz%2FY%2BANNBaDcxbjcjbslNxVJRF4i5%2BYNMqyDWHRmjIKWvjOFs2MPQrd5sowQtUUewUqWIdL6HeOuovqbhyFwIgMi6LBJbInGN0GP53h7tZJjnHQhpSvdcoEjaL9YR5YSp0YAo2nOxWm9PWg7gBm7Xft%2Fxo%2B%2BLlLhKZR8TOKzoTiRdg5yt6y4FHVyObgmcyDytDlxI6qyZqGustr4H%2BaIbWB9TKEJyZ8qUtawR0nth%2Fjx8hcsc%2FoNG5SXUvua8ym4VhHtorP1gOQ%3D%3D',1,NULL,'mn2',3,2);
INSERT INTO TBL_USER(FULL_NAME,GENDER,IMAGE_URL,PASSWORD,PHONE_NUMBER,USERNAME,ROLE_ID,PROVIDER_ID) VALUES ('Ishaaq O''Moore',0,'https://storage.googleapis.com/vrms-290212.appspot.com/de288e1b-d897-426e-94f0-1b38b59ced01be189731dbcf5edde49b6ac50347f656.png_wh860.png?GoogleAccessId=firebase-adminsdk-y2tzh@vrms-290212.iam.gserviceaccount.com&Expires=2472630865&Signature=hSXHrMhPlLaYe7QlraoT7g%2FQdi51HrVuqJx0BlBof1dIG2KrHKKjmLsuQRniq2PxwblWd8G5%2BLgmz%2FY%2BANNBaDcxbjcjbslNxVJRF4i5%2BYNMqyDWHRmjIKWvjOFs2MPQrd5sowQtUUewUqWIdL6HeOuovqbhyFwIgMi6LBJbInGN0GP53h7tZJjnHQhpSvdcoEjaL9YR5YSp0YAo2nOxWm9PWg7gBm7Xft%2Fxo%2B%2BLlLhKZR8TOKzoTiRdg5yt6y4FHVyObgmcyDytDlxI6qyZqGustr4H%2BaIbWB9TKEJyZ8qUtawR0nth%2Fjx8hcsc%2FoNG5SXUvua8ym4VhHtorP1gOQ%3D%3D',1,NULL,'mn3',3,3);
INSERT INTO TBL_USER(FULL_NAME,GENDER,IMAGE_URL,PASSWORD,PHONE_NUMBER,USERNAME,ROLE_ID,PROVIDER_ID) VALUES ('Ryan Beil',0,'https://storage.googleapis.com/vrms-290212.appspot.com/de288e1b-d897-426e-94f0-1b38b59ced01be189731dbcf5edde49b6ac50347f656.png_wh860.png?GoogleAccessId=firebase-adminsdk-y2tzh@vrms-290212.iam.gserviceaccount.com&Expires=2472630865&Signature=hSXHrMhPlLaYe7QlraoT7g%2FQdi51HrVuqJx0BlBof1dIG2KrHKKjmLsuQRniq2PxwblWd8G5%2BLgmz%2FY%2BANNBaDcxbjcjbslNxVJRF4i5%2BYNMqyDWHRmjIKWvjOFs2MPQrd5sowQtUUewUqWIdL6HeOuovqbhyFwIgMi6LBJbInGN0GP53h7tZJjnHQhpSvdcoEjaL9YR5YSp0YAo2nOxWm9PWg7gBm7Xft%2Fxo%2B%2BLlLhKZR8TOKzoTiRdg5yt6y4FHVyObgmcyDytDlxI6qyZqGustr4H%2BaIbWB9TKEJyZ8qUtawR0nth%2Fjx8hcsc%2FoNG5SXUvua8ym4VhHtorP1gOQ%3D%3D',1,NULL,'mn4',3,4);
INSERT INTO TBL_USER(FULL_NAME,GENDER,IMAGE_URL,PASSWORD,PHONE_NUMBER,USERNAME,ROLE_ID,PROVIDER_ID) VALUES ('Safiyyah Woodard',0,'https://storage.googleapis.com/vrms-290212.appspot.com/de288e1b-d897-426e-94f0-1b38b59ced01be189731dbcf5edde49b6ac50347f656.png_wh860.png?GoogleAccessId=firebase-adminsdk-y2tzh@vrms-290212.iam.gserviceaccount.com&Expires=2472630865&Signature=hSXHrMhPlLaYe7QlraoT7g%2FQdi51HrVuqJx0BlBof1dIG2KrHKKjmLsuQRniq2PxwblWd8G5%2BLgmz%2FY%2BANNBaDcxbjcjbslNxVJRF4i5%2BYNMqyDWHRmjIKWvjOFs2MPQrd5sowQtUUewUqWIdL6HeOuovqbhyFwIgMi6LBJbInGN0GP53h7tZJjnHQhpSvdcoEjaL9YR5YSp0YAo2nOxWm9PWg7gBm7Xft%2Fxo%2B%2BLlLhKZR8TOKzoTiRdg5yt6y4FHVyObgmcyDytDlxI6qyZqGustr4H%2BaIbWB9TKEJyZ8qUtawR0nth%2Fjx8hcsc%2FoNG5SXUvua8ym4VhHtorP1gOQ%3D%3D',1,NULL,'mn5',3,5);
INSERT INTO TBL_USER(FULL_NAME,GENDER,IMAGE_URL,PASSWORD,PHONE_NUMBER,USERNAME,ROLE_ID,PROVIDER_ID) VALUES ('Nguyen Van B',1,'https://storage.googleapis.com/vrms-290212.appspot.com/de288e1b-d897-426e-94f0-1b38b59ced01be189731dbcf5edde49b6ac50347f656.png_wh860.png?GoogleAccessId=firebase-adminsdk-y2tzh@vrms-290212.iam.gserviceaccount.com&Expires=2472630865&Signature=hSXHrMhPlLaYe7QlraoT7g%2FQdi51HrVuqJx0BlBof1dIG2KrHKKjmLsuQRniq2PxwblWd8G5%2BLgmz%2FY%2BANNBaDcxbjcjbslNxVJRF4i5%2BYNMqyDWHRmjIKWvjOFs2MPQrd5sowQtUUewUqWIdL6HeOuovqbhyFwIgMi6LBJbInGN0GP53h7tZJjnHQhpSvdcoEjaL9YR5YSp0YAo2nOxWm9PWg7gBm7Xft%2Fxo%2B%2BLlLhKZR8TOKzoTiRdg5yt6y4FHVyObgmcyDytDlxI6qyZqGustr4H%2BaIbWB9TKEJyZ8qUtawR0nth%2Fjx8hcsc%2FoNG5SXUvua8ym4VhHtorP1gOQ%3D%3D',1,NULL,'mn6',3,6);
INSERT INTO TBL_USER(FULL_NAME,GENDER,IMAGE_URL,PASSWORD,PHONE_NUMBER,USERNAME,ROLE_ID,PROVIDER_ID) VALUES ('Nguyen Van C',1,'https://storage.googleapis.com/vrms-290212.appspot.com/de288e1b-d897-426e-94f0-1b38b59ced01be189731dbcf5edde49b6ac50347f656.png_wh860.png?GoogleAccessId=firebase-adminsdk-y2tzh@vrms-290212.iam.gserviceaccount.com&Expires=2472630865&Signature=hSXHrMhPlLaYe7QlraoT7g%2FQdi51HrVuqJx0BlBof1dIG2KrHKKjmLsuQRniq2PxwblWd8G5%2BLgmz%2FY%2BANNBaDcxbjcjbslNxVJRF4i5%2BYNMqyDWHRmjIKWvjOFs2MPQrd5sowQtUUewUqWIdL6HeOuovqbhyFwIgMi6LBJbInGN0GP53h7tZJjnHQhpSvdcoEjaL9YR5YSp0YAo2nOxWm9PWg7gBm7Xft%2Fxo%2B%2BLlLhKZR8TOKzoTiRdg5yt6y4FHVyObgmcyDytDlxI6qyZqGustr4H%2BaIbWB9TKEJyZ8qUtawR0nth%2Fjx8hcsc%2FoNG5SXUvua8ym4VhHtorP1gOQ%3D%3D',1,NULL,'mn7',3,7);
INSERT INTO TBL_USER(FULL_NAME,GENDER,IMAGE_URL,PASSWORD,PHONE_NUMBER,USERNAME,ROLE_ID,PROVIDER_ID) VALUES ('Nguyen Van D',0,'https://storage.googleapis.com/vrms-290212.appspot.com/de288e1b-d897-426e-94f0-1b38b59ced01be189731dbcf5edde49b6ac50347f656.png_wh860.png?GoogleAccessId=firebase-adminsdk-y2tzh@vrms-290212.iam.gserviceaccount.com&Expires=2472630865&Signature=hSXHrMhPlLaYe7QlraoT7g%2FQdi51HrVuqJx0BlBof1dIG2KrHKKjmLsuQRniq2PxwblWd8G5%2BLgmz%2FY%2BANNBaDcxbjcjbslNxVJRF4i5%2BYNMqyDWHRmjIKWvjOFs2MPQrd5sowQtUUewUqWIdL6HeOuovqbhyFwIgMi6LBJbInGN0GP53h7tZJjnHQhpSvdcoEjaL9YR5YSp0YAo2nOxWm9PWg7gBm7Xft%2Fxo%2B%2BLlLhKZR8TOKzoTiRdg5yt6y4FHVyObgmcyDytDlxI6qyZqGustr4H%2BaIbWB9TKEJyZ8qUtawR0nth%2Fjx8hcsc%2FoNG5SXUvua8ym4VhHtorP1gOQ%3D%3D',1,NULL,'mn8',3,8);
INSERT INTO TBL_USER(FULL_NAME,GENDER,IMAGE_URL,PASSWORD,PHONE_NUMBER,USERNAME,ROLE_ID,PROVIDER_ID) VALUES ('Nguyen Van E',0,'https://storage.googleapis.com/vrms-290212.appspot.com/de288e1b-d897-426e-94f0-1b38b59ced01be189731dbcf5edde49b6ac50347f656.png_wh860.png?GoogleAccessId=firebase-adminsdk-y2tzh@vrms-290212.iam.gserviceaccount.com&Expires=2472630865&Signature=hSXHrMhPlLaYe7QlraoT7g%2FQdi51HrVuqJx0BlBof1dIG2KrHKKjmLsuQRniq2PxwblWd8G5%2BLgmz%2FY%2BANNBaDcxbjcjbslNxVJRF4i5%2BYNMqyDWHRmjIKWvjOFs2MPQrd5sowQtUUewUqWIdL6HeOuovqbhyFwIgMi6LBJbInGN0GP53h7tZJjnHQhpSvdcoEjaL9YR5YSp0YAo2nOxWm9PWg7gBm7Xft%2Fxo%2B%2BLlLhKZR8TOKzoTiRdg5yt6y4FHVyObgmcyDytDlxI6qyZqGustr4H%2BaIbWB9TKEJyZ8qUtawR0nth%2Fjx8hcsc%2FoNG5SXUvua8ym4VhHtorP1gOQ%3D%3D',1,NULL,'sf1',4,1);
INSERT INTO TBL_USER(FULL_NAME,GENDER,IMAGE_URL,PASSWORD,PHONE_NUMBER,USERNAME,ROLE_ID,PROVIDER_ID) VALUES ('Shyam Campbell',0,'https://storage.googleapis.com/vrms-290212.appspot.com/de288e1b-d897-426e-94f0-1b38b59ced01be189731dbcf5edde49b6ac50347f656.png_wh860.png?GoogleAccessId=firebase-adminsdk-y2tzh@vrms-290212.iam.gserviceaccount.com&Expires=2472630865&Signature=hSXHrMhPlLaYe7QlraoT7g%2FQdi51HrVuqJx0BlBof1dIG2KrHKKjmLsuQRniq2PxwblWd8G5%2BLgmz%2FY%2BANNBaDcxbjcjbslNxVJRF4i5%2BYNMqyDWHRmjIKWvjOFs2MPQrd5sowQtUUewUqWIdL6HeOuovqbhyFwIgMi6LBJbInGN0GP53h7tZJjnHQhpSvdcoEjaL9YR5YSp0YAo2nOxWm9PWg7gBm7Xft%2Fxo%2B%2BLlLhKZR8TOKzoTiRdg5yt6y4FHVyObgmcyDytDlxI6qyZqGustr4H%2BaIbWB9TKEJyZ8qUtawR0nth%2Fjx8hcsc%2FoNG5SXUvua8ym4VhHtorP1gOQ%3D%3D',1,NULL,'sf2',4,2);
INSERT INTO TBL_USER(FULL_NAME,GENDER,IMAGE_URL,PASSWORD,PHONE_NUMBER,USERNAME,ROLE_ID,PROVIDER_ID) VALUES ('Aditi Guest',1,'https://storage.googleapis.com/vrms-290212.appspot.com/de288e1b-d897-426e-94f0-1b38b59ced01be189731dbcf5edde49b6ac50347f656.png_wh860.png?GoogleAccessId=firebase-adminsdk-y2tzh@vrms-290212.iam.gserviceaccount.com&Expires=2472630865&Signature=hSXHrMhPlLaYe7QlraoT7g%2FQdi51HrVuqJx0BlBof1dIG2KrHKKjmLsuQRniq2PxwblWd8G5%2BLgmz%2FY%2BANNBaDcxbjcjbslNxVJRF4i5%2BYNMqyDWHRmjIKWvjOFs2MPQrd5sowQtUUewUqWIdL6HeOuovqbhyFwIgMi6LBJbInGN0GP53h7tZJjnHQhpSvdcoEjaL9YR5YSp0YAo2nOxWm9PWg7gBm7Xft%2Fxo%2B%2BLlLhKZR8TOKzoTiRdg5yt6y4FHVyObgmcyDytDlxI6qyZqGustr4H%2BaIbWB9TKEJyZ8qUtawR0nth%2Fjx8hcsc%2FoNG5SXUvua8ym4VhHtorP1gOQ%3D%3D',1,NULL,'tc1',5,1);
INSERT INTO TBL_USER(FULL_NAME,GENDER,IMAGE_URL,PASSWORD,PHONE_NUMBER,USERNAME,ROLE_ID,PROVIDER_ID) VALUES ('Romeo Hyde',1,'https://storage.googleapis.com/vrms-290212.appspot.com/de288e1b-d897-426e-94f0-1b38b59ced01be189731dbcf5edde49b6ac50347f656.png_wh860.png?GoogleAccessId=firebase-adminsdk-y2tzh@vrms-290212.iam.gserviceaccount.com&Expires=2472630865&Signature=hSXHrMhPlLaYe7QlraoT7g%2FQdi51HrVuqJx0BlBof1dIG2KrHKKjmLsuQRniq2PxwblWd8G5%2BLgmz%2FY%2BANNBaDcxbjcjbslNxVJRF4i5%2BYNMqyDWHRmjIKWvjOFs2MPQrd5sowQtUUewUqWIdL6HeOuovqbhyFwIgMi6LBJbInGN0GP53h7tZJjnHQhpSvdcoEjaL9YR5YSp0YAo2nOxWm9PWg7gBm7Xft%2Fxo%2B%2BLlLhKZR8TOKzoTiRdg5yt6y4FHVyObgmcyDytDlxI6qyZqGustr4H%2BaIbWB9TKEJyZ8qUtawR0nth%2Fjx8hcsc%2FoNG5SXUvua8ym4VhHtorP1gOQ%3D%3D',1,NULL,'tc2',5,1);
INSERT INTO TBL_USER(FULL_NAME,GENDER,IMAGE_URL,PASSWORD,PHONE_NUMBER,USERNAME,ROLE_ID,PROVIDER_ID) VALUES ('Nguyen Van G',0,'https://storage.googleapis.com/vrms-290212.appspot.com/de288e1b-d897-426e-94f0-1b38b59ced01be189731dbcf5edde49b6ac50347f656.png_wh860.png?GoogleAccessId=firebase-adminsdk-y2tzh@vrms-290212.iam.gserviceaccount.com&Expires=2472630865&Signature=hSXHrMhPlLaYe7QlraoT7g%2FQdi51HrVuqJx0BlBof1dIG2KrHKKjmLsuQRniq2PxwblWd8G5%2BLgmz%2FY%2BANNBaDcxbjcjbslNxVJRF4i5%2BYNMqyDWHRmjIKWvjOFs2MPQrd5sowQtUUewUqWIdL6HeOuovqbhyFwIgMi6LBJbInGN0GP53h7tZJjnHQhpSvdcoEjaL9YR5YSp0YAo2nOxWm9PWg7gBm7Xft%2Fxo%2B%2BLlLhKZR8TOKzoTiRdg5yt6y4FHVyObgmcyDytDlxI6qyZqGustr4H%2BaIbWB9TKEJyZ8qUtawR0nth%2Fjx8hcsc%2FoNG5SXUvua8ym4VhHtorP1gOQ%3D%3D',1,NULL,'tc3',5,1);
INSERT INTO TBL_USER(FULL_NAME,GENDER,IMAGE_URL,PASSWORD,PHONE_NUMBER,USERNAME,ROLE_ID,PROVIDER_ID) VALUES ('Harley Frederick',0,'https://storage.googleapis.com/vrms-290212.appspot.com/de288e1b-d897-426e-94f0-1b38b59ced01be189731dbcf5edde49b6ac50347f656.png_wh860.png?GoogleAccessId=firebase-adminsdk-y2tzh@vrms-290212.iam.gserviceaccount.com&Expires=2472630865&Signature=hSXHrMhPlLaYe7QlraoT7g%2FQdi51HrVuqJx0BlBof1dIG2KrHKKjmLsuQRniq2PxwblWd8G5%2BLgmz%2FY%2BANNBaDcxbjcjbslNxVJRF4i5%2BYNMqyDWHRmjIKWvjOFs2MPQrd5sowQtUUewUqWIdL6HeOuovqbhyFwIgMi6LBJbInGN0GP53h7tZJjnHQhpSvdcoEjaL9YR5YSp0YAo2nOxWm9PWg7gBm7Xft%2Fxo%2B%2BLlLhKZR8TOKzoTiRdg5yt6y4FHVyObgmcyDytDlxI6qyZqGustr4H%2BaIbWB9TKEJyZ8qUtawR0nth%2Fjx8hcsc%2FoNG5SXUvua8ym4VhHtorP1gOQ%3D%3D',1,NULL,'tc4',5,1);
INSERT INTO TBL_USER(FULL_NAME,GENDER,IMAGE_URL,PASSWORD,PHONE_NUMBER,USERNAME,ROLE_ID,PROVIDER_ID) VALUES ('Mildred Russell',0,'https://storage.googleapis.com/vrms-290212.appspot.com/de288e1b-d897-426e-94f0-1b38b59ced01be189731dbcf5edde49b6ac50347f656.png_wh860.png?GoogleAccessId=firebase-adminsdk-y2tzh@vrms-290212.iam.gserviceaccount.com&Expires=2472630865&Signature=hSXHrMhPlLaYe7QlraoT7g%2FQdi51HrVuqJx0BlBof1dIG2KrHKKjmLsuQRniq2PxwblWd8G5%2BLgmz%2FY%2BANNBaDcxbjcjbslNxVJRF4i5%2BYNMqyDWHRmjIKWvjOFs2MPQrd5sowQtUUewUqWIdL6HeOuovqbhyFwIgMi6LBJbInGN0GP53h7tZJjnHQhpSvdcoEjaL9YR5YSp0YAo2nOxWm9PWg7gBm7Xft%2Fxo%2B%2BLlLhKZR8TOKzoTiRdg5yt6y4FHVyObgmcyDytDlxI6qyZqGustr4H%2BaIbWB9TKEJyZ8qUtawR0nth%2Fjx8hcsc%2FoNG5SXUvua8ym4VhHtorP1gOQ%3D%3D',1,NULL,'tc5',5,2);
INSERT INTO TBL_USER(FULL_NAME,GENDER,IMAGE_URL,PASSWORD,PHONE_NUMBER,USERNAME,ROLE_ID,PROVIDER_ID) VALUES ('Sanaya Halliday',1,'https://storage.googleapis.com/vrms-290212.appspot.com/de288e1b-d897-426e-94f0-1b38b59ced01be189731dbcf5edde49b6ac50347f656.png_wh860.png?GoogleAccessId=firebase-adminsdk-y2tzh@vrms-290212.iam.gserviceaccount.com&Expires=2472630865&Signature=hSXHrMhPlLaYe7QlraoT7g%2FQdi51HrVuqJx0BlBof1dIG2KrHKKjmLsuQRniq2PxwblWd8G5%2BLgmz%2FY%2BANNBaDcxbjcjbslNxVJRF4i5%2BYNMqyDWHRmjIKWvjOFs2MPQrd5sowQtUUewUqWIdL6HeOuovqbhyFwIgMi6LBJbInGN0GP53h7tZJjnHQhpSvdcoEjaL9YR5YSp0YAo2nOxWm9PWg7gBm7Xft%2Fxo%2B%2BLlLhKZR8TOKzoTiRdg5yt6y4FHVyObgmcyDytDlxI6qyZqGustr4H%2BaIbWB9TKEJyZ8qUtawR0nth%2Fjx8hcsc%2FoNG5SXUvua8ym4VhHtorP1gOQ%3D%3D',1,NULL,'tc6',5,2);
INSERT INTO TBL_USER(FULL_NAME,GENDER,IMAGE_URL,PASSWORD,PHONE_NUMBER,USERNAME,ROLE_ID,PROVIDER_ID) VALUES ('Pharrell Rossi',1,'https://storage.googleapis.com/vrms-290212.appspot.com/de288e1b-d897-426e-94f0-1b38b59ced01be189731dbcf5edde49b6ac50347f656.png_wh860.png?GoogleAccessId=firebase-adminsdk-y2tzh@vrms-290212.iam.gserviceaccount.com&Expires=2472630865&Signature=hSXHrMhPlLaYe7QlraoT7g%2FQdi51HrVuqJx0BlBof1dIG2KrHKKjmLsuQRniq2PxwblWd8G5%2BLgmz%2FY%2BANNBaDcxbjcjbslNxVJRF4i5%2BYNMqyDWHRmjIKWvjOFs2MPQrd5sowQtUUewUqWIdL6HeOuovqbhyFwIgMi6LBJbInGN0GP53h7tZJjnHQhpSvdcoEjaL9YR5YSp0YAo2nOxWm9PWg7gBm7Xft%2Fxo%2B%2BLlLhKZR8TOKzoTiRdg5yt6y4FHVyObgmcyDytDlxI6qyZqGustr4H%2BaIbWB9TKEJyZ8qUtawR0nth%2Fjx8hcsc%2FoNG5SXUvua8ym4VhHtorP1gOQ%3D%3D',1,NULL,'tc7',5,2);
INSERT INTO TBL_USER(FULL_NAME,GENDER,IMAGE_URL,PASSWORD,PHONE_NUMBER,USERNAME,ROLE_ID,PROVIDER_ID) VALUES ('Romeo Hyde',0,'https://storage.googleapis.com/vrms-290212.appspot.com/de288e1b-d897-426e-94f0-1b38b59ced01be189731dbcf5edde49b6ac50347f656.png_wh860.png?GoogleAccessId=firebase-adminsdk-y2tzh@vrms-290212.iam.gserviceaccount.com&Expires=2472630865&Signature=hSXHrMhPlLaYe7QlraoT7g%2FQdi51HrVuqJx0BlBof1dIG2KrHKKjmLsuQRniq2PxwblWd8G5%2BLgmz%2FY%2BANNBaDcxbjcjbslNxVJRF4i5%2BYNMqyDWHRmjIKWvjOFs2MPQrd5sowQtUUewUqWIdL6HeOuovqbhyFwIgMi6LBJbInGN0GP53h7tZJjnHQhpSvdcoEjaL9YR5YSp0YAo2nOxWm9PWg7gBm7Xft%2Fxo%2B%2BLlLhKZR8TOKzoTiRdg5yt6y4FHVyObgmcyDytDlxI6qyZqGustr4H%2BaIbWB9TKEJyZ8qUtawR0nth%2Fjx8hcsc%2FoNG5SXUvua8ym4VhHtorP1gOQ%3D%3D',1,NULL,'tc8',5,2);
INSERT INTO TBL_USER(FULL_NAME,GENDER,IMAGE_URL,PASSWORD,PHONE_NUMBER,USERNAME,ROLE_ID,PROVIDER_ID) VALUES ('Nguyen Van G',0,'https://storage.googleapis.com/vrms-290212.appspot.com/de288e1b-d897-426e-94f0-1b38b59ced01be189731dbcf5edde49b6ac50347f656.png_wh860.png?GoogleAccessId=firebase-adminsdk-y2tzh@vrms-290212.iam.gserviceaccount.com&Expires=2472630865&Signature=hSXHrMhPlLaYe7QlraoT7g%2FQdi51HrVuqJx0BlBof1dIG2KrHKKjmLsuQRniq2PxwblWd8G5%2BLgmz%2FY%2BANNBaDcxbjcjbslNxVJRF4i5%2BYNMqyDWHRmjIKWvjOFs2MPQrd5sowQtUUewUqWIdL6HeOuovqbhyFwIgMi6LBJbInGN0GP53h7tZJjnHQhpSvdcoEjaL9YR5YSp0YAo2nOxWm9PWg7gBm7Xft%2Fxo%2B%2BLlLhKZR8TOKzoTiRdg5yt6y4FHVyObgmcyDytDlxI6qyZqGustr4H%2BaIbWB9TKEJyZ8qUtawR0nth%2Fjx8hcsc%2FoNG5SXUvua8ym4VhHtorP1gOQ%3D%3D',1,NULL,'tc9',5,2);
INSERT INTO TBL_USER(FULL_NAME,GENDER,IMAGE_URL,PASSWORD,PHONE_NUMBER,USERNAME,ROLE_ID,PROVIDER_ID) VALUES ('Jaeden Rayner',0,'https://storage.googleapis.com/vrms-290212.appspot.com/de288e1b-d897-426e-94f0-1b38b59ced01be189731dbcf5edde49b6ac50347f656.png_wh860.png?GoogleAccessId=firebase-adminsdk-y2tzh@vrms-290212.iam.gserviceaccount.com&Expires=2472630865&Signature=hSXHrMhPlLaYe7QlraoT7g%2FQdi51HrVuqJx0BlBof1dIG2KrHKKjmLsuQRniq2PxwblWd8G5%2BLgmz%2FY%2BANNBaDcxbjcjbslNxVJRF4i5%2BYNMqyDWHRmjIKWvjOFs2MPQrd5sowQtUUewUqWIdL6HeOuovqbhyFwIgMi6LBJbInGN0GP53h7tZJjnHQhpSvdcoEjaL9YR5YSp0YAo2nOxWm9PWg7gBm7Xft%2Fxo%2B%2BLlLhKZR8TOKzoTiRdg5yt6y4FHVyObgmcyDytDlxI6qyZqGustr4H%2BaIbWB9TKEJyZ8qUtawR0nth%2Fjx8hcsc%2FoNG5SXUvua8ym4VhHtorP1gOQ%3D%3D',1,'0123456789','us1',2,NULL);
INSERT INTO TBL_USER(FULL_NAME,GENDER,IMAGE_URL,PASSWORD,PHONE_NUMBER,USERNAME,ROLE_ID,PROVIDER_ID) VALUES ('Hùng Ngô',1,'https://storage.googleapis.com/vrms-290212.appspot.com/de288e1b-d897-426e-94f0-1b38b59ced01be189731dbcf5edde49b6ac50347f656.png_wh860.png?GoogleAccessId=firebase-adminsdk-y2tzh@vrms-290212.iam.gserviceaccount.com&Expires=2472630865&Signature=hSXHrMhPlLaYe7QlraoT7g%2FQdi51HrVuqJx0BlBof1dIG2KrHKKjmLsuQRniq2PxwblWd8G5%2BLgmz%2FY%2BANNBaDcxbjcjbslNxVJRF4i5%2BYNMqyDWHRmjIKWvjOFs2MPQrd5sowQtUUewUqWIdL6HeOuovqbhyFwIgMi6LBJbInGN0GP53h7tZJjnHQhpSvdcoEjaL9YR5YSp0YAo2nOxWm9PWg7gBm7Xft%2Fxo%2B%2BLlLhKZR8TOKzoTiRdg5yt6y4FHVyObgmcyDytDlxI6qyZqGustr4H%2BaIbWB9TKEJyZ8qUtawR0nth%2Fjx8hcsc%2FoNG5SXUvua8ym4VhHtorP1gOQ%3D%3D',1,'0896676593','us2',2,NULL);
INSERT INTO TBL_USER(FULL_NAME,GENDER,IMAGE_URL,PASSWORD,PHONE_NUMBER,USERNAME,ROLE_ID,PROVIDER_ID) VALUES ('Thành Nguyễn',1,'https://storage.googleapis.com/vrms-290212.appspot.com/de288e1b-d897-426e-94f0-1b38b59ced01be189731dbcf5edde49b6ac50347f656.png_wh860.png?GoogleAccessId=firebase-adminsdk-y2tzh@vrms-290212.iam.gserviceaccount.com&Expires=2472630865&Signature=hSXHrMhPlLaYe7QlraoT7g%2FQdi51HrVuqJx0BlBof1dIG2KrHKKjmLsuQRniq2PxwblWd8G5%2BLgmz%2FY%2BANNBaDcxbjcjbslNxVJRF4i5%2BYNMqyDWHRmjIKWvjOFs2MPQrd5sowQtUUewUqWIdL6HeOuovqbhyFwIgMi6LBJbInGN0GP53h7tZJjnHQhpSvdcoEjaL9YR5YSp0YAo2nOxWm9PWg7gBm7Xft%2Fxo%2B%2BLlLhKZR8TOKzoTiRdg5yt6y4FHVyObgmcyDytDlxI6qyZqGustr4H%2BaIbWB9TKEJyZ8qUtawR0nth%2Fjx8hcsc%2FoNG5SXUvua8ym4VhHtorP1gOQ%3D%3D',1,'0769750001','us3',2,NULL);
INSERT INTO TBL_USER(FULL_NAME,GENDER,IMAGE_URL,PASSWORD,PHONE_NUMBER,USERNAME,ROLE_ID,PROVIDER_ID) VALUES ('Ananya Flowers',0,'https://storage.googleapis.com/vrms-290212.appspot.com/de288e1b-d897-426e-94f0-1b38b59ced01be189731dbcf5edde49b6ac50347f656.png_wh860.png?GoogleAccessId=firebase-adminsdk-y2tzh@vrms-290212.iam.gserviceaccount.com&Expires=2472630865&Signature=hSXHrMhPlLaYe7QlraoT7g%2FQdi51HrVuqJx0BlBof1dIG2KrHKKjmLsuQRniq2PxwblWd8G5%2BLgmz%2FY%2BANNBaDcxbjcjbslNxVJRF4i5%2BYNMqyDWHRmjIKWvjOFs2MPQrd5sowQtUUewUqWIdL6HeOuovqbhyFwIgMi6LBJbInGN0GP53h7tZJjnHQhpSvdcoEjaL9YR5YSp0YAo2nOxWm9PWg7gBm7Xft%2Fxo%2B%2BLlLhKZR8TOKzoTiRdg5yt6y4FHVyObgmcyDytDlxI6qyZqGustr4H%2BaIbWB9TKEJyZ8qUtawR0nth%2Fjx8hcsc%2FoNG5SXUvua8ym4VhHtorP1gOQ%3D%3D',1,'0938072650','us4',2,NULL);
INSERT INTO TBL_USER(FULL_NAME,GENDER,IMAGE_URL,PASSWORD,PHONE_NUMBER,USERNAME,ROLE_ID,PROVIDER_ID) VALUES ('Belle Barrow',0,'https://storage.googleapis.com/vrms-290212.appspot.com/de288e1b-d897-426e-94f0-1b38b59ced01be189731dbcf5edde49b6ac50347f656.png_wh860.png?GoogleAccessId=firebase-adminsdk-y2tzh@vrms-290212.iam.gserviceaccount.com&Expires=2472630865&Signature=hSXHrMhPlLaYe7QlraoT7g%2FQdi51HrVuqJx0BlBof1dIG2KrHKKjmLsuQRniq2PxwblWd8G5%2BLgmz%2FY%2BANNBaDcxbjcjbslNxVJRF4i5%2BYNMqyDWHRmjIKWvjOFs2MPQrd5sowQtUUewUqWIdL6HeOuovqbhyFwIgMi6LBJbInGN0GP53h7tZJjnHQhpSvdcoEjaL9YR5YSp0YAo2nOxWm9PWg7gBm7Xft%2Fxo%2B%2BLlLhKZR8TOKzoTiRdg5yt6y4FHVyObgmcyDytDlxI6qyZqGustr4H%2BaIbWB9TKEJyZ8qUtawR0nth%2Fjx8hcsc%2FoNG5SXUvua8ym4VhHtorP1gOQ%3D%3D',1,'0392679544','us5',2,NULL);
INSERT INTO TBL_USER(FULL_NAME,GENDER,IMAGE_URL,PASSWORD,PHONE_NUMBER,USERNAME,ROLE_ID,PROVIDER_ID) VALUES ('Emilie Thomson',0,'https://storage.googleapis.com/vrms-290212.appspot.com/de288e1b-d897-426e-94f0-1b38b59ced01be189731dbcf5edde49b6ac50347f656.png_wh860.png?GoogleAccessId=firebase-adminsdk-y2tzh@vrms-290212.iam.gserviceaccount.com&Expires=2472630865&Signature=hSXHrMhPlLaYe7QlraoT7g%2FQdi51HrVuqJx0BlBof1dIG2KrHKKjmLsuQRniq2PxwblWd8G5%2BLgmz%2FY%2BANNBaDcxbjcjbslNxVJRF4i5%2BYNMqyDWHRmjIKWvjOFs2MPQrd5sowQtUUewUqWIdL6HeOuovqbhyFwIgMi6LBJbInGN0GP53h7tZJjnHQhpSvdcoEjaL9YR5YSp0YAo2nOxWm9PWg7gBm7Xft%2Fxo%2B%2BLlLhKZR8TOKzoTiRdg5yt6y4FHVyObgmcyDytDlxI6qyZqGustr4H%2BaIbWB9TKEJyZ8qUtawR0nth%2Fjx8hcsc%2FoNG5SXUvua8ym4VhHtorP1gOQ%3D%3D',1,'0238269159','us6',2,NULL);
INSERT INTO TBL_USER(FULL_NAME,GENDER,IMAGE_URL,PASSWORD,PHONE_NUMBER,USERNAME,ROLE_ID,PROVIDER_ID) VALUES ('Shanon Kemp',1,'https://storage.googleapis.com/vrms-290212.appspot.com/de288e1b-d897-426e-94f0-1b38b59ced01be189731dbcf5edde49b6ac50347f656.png_wh860.png?GoogleAccessId=firebase-adminsdk-y2tzh@vrms-290212.iam.gserviceaccount.com&Expires=2472630865&Signature=hSXHrMhPlLaYe7QlraoT7g%2FQdi51HrVuqJx0BlBof1dIG2KrHKKjmLsuQRniq2PxwblWd8G5%2BLgmz%2FY%2BANNBaDcxbjcjbslNxVJRF4i5%2BYNMqyDWHRmjIKWvjOFs2MPQrd5sowQtUUewUqWIdL6HeOuovqbhyFwIgMi6LBJbInGN0GP53h7tZJjnHQhpSvdcoEjaL9YR5YSp0YAo2nOxWm9PWg7gBm7Xft%2Fxo%2B%2BLlLhKZR8TOKzoTiRdg5yt6y4FHVyObgmcyDytDlxI6qyZqGustr4H%2BaIbWB9TKEJyZ8qUtawR0nth%2Fjx8hcsc%2FoNG5SXUvua8ym4VhHtorP1gOQ%3D%3D',1,'0971976036','us7',2,NULL);
INSERT INTO TBL_USER(FULL_NAME,GENDER,IMAGE_URL,PASSWORD,PHONE_NUMBER,USERNAME,ROLE_ID,PROVIDER_ID) VALUES ('Willie Ferrell',1,'https://storage.googleapis.com/vrms-290212.appspot.com/de288e1b-d897-426e-94f0-1b38b59ced01be189731dbcf5edde49b6ac50347f656.png_wh860.png?GoogleAccessId=firebase-adminsdk-y2tzh@vrms-290212.iam.gserviceaccount.com&Expires=2472630865&Signature=hSXHrMhPlLaYe7QlraoT7g%2FQdi51HrVuqJx0BlBof1dIG2KrHKKjmLsuQRniq2PxwblWd8G5%2BLgmz%2FY%2BANNBaDcxbjcjbslNxVJRF4i5%2BYNMqyDWHRmjIKWvjOFs2MPQrd5sowQtUUewUqWIdL6HeOuovqbhyFwIgMi6LBJbInGN0GP53h7tZJjnHQhpSvdcoEjaL9YR5YSp0YAo2nOxWm9PWg7gBm7Xft%2Fxo%2B%2BLlLhKZR8TOKzoTiRdg5yt6y4FHVyObgmcyDytDlxI6qyZqGustr4H%2BaIbWB9TKEJyZ8qUtawR0nth%2Fjx8hcsc%2FoNG5SXUvua8ym4VhHtorP1gOQ%3D%3D',1,'0143920053','us8',2,NULL);
INSERT INTO TBL_USER(FULL_NAME,GENDER,IMAGE_URL,PASSWORD,PHONE_NUMBER,USERNAME,ROLE_ID,PROVIDER_ID) VALUES ('Michaela Marsden',0,'https://storage.googleapis.com/vrms-290212.appspot.com/de288e1b-d897-426e-94f0-1b38b59ced01be189731dbcf5edde49b6ac50347f656.png_wh860.png?GoogleAccessId=firebase-adminsdk-y2tzh@vrms-290212.iam.gserviceaccount.com&Expires=2472630865&Signature=hSXHrMhPlLaYe7QlraoT7g%2FQdi51HrVuqJx0BlBof1dIG2KrHKKjmLsuQRniq2PxwblWd8G5%2BLgmz%2FY%2BANNBaDcxbjcjbslNxVJRF4i5%2BYNMqyDWHRmjIKWvjOFs2MPQrd5sowQtUUewUqWIdL6HeOuovqbhyFwIgMi6LBJbInGN0GP53h7tZJjnHQhpSvdcoEjaL9YR5YSp0YAo2nOxWm9PWg7gBm7Xft%2Fxo%2B%2BLlLhKZR8TOKzoTiRdg5yt6y4FHVyObgmcyDytDlxI6qyZqGustr4H%2BaIbWB9TKEJyZ8qUtawR0nth%2Fjx8hcsc%2FoNG5SXUvua8ym4VhHtorP1gOQ%3D%3D',1,'0044132656','us9',2,NULL);
INSERT INTO TBL_USER(FULL_NAME,GENDER,IMAGE_URL,PASSWORD,PHONE_NUMBER,USERNAME,ROLE_ID,PROVIDER_ID) VALUES ('Roan Raymond',0,'https://storage.googleapis.com/vrms-290212.appspot.com/de288e1b-d897-426e-94f0-1b38b59ced01be189731dbcf5edde49b6ac50347f656.png_wh860.png?GoogleAccessId=firebase-adminsdk-y2tzh@vrms-290212.iam.gserviceaccount.com&Expires=2472630865&Signature=hSXHrMhPlLaYe7QlraoT7g%2FQdi51HrVuqJx0BlBof1dIG2KrHKKjmLsuQRniq2PxwblWd8G5%2BLgmz%2FY%2BANNBaDcxbjcjbslNxVJRF4i5%2BYNMqyDWHRmjIKWvjOFs2MPQrd5sowQtUUewUqWIdL6HeOuovqbhyFwIgMi6LBJbInGN0GP53h7tZJjnHQhpSvdcoEjaL9YR5YSp0YAo2nOxWm9PWg7gBm7Xft%2Fxo%2B%2BLlLhKZR8TOKzoTiRdg5yt6y4FHVyObgmcyDytDlxI6qyZqGustr4H%2BaIbWB9TKEJyZ8qUtawR0nth%2Fjx8hcsc%2FoNG5SXUvua8ym4VhHtorP1gOQ%3D%3D',1,'0161809656','us10',2,NULL);


INSERT INTO TBL_VEHICLE_PART(CREATED_AT,UPDATED_AT,DESCRIPTION,IMAGE_URLS,MONTHS_PER_MAINTENANCE,NAME,PRICE,WARRANTY_DURATION,CATEGORY_ID,PROVIDER_ID) VALUES ('2020-12-15 10:53:04','2020-12-15 10:53:04','
Độ dày [mm]: 16,5
Hệ thống phanh: Bosch
trạng thái: Còn mới','https://storage.googleapis.com/vrms-290212.appspot.com/31c9361a-06be-4888-af29-39381c53e92dthumb.jpg?GoogleAccessId=firebase-adminsdk-y2tzh@vrms-290212.iam.gserviceaccount.com&Expires=2472004383&Signature=ba0w%2FvP6wc3AB8cIyeoKYArUiyK4dG2%2BjA0drmvHNWeolcUBaZdxhkw2C3DJNCbQoZlCHbraRtoHJYWzM7KHGGFq%2FP6RE%2BXMCP3q%2BkZMjvn9TBccQi00yvd2hxBdLGzrq5AhjeFxEBqJ2j2x9hEEbaOlxXXp25I3035QqL7WE0dd0Y1Lggy0fK0ov%2BVS6fkwsfsicYz58dj4IfKxfxA2B5piRYXzmIbpEfiafppqA6ogrVRAS60dfi%2F7W%2FrI00o05IgM8S6pb9cCFrXLb62vGJhJM%2FSaeRafhVhyWwNErktUChcWF4O%2BLx7AkdVWboaBJxiHkRsylW8LOuA%2FHDEgwQ%3D%3D||',0,'Bộ phanh đĩa, phanh đĩa JP',427000,0,106,1);
INSERT INTO TBL_VEHICLE_PART(CREATED_AT,UPDATED_AT,DESCRIPTION,IMAGE_URLS,MONTHS_PER_MAINTENANCE,NAME,PRICE,WARRANTY_DURATION,CATEGORY_ID,PROVIDER_ID) VALUES ('2020-12-15 10:54:31','2020-12-15 10:54:31','Number of wear indicators [per axle]: 2
Chiều cao [mm]: 42,2
Chiều rộng [mm]: 108,9
Độ dày [mm]: 16,5','https://storage.googleapis.com/vrms-290212.appspot.com/42191085-e0e2-4a26-aa66-6b2b247f0868thumb%20%281%29.jpg?GoogleAccessId=firebase-adminsdk-y2tzh@vrms-290212.iam.gserviceaccount.com&Expires=2472004470&Signature=IJLd9VPo0bn5WIp2AmtNJ1CuOTyU0XjQ6X9CM0QqnCKECypqWHY7TgPRNTwcgnDnGmv6SQiSpRorO0vK1lQl8u%2Fg7EO4ybOfPRIrZ6Q3ysxBrIZgLlFS6Ut2pfvuTBY9Wbs2Q64V8Y6D8i40Yzf2AgF81gm54y2SEPAOhbrOV1hIJTO7MyUbxOJRzOzyWR3HbNm0w6OEFsDIdwtf%2BwFqHcfPl2BOoMswrR9zFPc156Zfqr2sfIdZB4Jyhm%2BCQYmhZiXuzqnE%2FGOND%2FsgxpGWG1LZw6fAnB4OKr0c%2F7i8J8TqHr7XpxTBIMFf7qhSKeQDqlQaamXtHoNPUc%2FSJv8Z8A%3D%3D||',0,'Bộ phanh đĩa, phanh đĩa QUARO',500000,0,106,1);
INSERT INTO TBL_VEHICLE_PART(CREATED_AT,UPDATED_AT,DESCRIPTION,IMAGE_URLS,MONTHS_PER_MAINTENANCE,NAME,PRICE,WARRANTY_DURATION,CATEGORY_ID,PROVIDER_ID) VALUES ('2020-12-15 10:56:43','2020-12-15 12:05:40','Chiều dài [mm]: 155
Chiều rộng [mm]: 58,4
Độ dày 1 [mm]: 17,9
Thẻ kiểm tra: ECE R90 đã được phê duyệt
Trọng lượng [kg]: 2.116
trạng thái: Còn mới','https://storage.googleapis.com/vrms-290212.appspot.com/29fed961-1c35-4933-8567-847e45b82573thumb%20%282%29.jpg?GoogleAccessId=firebase-adminsdk-y2tzh@vrms-290212.iam.gserviceaccount.com&Expires=2472004602&Signature=GBvFQEVLl9K9JEEKQlQcq7xaGcWIm9KcA5jbIM6l5IZ9%2Fuclhu69uCxt0kRo%2Bot%2F%2BMj%2Bho8266%2Bo3ja7WkqJAN0ZaQTXDasIX%2BVRBVdfDdhRkNe1e0HzjouHTsLWGhQLtXsAuUcIc%2FdkqWJAxL2WVl%2BJVgVAFKZccPeZ9dWF53pFMZPCubWGXXwqmUlEF2%2F1Qvo0pHnO6aBh1rbV0Bb58JskuSz5sbU9HOCvbvanD%2BtTFsgPF%2BC6FwCI5MSqi5%2F6aeZzD8%2B7Hm5ybMS4U52WFi%2BZNx0jrw9Q2W7ip%2FbqOpYipxKiH9CmAG24PG9TVnPr0aBxKF8vHw6adJSHNL5ugA%3D%3D||',0,'Bộ phanh đĩa, phanh đĩa BLUE PRINT',925000,0,106,1);
INSERT INTO TBL_VEHICLE_PART(CREATED_AT,UPDATED_AT,DESCRIPTION,IMAGE_URLS,MONTHS_PER_MAINTENANCE,NAME,PRICE,WARRANTY_DURATION,CATEGORY_ID,PROVIDER_ID) VALUES ('2020-12-15 10:58:28','2020-12-15 12:05:19','Đường kính [mm]:
302
Loại đĩa phanh:
Chất rắn
Đường kính định tâm [mm]:
64,1
Sắp xếp lỗ / Số lượng:
05/10
Vòng tròn lỗ bu lông Ø [mm]:
114,3
Độ dày đĩa phanh [mm]:
10,0','https://storage.googleapis.com/vrms-290212.appspot.com/b993e482-b7d7-4cc6-b5e3-160a61243c1fpreview.jpg?GoogleAccessId=firebase-adminsdk-y2tzh@vrms-290212.iam.gserviceaccount.com&Expires=2472004708&Signature=JROFokSik32lYHppJedh5R5SzcLMEVq5egeErrWRLDqgAKOUpyeqvs1uUWgpYQf8%2B%2BhuGAm%2Fh3E1iKKSdmOSP%2FMwz9ro%2FVco%2B36FKj6RCyqduDDGznFyKSMr9rj6JTNOMUd3OYRkJl%2BJAijRztV%2Bk9p9RxucRFxfDIRJXblp59nHaccrklX%2FnoexQvgRI3lNbcEKRlG0oTwaek8ErAglg5GFgVWItTv2PvaJIhHan%2FBaYIis1btQaIZnVMwfLe08heUbTSVqmtQB30g3oJRf8s67ZsIk7UoNbycEPw5j%2BYkIsZSFlQIwm28InPuzVRKfiHw4lAI8VqFGv5uHi9K%2F6g%3D%3D||',2,'Đĩa phanh RIDEX',680000,2,106,1);
INSERT INTO TBL_VEHICLE_PART(CREATED_AT,UPDATED_AT,DESCRIPTION,IMAGE_URLS,MONTHS_PER_MAINTENANCE,NAME,PRICE,WARRANTY_DURATION,CATEGORY_ID,PROVIDER_ID) VALUES ('2020-12-15 11:40:20','2020-12-15 12:05:03','Đường kính ngoài [mm]:
302
Loại đĩa phanh:
Chất rắn
Đường kính định tâm [mm]:
64,1
Số lỗ vành:
5
Độ dày đĩa phanh [mm]:
10
Độ dày tối thiểu [mm]:
số 8
Chiều cao [mm]:
60,7
Tình trạng:
Mới','https://storage.googleapis.com/vrms-290212.appspot.com/38ed9abd-7bb3-4192-b2e7-129f53cc910ethumb%20%283%29.jpg?GoogleAccessId=firebase-adminsdk-y2tzh@vrms-290212.iam.gserviceaccount.com&Expires=2472007219&Signature=Oz36NpEg25DDJHgMpQqmeqeJUo8FaTFEPwFJQXXm%2BpB1pJZSiA4rOmp97tHa9jOT5jpg01BQdzYZpMM9MQRzpZJCiciRmG%2BWlgu4Ql0mVabGDyFkD0HuytwQTe0km5WNZ3NpSYTiyzp2lodh0dRFWRVPEj99tKNUwMazHMsi5hWx6Dm4rn07gk9s7Q18T2IVw2Pv%2F5cgJzm9kOzVdDh5mNRkFX490A2saIgB17NTp%2BaW5szaJdNRMNJfOQt%2FpbzxHuJIl0Phnf7TdEzJZMZ4vr2sBjGOh2ozzMa1W2c70TkxVxjcpfzULpfkrN2bgBIGivUA6NR3zUFsCb6wtDuXFQ%3D%3D||',2,'Đĩa phanh LPR',1300000,2,106,1);
INSERT INTO TBL_VEHICLE_PART(CREATED_AT,UPDATED_AT,DESCRIPTION,IMAGE_URLS,MONTHS_PER_MAINTENANCE,NAME,PRICE,WARRANTY_DURATION,CATEGORY_ID,PROVIDER_ID) VALUES ('2020-12-15 11:41:38','2020-12-15 12:04:45','Số lượng cực:
2
Tình trạng:
Mới','https://storage.googleapis.com/vrms-290212.appspot.com/a0e04f50-6eb3-4fe8-8206-9b0d1bbe09ffthumb%20%285%29.jpg?GoogleAccessId=firebase-adminsdk-y2tzh@vrms-290212.iam.gserviceaccount.com&Expires=2472007298&Signature=mI88EUXiiQfSTYUQNUP7N%2F9aScyRNq6Yp4vGOX64wzhTRkNL%2BJtoYDDtNiD%2FwsDc%2Fy6yDQqCyoz19A%2Be%2BLg3ZDDFi%2FUzrunCc1O87e08Gevum4z3a0eAWMO0TkYjuBBLJM9vfuYF%2BvI6HLfZ9Mnl7b6XO34y%2B%2BJzRs25V2CIGCqmsnOWQm7ntT6RfZ2h9NJDwdIzCo9%2F4XjMBbIDp8OqeQNxB2j29KMZiGBsVRDbxaQkN%2BE0l9WWHmktqTEOYuJ3K4OWur0LO3BOI3y3T%2BhHw1SRospq4iFvGfj6VjYnnnh1NKanzhoIE10BHAHJLLqjKPN12uIiL6gWsjcyjqvPVQ%3D%3D||',1,'Cảm biến Abs METZGER',1200000,1,108,1);
INSERT INTO TBL_VEHICLE_PART(CREATED_AT,UPDATED_AT,DESCRIPTION,IMAGE_URLS,MONTHS_PER_MAINTENANCE,NAME,PRICE,WARRANTY_DURATION,CATEGORY_ID,PROVIDER_ID) VALUES ('2020-12-15 11:43:04','2020-12-15 12:04:26','Số lượng cực:
2
Các số bài viết được ghép nối:
09001048
Tình trạng:
Mới','https://storage.googleapis.com/vrms-290212.appspot.com/96d5315d-0861-4dc1-89d6-2bacf2e9cd5bthumb%20%286%29.jpg?GoogleAccessId=firebase-adminsdk-y2tzh@vrms-290212.iam.gserviceaccount.com&Expires=2472007384&Signature=TtAE2tyqHvbJHoALrPJqrWRJU%2Bmln1xYWzz27pOANT0poIU8qePz2qtmi5oWL7oSBWmtuK4kkifX%2B%2B4h0XAT%2FWYtpmahcy%2BY5xaNEIOhVcDOfLvEUajrUk0mL%2F3W88JhOwvAr3Y5C%2FfUe3VR33SodJR08ji0q%2F%2FK6uhHh%2Fysj%2F0DxDqPqiRzTRZzIRDQQEoaI3VabOf40Ol3SJdV1F7xs23RBhTBdtbTARtihsmVj6tpiekidU5cScV4UH%2Bj7pdi4F1ykrS1uTZLo0tLWpArC7G3xXRYJ3Uw1GnVJ%2FccFgW8ya4Sd4odUPYm7jTbVqb2gmYCJtrvKb%2BHP4ZyYyBD%2Fg%3D%3D||',1,'Cảm biến Abs METZGER',1400000,1,108,1);
INSERT INTO TBL_VEHICLE_PART(CREATED_AT,UPDATED_AT,DESCRIPTION,IMAGE_URLS,MONTHS_PER_MAINTENANCE,NAME,PRICE,WARRANTY_DURATION,CATEGORY_ID,PROVIDER_ID) VALUES ('2020-12-15 11:50:25','2020-12-15 12:04:09','Chiều dài [mm]:
246
Chiều rộng [mm]:
136,0
Chiều cao [mm]:
51,7
Trọng lượng [kg]:
0,322
Tình trạng:
Mới','https://storage.googleapis.com/vrms-290212.appspot.com/9d3b176e-ce38-4226-ac18-1be9a1a4c616thumb%20%287%29.jpg?GoogleAccessId=firebase-adminsdk-y2tzh@vrms-290212.iam.gserviceaccount.com&Expires=2472007824&Signature=HcDVGF89Wvnn2xakMzWivTDgzsCftBx5WMnvz8nftf2dUsh0KZ9qxtm3Ce0r5OHQX8QhwRQ%2BXzi%2BW%2F7VLB7PFO4Zou49o9BKdTrAxoUexMU9FVW4KoWbEAko4Mmf5jRk2%2FzFCiU2lEj8Qa9KMv5v5oWp3nViHWSpCcPUWaCrW2WxVooRvCllLECixafAnp53YC9umtgdbZTYSOw%2FQFwitYDoTlWdMaLtDcDjHAMOrBKsaarCl2Jca80eL9nvJ6W%2BkYSueJceYNG3n1hxHWsA016Xge6HEugGEkaDkTNgtSl95ly2ENXclL2OC01hY8JwD1KintGAIcYdKphiRKgAzg%3D%3D||',2,'Bộ lọc không khí FEBI BILSTEIN',320000,2,118,1);
INSERT INTO TBL_VEHICLE_PART(CREATED_AT,UPDATED_AT,DESCRIPTION,IMAGE_URLS,MONTHS_PER_MAINTENANCE,NAME,PRICE,WARRANTY_DURATION,CATEGORY_ID,PROVIDER_ID) VALUES ('2020-12-15 11:51:29','2020-12-15 12:03:47','Chiều dài [mm]:
246
Chiều rộng [mm]:
136,0
Chiều cao [mm]:
51,7
Trọng lượng [kg]:
0,322
Tình trạng:
Mới','https://storage.googleapis.com/vrms-290212.appspot.com/663926a4-66c2-44c4-8c27-6258ed73b69cthumb%20%288%29.jpg?GoogleAccessId=firebase-adminsdk-y2tzh@vrms-290212.iam.gserviceaccount.com&Expires=2472007888&Signature=Eb87rfExLgb3%2Bxbnq54wGtZUuStWOSqdSfoMfXQnCeeB%2BfIHCe6ftaFkVMStHw2SmB3v%2BcLz9Ye4W3GR2dkQR3rEZvZnimfDMiar8ujtYL%2Fx1bsShwQm6Ov25uCiSIcMF0mFbD1nGyt58UpfI2Z0wM1fttnWB6P6UDACZkKESubOLhT%2Fd4ryEGsABG01AmubvXFNFhoU%2FHIF7JhQHesuXEDyXHQ%2BpyAWhSzXSzFVaY3hi4HNFuWJwRgEYGDoDSLNumX%2FH22iteeYIcsWIbnDaoHqNVAeNw5curNWrUHJWQoCQwZENYFnGcebi43C9o3Bb9w8ZJabgJBQYH%2BJLQtnUA%3D%3D||',1,'Bộ lọc không khí SWAG',300000,1,118,1);
INSERT INTO TBL_VEHICLE_PART(CREATED_AT,UPDATED_AT,DESCRIPTION,IMAGE_URLS,MONTHS_PER_MAINTENANCE,NAME,PRICE,WARRANTY_DURATION,CATEGORY_ID,PROVIDER_ID) VALUES ('2020-12-15 11:54:57','2020-12-15 12:03:01','Bề mặt: sơn lót
Trạng thái: Còn mới','https://storage.googleapis.com/vrms-290212.appspot.com/bbea0876-4344-4415-96a1-bdb650a64d7athumb%20%289%29.jpg?GoogleAccessId=firebase-adminsdk-y2tzh@vrms-290212.iam.gserviceaccount.com&Expires=2472008096&Signature=bLWJlHgrBHvkswABKF0w4uyCLQRHL4vLWX8hY0LyBrTrYhDtdpNUuwODKdPMMjk9BI4cTw082BDMOBRMbhaBkqFJnaSknNz4WHhu5FrBRaeICHS8EUSGMzwMjf780fXsqB0MFyfQ7vbbFIkOUfS74V7jOZqXjzhLB6Y5LGBF8jj9g6RGcc%2F9uxA%2F4L1WpqReFs5tM5k29bBphSMw26fw9VKHep%2BSh6SqeZ6Md6Nv7hLEADx3MTeY6SRs2YxtIx%2FKwto5IYn4EVs3Iv7yT4sG5yIZuUyefVw%2F5owg1BvUCVNPdlBgVmd08bevDiG%2BPhtwAC9l9gR4GoAczgUX5b%2BU1Q%3D%3D||',1,'Nắp, gương ngoài ABAKUS',250000,1,11,1);
INSERT INTO TBL_VEHICLE_PART(CREATED_AT,UPDATED_AT,DESCRIPTION,IMAGE_URLS,MONTHS_PER_MAINTENANCE,NAME,PRICE,WARRANTY_DURATION,CATEGORY_ID,PROVIDER_ID) VALUES ('2020-12-15 11:55:40','2020-12-15 12:03:30','Tình trạng:
Mới','https://storage.googleapis.com/vrms-290212.appspot.com/fd2dbe7c-a071-4a4d-be26-8652baf64ffbthumb%20%2810%29.jpg?GoogleAccessId=firebase-adminsdk-y2tzh@vrms-290212.iam.gserviceaccount.com&Expires=2472008140&Signature=cV%2BI7F1eBlzCntHm3ccZECxHZzUr%2BK08dm%2FpOz9tQV8RyxHNyAgba1dPVIB3ECPDPeH5Rgsmg1uazxKJR5NyKdqZ24VvZlcbu3Qze0vjrAInrm1MpOmLqn8Pm%2FhykmjUiD7SC5zOQ3HDLxWqSHgK3C3LHBxhZcYrpMUZQ0tWi9tdLKSiHix%2B%2BDB0YenzL9Prx2jv8Da3LoChXi6yDkGkTOYPGtSTqrI6hHE1yPYj3cewWYIfRmsNZoHKNOia1P45SBbkC%2FV5kerKKUfT0nJq%2BQa7WdkKa2oj5ghK25afHvJfwuctbcrHjHKTVfgiJYcGU1miqsl5LtAKkuEk3gWKZg%3D%3D||',1,'Nắp, gương ngoài JOHNS',500000,1,11,1);
INSERT INTO TBL_VEHICLE_PART(CREATED_AT,UPDATED_AT,DESCRIPTION,IMAGE_URLS,MONTHS_PER_MAINTENANCE,NAME,PRICE,WARRANTY_DURATION,CATEGORY_ID,PROVIDER_ID) VALUES ('2020-12-15 11:59:19','2020-12-15 11:59:19','Gương bên ngoài / bên trong: Nóng lên, Lồi
Chất lượng: Chất lượng được chứng nhận chỉ liên quan đến: OEM
Phương tiện lái bên trái / bên phải: cho giao thông bên trái / bên phải
Tình trạng: Mới','https://storage.googleapis.com/vrms-290212.appspot.com/d59bac5a-f282-426b-b509-048649441756thumb%20%2811%29.jpg?GoogleAccessId=firebase-adminsdk-y2tzh@vrms-290212.iam.gserviceaccount.com&Expires=2472008359&Signature=WZstZ3OXMkaqRwUdg%2B3We28Yg6HHHOj5QlRvPU4ubfrMb%2BTiJ5fOW1W%2FdLozGMQ9QAmCN%2BKvVZb3CkG792HRFsCD9KyukjGc34cGzzZFzLvSxIFpXTPVf9bNOibvXMXZaye7YeUDRNkat0Hp3xbohjwQVj0aTn8jtwh46yXrJL2mV5wVsL1lrpkA1o7Y5n2vnQCnNKWYMWL9z%2FEuaSpVyomvwQ47ncCPz6b7flG91NfoXnBsp8uSJspT5zhLF5mUhdarsEZXX1qbLrMGKkxbvKnrD%2FDnDTZfaIHlVEkkcCCAB8Y26wCFtMtF7lkSqFb9TAwFr%2FkHdq24F1h6wee%2FYw%3D%3D||',0,'Gương kính, gương ngoài ALKAR',930000,0,7,1);
INSERT INTO TBL_VEHICLE_PART(CREATED_AT,UPDATED_AT,DESCRIPTION,IMAGE_URLS,MONTHS_PER_MAINTENANCE,NAME,PRICE,WARRANTY_DURATION,CATEGORY_ID,PROVIDER_ID) VALUES ('2020-12-15 12:00:47','2020-12-15 12:00:47','Chất lượng: CHỨNG NHẬN CHẤT LƯỢNG Chiều dài [cm]: 17 Chiều cao (cm]: 2,3 Chiều rộng [cm]: 15 chỉ liên quan đến: OEM','https://storage.googleapis.com/vrms-290212.appspot.com/7f063c9c-b092-4483-ab54-2a8ad1ce4203thumb%20%2812%29.jpg?GoogleAccessId=firebase-adminsdk-y2tzh@vrms-290212.iam.gserviceaccount.com&Expires=2472008446&Signature=dUzpf8eT18nEIk0iHqPE6WevAP6yFXp1TCjWXC9u%2FDh5%2BcXVHiybhAmE0JUPzfGbHd6cFsm3VFy%2BTTCiLp9I89oI5wuiUw2grbMZkS8UpeNpmMen9pPNTyj40DCRPCy1f%2Bs4Zlopv1oI2lavzIA5o%2B%2F%2F5hsDgSbed8k5cOI0ca8Ikk5sBYVXWSZy%2BMSy8zpa4z4RGR4oe7LBLG1V0XHOOfmVfxAhzMZ912kLGnVRlZop8LGWFSrYZ2y6BTqJ1%2F4spUh5mo0%2BBSSUOStjOVDp1eHT6RHSTOioJBP%2BgnDZlo8tpn7mUZpL3HBmA7i%2FfzEeasAMCPG5BfkyMo10slBc9w%3D%3D||',1,'Gương kính, gương ngoài BLIC',1200000,1,7,1);
INSERT INTO TBL_VEHICLE_PART(CREATED_AT,UPDATED_AT,DESCRIPTION,IMAGE_URLS,MONTHS_PER_MAINTENANCE,NAME,PRICE,WARRANTY_DURATION,CATEGORY_ID,PROVIDER_ID) VALUES ('2020-12-15 12:02:32','2020-12-15 12:02:32','Loại bóng đèn:
H11 / HB3
Chức năng ánh sáng:
cho đèn chạy ban ngày (LED)
Bài viết bổ sung / Thông tin 2:
với động cơ để cân bằng đèn pha
Thiết bị Xe cộ:
dành cho xe độ đèn pha (điện)
Giao thông bên trái / bên phải:
cho giao thông bên phải','https://storage.googleapis.com/vrms-290212.appspot.com/b8740d4e-bb6e-4879-b48a-bc1f590e37a9thumb%20%2813%29.jpg?GoogleAccessId=firebase-adminsdk-y2tzh@vrms-290212.iam.gserviceaccount.com&Expires=2472008552&Signature=AtYVcHx59O2b%2BLnK7Lyc8l2h%2B6hCCzAIqsiePUYV4E%2BJcK2zJquqCiU2hoWjt9XLyNShot0tpUaXsiibvxWpZuxBCpBqPwrdPxPXa2Dk1z7y%2Br5y4X%2Fq%2Bc1u4TDtfeaXWn57l%2FD0tcP60PKXvXUSYcmc0oxf6SJajPOcjNmO4XECFDDfkbeTUXkHG1Kbih1pRzKHcTU1ukEwVdghBadH3Cp%2FC6Urs6lyzcfz2IlcAYTef1aPQoTtPqqhf4ZLsYZa2fQTeMIcM5el93gkIrl7KVx73lKtkGdl%2BCRyMqODy4ObskV0V5N8%2B%2Fkq3MhvAkbkIVCD5ZwqyoI5zP8FQIPyjQ%3D%3D||',1,'Đèn pha VAN WEZEL',5610000,1,3,1);
INSERT INTO TBL_VEHICLE_PART(CREATED_AT,UPDATED_AT,DESCRIPTION,IMAGE_URLS,MONTHS_PER_MAINTENANCE,NAME,PRICE,WARRANTY_DURATION,CATEGORY_ID,PROVIDER_ID) VALUES ('2020-12-15 12:07:44','2020-12-15 12:07:44','H11 / HB3 Chức năng ánh sáng: với đèn chạy ban ngày (LED) Bài viết bổ sung / Thông tin 2: với động cơ để cân bằng đèn pha Chất lượng: Depo / TYC Loại đăng ký: Đã kiểm tra loại điện tử Tình trạng: Mới','https://storage.googleapis.com/vrms-290212.appspot.com/ddab3947-e545-4737-ac2c-7d8e01c118c0thumb%20%2814%29.jpg?GoogleAccessId=firebase-adminsdk-y2tzh@vrms-290212.iam.gserviceaccount.com&Expires=2472008864&Signature=YB5fr9aCYzyZqrgQb7YUv6xQCap6ZIKK1pE27Fn0HO19h3yJVyEI0o7gywmh9O%2B3EkyoLXDoy3Hz%2Bshi09qqvpNlNL%2FU0wrbAGn6hJRUE15fjGBoDg96i2LA7Q8ecxVys6Glb1NnRFMtk3AXv8kfGw4gSu%2Fagt9RzfbpkuE5pBlCANlkP8fz4FC%2FFXGCWVhAM%2FCpaufB5d8rzzVcto6OWq7mDlseyLF%2B%2FXkkcg1PTQqlrH9bvNWAPNYT6asQEch0DAmYNixVSfWP3bsNr2Cr0InMp72sY6GscQAzGOjXrxMZEM4ClUG2HCbn4SqPE5EtQg%2Fx4iiE6u5JDS8SoLWskg%3D%3D||',3,'Đèn pha DIEDERICHS',8730000,3,3,1);
INSERT INTO TBL_VEHICLE_PART(CREATED_AT,UPDATED_AT,DESCRIPTION,IMAGE_URLS,MONTHS_PER_MAINTENANCE,NAME,PRICE,WARRANTY_DURATION,CATEGORY_ID,PROVIDER_ID) VALUES ('2020-12-15 12:10:52','2020-12-15 12:10:52','Loại bóng đèn: D4S , HB3 Thiết bị Xe cộ: cho xe độ đèn pha Thiết kế nhẹ: Xenon Tình trạng: Mới','https://storage.googleapis.com/vrms-290212.appspot.com/4e06a11e-a725-4a31-9463-b2dc1caa137athumb%20%2815%29.jpg?GoogleAccessId=firebase-adminsdk-y2tzh@vrms-290212.iam.gserviceaccount.com&Expires=2472009052&Signature=MtlgUPFa39ZU%2Fn8eqhxlRhndzKlpIEurLEpJFIQuhKtrxZvq8NZbhfK6gyqoJ0KYpwdH%2FmaXzN%2F0T0wMwPtH4CNkJBTNMgEaXTEeEBTsO%2FS7TRyPJAxm0ixn7usgjqcWpKuBF3NguZx%2FXyE8g5yYjn8OUBjSbdbw4g4W%2FrQo7xNd%2FhUjUKVmo8K8w5v8FgQ3hZYYqjmANhizT0A%2B1zzpaRb7SER7nbGOiyX0JfSWFjQo1rlojPju6v02ixqaXFV33VYDIWXlb7EUVQ2Wy%2FCW07XsMwnsewp9E7pX4UDFz2CeRppwhbga7EGT95L2EFZO7jj5W2xDpQkdeJCzZiEq%2BQ%3D%3D||',1,'Đèn pha PRASCO',9300000,1,3,1);
INSERT INTO TBL_VEHICLE_PART(CREATED_AT,UPDATED_AT,DESCRIPTION,IMAGE_URLS,MONTHS_PER_MAINTENANCE,NAME,PRICE,WARRANTY_DURATION,CATEGORY_ID,PROVIDER_ID) VALUES ('2020-12-15 12:13:24','2020-12-15 12:13:24','Loại bóng đèn: H11 Loại đăng ký: Đã kiểm tra loại điện tử, đã kiểm tra SAE Ghi chú: không có đế đèn, có bóng đèn, không có bóng đèn Tình trạng: Mới','https://storage.googleapis.com/vrms-290212.appspot.com/615459ed-32cc-46ed-9ff7-c3bf554cd1b4preview%20%281%29.jpg?GoogleAccessId=firebase-adminsdk-y2tzh@vrms-290212.iam.gserviceaccount.com&Expires=2472009204&Signature=L9ud3JmBHvCvK%2FDoHSic9s%2FZxPkEJ3bS5XuvFck1p2nbW%2BsikNXG%2FE9pEbw67hqeA64qUkovrjglGdrLdIdcv4YrHjeT%2FXQ0FEb%2FOZgOMvGhwZauRWHBdMxFQ5ycJYdBfKmRFtJyfNm9QBravD6e%2Fk2L8u%2FrCXQKeEXdZlKdgP2%2F3Y52rIiq2kvKzVzGPFrQuwWWvMtQO9ZMQftFd0Os8XUHCOaMXJj94vYbTFWFVMXXdLl32a%2FIH1jHiHMe%2Bn5YYBEkmQ191XfbvyIDbTQ9yvLq%2FoP%2BXCZSVEKhMYBMEhEdD54P3k0piVOdZKY6Xi7fGQn3RyfIMj6VptEn9IB0kA%3D%3D||',1,'Đèn sương mù ABAKUS',1000000,1,6,1);
INSERT INTO TBL_VEHICLE_PART(CREATED_AT,UPDATED_AT,DESCRIPTION,IMAGE_URLS,MONTHS_PER_MAINTENANCE,NAME,PRICE,WARRANTY_DURATION,CATEGORY_ID,PROVIDER_ID) VALUES ('2020-12-15 12:14:12','2020-12-15 12:14:12','Loại bóng đèn: H3 Loại đăng ký: Đã kiểm tra loại điện tử Màu sắc nhà ở: Đen Đường kính [mm]: 115 Chiều sâu [mm]: 67 Công suất định mức [W]: 55 Định lượng: 2 Tình trạng: Mới','https://storage.googleapis.com/vrms-290212.appspot.com/80504687-16ef-4d8d-8a83-c6e1ca58193athumb%20%2816%29.jpg?GoogleAccessId=firebase-adminsdk-y2tzh@vrms-290212.iam.gserviceaccount.com&Expires=2472009252&Signature=oospkP7FAgzY%2BYQM5HCm2f%2FwotpinW00doCR35QYOrWwu5GRuxnReV%2BGBDYOoatuzjcnPaEQhSTvQA4iK11ZdVmtYWbx2FC2TEo6qwAnjcripjXaFIl2q0TqkPInDmblKuQ7dkfSJDm8fYvj5MiaDtYrWYxHioh7iE%2BKXHJz2a3dFODhrJFtjGGI4ZVcnbowrnFQw7pP5VyRYtEnAblk9FwC0lq0nzYSj%2B67blAtAdUq9FBwZ518w9pv3oWMhBP0WHRT7rKGIgp%2Fg45pXYRDjYn895FddhkyH%2FiJyqPR0Edk3WkmjRx%2BCHA7O%2FoS3GDt%2F%2FNXR4EwgnRVGHBmNJADkQ%3D%3D||',1,'Đèn sương mù RING',950000,1,6,1);
INSERT INTO TBL_VEHICLE_PART(CREATED_AT,UPDATED_AT,DESCRIPTION,IMAGE_URLS,MONTHS_PER_MAINTENANCE,NAME,PRICE,WARRANTY_DURATION,CATEGORY_ID,PROVIDER_ID) VALUES ('2020-12-15 12:15:52','2020-12-15 12:15:52','Loại bóng đèn: W5W Điện áp [V]: 12 Công suất định mức [W]: 5 Loại ổ cắm: W2,1x9,5d Tình trạng: Mới','https://storage.googleapis.com/vrms-290212.appspot.com/f84746b3-b437-444c-962f-ce5f132e3753thumb%20%2817%29.jpg?GoogleAccessId=firebase-adminsdk-y2tzh@vrms-290212.iam.gserviceaccount.com&Expires=2472009351&Signature=YNO0oeeRPpxxIJ%2FTg28WVlEIJK1xVM%2BbwM0%2B78sMIs4Vy32Hp6FxI4PpVkGxkPsroWGNCT5AX3zO7f6pEE3oYl1Ik%2BAKHsbLW3fegp0xFXtyrx9oGuwW0aChMhNK99oxH7QNPGL9aItEckNmsAz9yKQtI69akuA92VrmoWLN7WSzFr3vH1rwBWZyrJdKdggW%2F8si0fHTgNsPikAJMCszXK7Rht3FzWPUPPsHbL26jcSSA2Jp6%2Bf4zGYUox5%2BIE9CYHRYDlLdIO0hBkL6LX6p9yqxuwHyidDD%2FxtkaVgdEaX1B3AKfHvuRYrZAKQWBuJ0NMcgEXS50e9qirfbj1wH9A%3D%3D||',1,'Bóng đèn, chỉ báo NEOLUX®',10000,1,5,1);
INSERT INTO TBL_VEHICLE_PART(CREATED_AT,UPDATED_AT,DESCRIPTION,IMAGE_URLS,MONTHS_PER_MAINTENANCE,NAME,PRICE,WARRANTY_DURATION,CATEGORY_ID,PROVIDER_ID) VALUES ('2020-12-15 12:17:41','2020-12-15 12:17:41','Loại bóng đèn: W5W Điện áp [V]: 12 Công suất định mức [W]: 5 Định lượng: 1 Thẻ kiểm tra: E1 Loại ổ cắm: W2,1x9,5d Tình trạng: Mới','https://storage.googleapis.com/vrms-290212.appspot.com/792336d5-065d-44c8-8d0e-6d5acecf39bbpreview%20%282%29.jpg?GoogleAccessId=firebase-adminsdk-y2tzh@vrms-290212.iam.gserviceaccount.com&Expires=2472009461&Signature=H6oRP7n4AYPGdYEJjv51D3cfSWEE6UQx%2BcEQFrLkxui5moiZKsSnEecgGrQo%2Bzv%2BiPVxxYG2jSobwbKsTbjsAfVAobChIUudzzkUa52lE2BLbCr0z5Dra8JGZQuzk9gaX%2FLM412CsVJhoM1hsybedTPodYts8lGiasYu5wFvbL3iCWaxc2T3ktBUwxnzSDMMK1AKx2nu3ooxQn%2FQP7u7pUmTVr0tMcclok4caX4nTWRsTiwJlUWri5IgvMS7atTPjUaPYxfTKYlG%2BMU8nSDYqbpcNEghA0OYL2nxUL0ATcOAoe9KXqgNotlwd7PYL4Wm5lEGJHSEnTksVbToH5uT9A%3D%3D||',0,'Bóng đèn, đèn soi biển số HELLA',16000,0,5,1);
INSERT INTO TBL_VEHICLE_PART(CREATED_AT,UPDATED_AT,DESCRIPTION,IMAGE_URLS,MONTHS_PER_MAINTENANCE,NAME,PRICE,WARRANTY_DURATION,CATEGORY_ID,PROVIDER_ID) VALUES ('2020-12-15 12:19:50','2020-12-15 12:19:50','Loại đăng ký: Đã kiểm tra loại điện tử, kiểm tra RL Định lượng: 2 Số lượng đèn LED: 5 Thiết kế nhẹ: Đèn LED Loại bóng đèn: Đèn LED','https://storage.googleapis.com/vrms-290212.appspot.com/af1d6882-bde2-4a1f-b315-43fcc89b85f4preview%20%283%29.jpg?GoogleAccessId=firebase-adminsdk-y2tzh@vrms-290212.iam.gserviceaccount.com&Expires=2472009590&Signature=OxzdNdQUMvbDq%2BjdSvqZOLuHrKlsuweHlTyzL4BgDKDGpbytLnmVhD5HwR6xB%2F6ER%2BjkpUEoI0npi7i5BnKNNxYJgb%2FqFAmz7Ho3pICtouWm2t3dmCQlbeKBzfAkesZgDnYtorozFN%2Fn64DkEDSJqepr%2BkPZNdsSE3d2xSRXXhkBZa8rat0fiWY8iyUX%2BmGqeZO%2FL9%2FR%2BPP%2Fg1mqyboIpW%2FIIgMlMgibr%2Fy128wQ4HrpUmIVDhlAe5GPBlNO6p7ZLNveAjtfx9jhOeUuLX8sswZrLwsOsqOHlA9mmrFs7XJbmwenUwwth5sO0K%2FeZo5MMa4aZGlK4YmM5YJ7b3UXuQ%3D%3D||',1,'Bộ đèn chạy ban ngày M-TECH',1100000,1,21,1);
INSERT INTO TBL_VEHICLE_PART(CREATED_AT,UPDATED_AT,DESCRIPTION,IMAGE_URLS,MONTHS_PER_MAINTENANCE,NAME,PRICE,WARRANTY_DURATION,CATEGORY_ID,PROVIDER_ID) VALUES ('2020-12-15 12:21:14','2020-12-15 12:21:14','Thiết kế nhẹ: Đèn LED Chất lượng: EQ (Tương đương) Phổ cập: Đúng Loại bóng đèn: Đèn LED Định lượng: 2 Số lượng đèn LED: 4 Tình trạng: Mới','https://storage.googleapis.com/vrms-290212.appspot.com/3b2d097b-72d0-4dc5-9590-5f5f2556407bpreview%20%284%29.jpg?GoogleAccessId=firebase-adminsdk-y2tzh@vrms-290212.iam.gserviceaccount.com&Expires=2472009674&Signature=hHKPiw7BqOhg%2Ba04DaN0AbVto98Z3%2FouOWFvSh7LVzjVrOr06Ffr6Yns2zjhjxn32YwdUhE1JFyyVYTxs1wjt1k%2Fnc3kIwbzRiBKOMPT0DQSF3U2ss9JH4I2X%2BpdpW9qBljggDcsWEiokbs%2BN89vy2bY0FUKshH2K%2BnqlP6aV6OBfKDbYhughQj5vn7RLwgsMmoNsmpqLnYCNeycfXHy5nS3Sbuq55KpTTRh%2B7efjO2lFXeXP5ia3BpvyAc%2FgPQiT20DK%2F2kQkLfQGSjAUj%2FbWmYjZVICBVNdJ639lH7Ws1MtAK3uOsDGf%2BfLRBbGwiLGzI%2BV9T9MYMb1rJxcd5sbQ%3D%3D||',1,'Bộ đèn chạy ban ngày MAGNETI MARELLI',1350000,1,21,1);
INSERT INTO TBL_VEHICLE_PART(CREATED_AT,UPDATED_AT,DESCRIPTION,IMAGE_URLS,MONTHS_PER_MAINTENANCE,NAME,PRICE,WARRANTY_DURATION,CATEGORY_ID,PROVIDER_ID) VALUES ('2020-12-15 12:24:19','2020-12-15 12:24:19','Phân loại độ nhớt của dầu SAE: 5W-30 Nội dung [lít]: 1 Dầu: Dầu tổng hợp đầy đủ Sự chỉ rõ: ACEA C2, API SN, ACEA C3, API SM, API CF Phê duyệt của nhà sản xuất: dexos2 Tình trạng: Mới','https://storage.googleapis.com/vrms-290212.appspot.com/afab662a-47b5-430b-aa86-85ebc2c6dc52thumb%20%2818%29.jpg?GoogleAccessId=firebase-adminsdk-y2tzh@vrms-290212.iam.gserviceaccount.com&Expires=2472009858&Signature=Ndrbb5pkZVVUZ%2B%2FXA7fkUg3aXWeUJoYdAWMMwPu0EktoGdbc6zemzP%2FPfKUhwopJiHzCoAiG2Fr8nor9MmLJlfLzy2ML7SQWEUpWs2W3ZuBBsd5AzWFoCVuNGsnkAwYXOD5JPtlbE1wWVMqkVkNaTfDMYv7hGWbiPGc3Q4siLNWMtqFpfGly5KVWZfenWHyZ6BGh9uL7FMSwgIOK41XDX6b7B5NYFYVjPBG22uA9Mleo6lsYOjbGOHhUc7VW9dxol2j1MOckT5XySwHkHhbTlywc0hGK9lWF1TaalMb5JHD0TYZy83B1jcvw2alVa4e073MAJDxVpdjmR3HpeRYv%2Bg%3D%3D||',0,'Dầu động cơ MANNOL 7701 O.E.M',160000,0,26,1);
INSERT INTO TBL_VEHICLE_PART(CREATED_AT,UPDATED_AT,DESCRIPTION,IMAGE_URLS,MONTHS_PER_MAINTENANCE,NAME,PRICE,WARRANTY_DURATION,CATEGORY_ID,PROVIDER_ID) VALUES ('2020-12-15 12:25:46','2020-12-15 12:25:46','Phân loại độ nhớt của dầu SAE: 0W-30 Dung tích [lít]: 1 Dầu: Dầu tổng hợp Sự chỉ rõ: ACEA C3 Phê duyệt của nhà sản xuất: VW 504 00, VW 507 00 Loại đóng gói: Chai Tình trạng: Mới','https://storage.googleapis.com/vrms-290212.appspot.com/b4f2d3d0-ad9a-41a3-ad27-a389d901a5bcthumb%20%2819%29.jpg?GoogleAccessId=firebase-adminsdk-y2tzh@vrms-290212.iam.gserviceaccount.com&Expires=2472009945&Signature=DzZZ5pnHw7aljlrlEr%2Fk21IhqCaxkiAQd0mmazc8rjOPIuV%2BA%2FNjBUeujKw6KFp8S4FK%2BVhi%2FY8E7pD4l9MFvYvrWvY%2FRPwlSYOJL%2FUhkMjxsBBD79wtiRPxg%2FIyBYYLoTUJaS8kYLwHvgLLopC8slzRJd3Gwcun14tjhcmzQcBcpSGfwVP4gaROcfvzxXF%2FyYn4%2F%2BV6z0VT%2BP9qTwOYgzlKsUESTqzBw8gtGh5sT1%2B918MdTQo7JIX7WjSMCwOF1WGM3brHyePoQ545qcx9r1YRBDlA2%2FHEOTAH3NlHSfLYHEzRGXnELJhZke3%2BqMN4GvdTa36JnfDjequLtAgeQA%3D%3D||',0,'Dầu động cơ VỎ Helix, Ultra Prof AV-L',380000,0,26,1);
INSERT INTO TBL_VEHICLE_PART(CREATED_AT,UPDATED_AT,DESCRIPTION,IMAGE_URLS,MONTHS_PER_MAINTENANCE,NAME,PRICE,WARRANTY_DURATION,CATEGORY_ID,PROVIDER_ID) VALUES ('2020-12-15 12:28:01','2020-12-15 12:28:01','Phân loại độ nhớt của dầu SAE: 5W-30 Dung tích [lít]: 1 Dầu: Dầu tổng hợp Sự chỉ rõ: ACEA A3, ACEA B4, ACEA C3 Phê duyệt của nhà sản xuất: VW 504 00, VW 507 00, MB 229.51','https://storage.googleapis.com/vrms-290212.appspot.com/c01424a5-045e-4d60-8112-ef4ce6e90ee3preview%20%285%29.jpg?GoogleAccessId=firebase-adminsdk-y2tzh@vrms-290212.iam.gserviceaccount.com&Expires=2472010080&Signature=MgUXSK5Mr%2BoPAXzrDHwa2zygtAYEZ7WZpujB8JwbTE78gKvcR7rLpUXbDoyon%2FRIP6Mwftss2s5MikBUgu516tbYpeulBGwP6AIsxHxmdCriSdX2g69jIvWsoJRafkM5Gf8iNXMtnLIlrsJFQwAeMnhNL%2B6d52zbJmyVpSc9nkQaI0BRyq7W73qXbZBpAhO5qb9SR80o9c9oIoZqJHd15PuFPIetcgUgdPofwOpvprtT3MRAHVXJ55oDTrTjr7yPyqQX9Gb%2F9M6aJCMXtXEgBPjGPNc9sg8TwChV9S0ZOL8RTCPA3fPEfUiHMbJpMnxUGW%2B02OJA4d%2F80Nx9VJPUpQ%3D%3D||',0,'Dầu động cơ K2 TEXAR, ULTRA C3',400000,0,26,1);
INSERT INTO TBL_VEHICLE_PART(CREATED_AT,UPDATED_AT,DESCRIPTION,IMAGE_URLS,MONTHS_PER_MAINTENANCE,NAME,PRICE,WARRANTY_DURATION,CATEGORY_ID,PROVIDER_ID) VALUES ('2020-12-15 12:30:37','2020-12-15 12:30:37','Dung tích [lít]: 0,25 Trọng lượng [g]: 256 Trọng lượng [kg]: 1,18 Tình trạng: Mới','https://storage.googleapis.com/vrms-290212.appspot.com/abed46fc-3cf1-41b5-9523-09d4e4b41f91preview%20%286%29.jpg?GoogleAccessId=firebase-adminsdk-y2tzh@vrms-290212.iam.gserviceaccount.com&Expires=2472010236&Signature=XOOawH27o8giCu%2Bxt5neT7m75Isk6%2B8YaHn%2BOtbqYXGNxoElMZmNfH6pME9bkBCK%2BB%2Fc1IqciPssKLFBR0jCGHlxrJ%2FeaJD%2Bg2DWfBM9BDGVdMcIs3zOxrd45tQiXkzk9TAqFDy6YDhl%2F7%2BUlPWPGDJjcSbG%2BzGVrWIcT31Ypo5PM3DWVRDStAeumolkD3o8FHk3DcQkY8PK2BIxrJ8dM3HWnxPg7uV4yRBijd97%2FHJFgBDWzYzOnIri558MeTBa391R2nIkI91AQ%2BA4vPaxKgO62Nr3v%2FLTet0feOvmC94xms%2FvzmXtwap3awC2Q%2B2fnAxGzkDMyvU%2B59spJIFx3g%3D%3D||',0,'Dầu phanh A.B.S.',62000,0,107,1);
INSERT INTO TBL_VEHICLE_PART(CREATED_AT,UPDATED_AT,DESCRIPTION,IMAGE_URLS,MONTHS_PER_MAINTENANCE,NAME,PRICE,WARRANTY_DURATION,CATEGORY_ID,PROVIDER_ID) VALUES ('2020-12-15 12:33:27','2020-12-15 12:33:27','Dung tích [ml]: 250','https://storage.googleapis.com/vrms-290212.appspot.com/115ee634-2a08-4c38-8936-4d72eac1de8epreview%20%287%29.jpg?GoogleAccessId=firebase-adminsdk-y2tzh@vrms-290212.iam.gserviceaccount.com&Expires=2472010407&Signature=GM%2FFZcOKDPrk9o8ppQug1v%2BeK3mklIaaXfh%2FtVrIMg9HkX%2FhluKBQa5Fq07hmSkwmr7ZfCuqwwb58xiuWbuiKsyo4%2Bw8hSaJxan1oTuqEuwEDbax1QABw3yqOYz2dRtieeECggYEldRemVcbpIJuVFEPAyKunClFayl30d91USyR0wGlNJQGJvYUz1X466Vav4WDNxA4%2BVqYilcqN3dA9C0F52VppmddJuK3MgkXVmczoC%2BlAjLKRqU4vuChQEUOWNGw%2BIxJgBVXXnHjQOOdyBNv%2FEukHuPTbAWR6k7UbqHlsmBqSFiMfzlUfxRvylIUsjarTe5ZKWVl5%2FZzqUxNBA%3D%3D||',0,'Dầu phanh K2',93000,0,107,1);


INSERT INTO TBL_VEHICLE_PART_MODEL(PART_ID,MODEL_ID) VALUES (1,1);
INSERT INTO TBL_VEHICLE_PART_MODEL(PART_ID,MODEL_ID) VALUES (1,2);
INSERT INTO TBL_VEHICLE_PART_MODEL(PART_ID,MODEL_ID) VALUES (1,3);
INSERT INTO TBL_VEHICLE_PART_MODEL(PART_ID,MODEL_ID) VALUES (1,4);
INSERT INTO TBL_VEHICLE_PART_MODEL(PART_ID,MODEL_ID) VALUES (1,5);
INSERT INTO TBL_VEHICLE_PART_MODEL(PART_ID,MODEL_ID) VALUES (1,6);
INSERT INTO TBL_VEHICLE_PART_MODEL(PART_ID,MODEL_ID) VALUES (1,7);
INSERT INTO TBL_VEHICLE_PART_MODEL(PART_ID,MODEL_ID) VALUES (1,8);
INSERT INTO TBL_VEHICLE_PART_MODEL(PART_ID,MODEL_ID) VALUES (1,9);
INSERT INTO TBL_VEHICLE_PART_MODEL(PART_ID,MODEL_ID) VALUES (1,10);
INSERT INTO TBL_VEHICLE_PART_MODEL(PART_ID,MODEL_ID) VALUES (2,1);
INSERT INTO TBL_VEHICLE_PART_MODEL(PART_ID,MODEL_ID) VALUES (2,2);
INSERT INTO TBL_VEHICLE_PART_MODEL(PART_ID,MODEL_ID) VALUES (2,3);
INSERT INTO TBL_VEHICLE_PART_MODEL(PART_ID,MODEL_ID) VALUES (2,4);
INSERT INTO TBL_VEHICLE_PART_MODEL(PART_ID,MODEL_ID) VALUES (2,5);
INSERT INTO TBL_VEHICLE_PART_MODEL(PART_ID,MODEL_ID) VALUES (2,6);
INSERT INTO TBL_VEHICLE_PART_MODEL(PART_ID,MODEL_ID) VALUES (2,7);
INSERT INTO TBL_VEHICLE_PART_MODEL(PART_ID,MODEL_ID) VALUES (2,8);
INSERT INTO TBL_VEHICLE_PART_MODEL(PART_ID,MODEL_ID) VALUES (2,9);
INSERT INTO TBL_VEHICLE_PART_MODEL(PART_ID,MODEL_ID) VALUES (2,10);
INSERT INTO TBL_VEHICLE_PART_MODEL(PART_ID,MODEL_ID) VALUES (3,1);
INSERT INTO TBL_VEHICLE_PART_MODEL(PART_ID,MODEL_ID) VALUES (3,2);
INSERT INTO TBL_VEHICLE_PART_MODEL(PART_ID,MODEL_ID) VALUES (3,3);
INSERT INTO TBL_VEHICLE_PART_MODEL(PART_ID,MODEL_ID) VALUES (3,4);
INSERT INTO TBL_VEHICLE_PART_MODEL(PART_ID,MODEL_ID) VALUES (3,5);
INSERT INTO TBL_VEHICLE_PART_MODEL(PART_ID,MODEL_ID) VALUES (3,6);
INSERT INTO TBL_VEHICLE_PART_MODEL(PART_ID,MODEL_ID) VALUES (3,7);
INSERT INTO TBL_VEHICLE_PART_MODEL(PART_ID,MODEL_ID) VALUES (3,8);
INSERT INTO TBL_VEHICLE_PART_MODEL(PART_ID,MODEL_ID) VALUES (3,9);
INSERT INTO TBL_VEHICLE_PART_MODEL(PART_ID,MODEL_ID) VALUES (3,10);
INSERT INTO TBL_VEHICLE_PART_MODEL(PART_ID,MODEL_ID) VALUES (4,1);
INSERT INTO TBL_VEHICLE_PART_MODEL(PART_ID,MODEL_ID) VALUES (4,2);
INSERT INTO TBL_VEHICLE_PART_MODEL(PART_ID,MODEL_ID) VALUES (4,3);
INSERT INTO TBL_VEHICLE_PART_MODEL(PART_ID,MODEL_ID) VALUES (4,4);
INSERT INTO TBL_VEHICLE_PART_MODEL(PART_ID,MODEL_ID) VALUES (4,5);
INSERT INTO TBL_VEHICLE_PART_MODEL(PART_ID,MODEL_ID) VALUES (4,6);
INSERT INTO TBL_VEHICLE_PART_MODEL(PART_ID,MODEL_ID) VALUES (4,7);
INSERT INTO TBL_VEHICLE_PART_MODEL(PART_ID,MODEL_ID) VALUES (4,8);
INSERT INTO TBL_VEHICLE_PART_MODEL(PART_ID,MODEL_ID) VALUES (4,9);
INSERT INTO TBL_VEHICLE_PART_MODEL(PART_ID,MODEL_ID) VALUES (4,10);
INSERT INTO TBL_VEHICLE_PART_MODEL(PART_ID,MODEL_ID) VALUES (5,1);
INSERT INTO TBL_VEHICLE_PART_MODEL(PART_ID,MODEL_ID) VALUES (5,2);
INSERT INTO TBL_VEHICLE_PART_MODEL(PART_ID,MODEL_ID) VALUES (5,3);
INSERT INTO TBL_VEHICLE_PART_MODEL(PART_ID,MODEL_ID) VALUES (5,4);
INSERT INTO TBL_VEHICLE_PART_MODEL(PART_ID,MODEL_ID) VALUES (5,5);
INSERT INTO TBL_VEHICLE_PART_MODEL(PART_ID,MODEL_ID) VALUES (5,6);
INSERT INTO TBL_VEHICLE_PART_MODEL(PART_ID,MODEL_ID) VALUES (5,7);
INSERT INTO TBL_VEHICLE_PART_MODEL(PART_ID,MODEL_ID) VALUES (5,8);
INSERT INTO TBL_VEHICLE_PART_MODEL(PART_ID,MODEL_ID) VALUES (5,9);
INSERT INTO TBL_VEHICLE_PART_MODEL(PART_ID,MODEL_ID) VALUES (5,10);
INSERT INTO TBL_VEHICLE_PART_MODEL(PART_ID,MODEL_ID) VALUES (6,1);
INSERT INTO TBL_VEHICLE_PART_MODEL(PART_ID,MODEL_ID) VALUES (6,2);
INSERT INTO TBL_VEHICLE_PART_MODEL(PART_ID,MODEL_ID) VALUES (6,3);
INSERT INTO TBL_VEHICLE_PART_MODEL(PART_ID,MODEL_ID) VALUES (6,4);
INSERT INTO TBL_VEHICLE_PART_MODEL(PART_ID,MODEL_ID) VALUES (6,5);
INSERT INTO TBL_VEHICLE_PART_MODEL(PART_ID,MODEL_ID) VALUES (6,6);
INSERT INTO TBL_VEHICLE_PART_MODEL(PART_ID,MODEL_ID) VALUES (6,7);
INSERT INTO TBL_VEHICLE_PART_MODEL(PART_ID,MODEL_ID) VALUES (6,8);
INSERT INTO TBL_VEHICLE_PART_MODEL(PART_ID,MODEL_ID) VALUES (6,9);
INSERT INTO TBL_VEHICLE_PART_MODEL(PART_ID,MODEL_ID) VALUES (6,10);
INSERT INTO TBL_VEHICLE_PART_MODEL(PART_ID,MODEL_ID) VALUES (7,1);
INSERT INTO TBL_VEHICLE_PART_MODEL(PART_ID,MODEL_ID) VALUES (7,2);
INSERT INTO TBL_VEHICLE_PART_MODEL(PART_ID,MODEL_ID) VALUES (7,3);
INSERT INTO TBL_VEHICLE_PART_MODEL(PART_ID,MODEL_ID) VALUES (7,10);
INSERT INTO TBL_VEHICLE_PART_MODEL(PART_ID,MODEL_ID) VALUES (8,1);
INSERT INTO TBL_VEHICLE_PART_MODEL(PART_ID,MODEL_ID) VALUES (8,2);
INSERT INTO TBL_VEHICLE_PART_MODEL(PART_ID,MODEL_ID) VALUES (8,3);
INSERT INTO TBL_VEHICLE_PART_MODEL(PART_ID,MODEL_ID) VALUES (8,4);
INSERT INTO TBL_VEHICLE_PART_MODEL(PART_ID,MODEL_ID) VALUES (8,5);
INSERT INTO TBL_VEHICLE_PART_MODEL(PART_ID,MODEL_ID) VALUES (8,6);
INSERT INTO TBL_VEHICLE_PART_MODEL(PART_ID,MODEL_ID) VALUES (8,7);
INSERT INTO TBL_VEHICLE_PART_MODEL(PART_ID,MODEL_ID) VALUES (8,8);
INSERT INTO TBL_VEHICLE_PART_MODEL(PART_ID,MODEL_ID) VALUES (8,9);
INSERT INTO TBL_VEHICLE_PART_MODEL(PART_ID,MODEL_ID) VALUES (8,10);
INSERT INTO TBL_VEHICLE_PART_MODEL(PART_ID,MODEL_ID) VALUES (9,1);
INSERT INTO TBL_VEHICLE_PART_MODEL(PART_ID,MODEL_ID) VALUES (9,2);
INSERT INTO TBL_VEHICLE_PART_MODEL(PART_ID,MODEL_ID) VALUES (9,3);
INSERT INTO TBL_VEHICLE_PART_MODEL(PART_ID,MODEL_ID) VALUES (9,4);
INSERT INTO TBL_VEHICLE_PART_MODEL(PART_ID,MODEL_ID) VALUES (9,5);
INSERT INTO TBL_VEHICLE_PART_MODEL(PART_ID,MODEL_ID) VALUES (9,6);
INSERT INTO TBL_VEHICLE_PART_MODEL(PART_ID,MODEL_ID) VALUES (9,7);
INSERT INTO TBL_VEHICLE_PART_MODEL(PART_ID,MODEL_ID) VALUES (9,8);
INSERT INTO TBL_VEHICLE_PART_MODEL(PART_ID,MODEL_ID) VALUES (9,9);
INSERT INTO TBL_VEHICLE_PART_MODEL(PART_ID,MODEL_ID) VALUES (9,10);
INSERT INTO TBL_VEHICLE_PART_MODEL(PART_ID,MODEL_ID) VALUES (10,1);
INSERT INTO TBL_VEHICLE_PART_MODEL(PART_ID,MODEL_ID) VALUES (10,2);
INSERT INTO TBL_VEHICLE_PART_MODEL(PART_ID,MODEL_ID) VALUES (10,3);
INSERT INTO TBL_VEHICLE_PART_MODEL(PART_ID,MODEL_ID) VALUES (10,4);
INSERT INTO TBL_VEHICLE_PART_MODEL(PART_ID,MODEL_ID) VALUES (10,5);
INSERT INTO TBL_VEHICLE_PART_MODEL(PART_ID,MODEL_ID) VALUES (10,6);
INSERT INTO TBL_VEHICLE_PART_MODEL(PART_ID,MODEL_ID) VALUES (10,7);
INSERT INTO TBL_VEHICLE_PART_MODEL(PART_ID,MODEL_ID) VALUES (10,8);
INSERT INTO TBL_VEHICLE_PART_MODEL(PART_ID,MODEL_ID) VALUES (10,9);
INSERT INTO TBL_VEHICLE_PART_MODEL(PART_ID,MODEL_ID) VALUES (10,10);
INSERT INTO TBL_VEHICLE_PART_MODEL(PART_ID,MODEL_ID) VALUES (11,1);
INSERT INTO TBL_VEHICLE_PART_MODEL(PART_ID,MODEL_ID) VALUES (11,2);
INSERT INTO TBL_VEHICLE_PART_MODEL(PART_ID,MODEL_ID) VALUES (11,3);
INSERT INTO TBL_VEHICLE_PART_MODEL(PART_ID,MODEL_ID) VALUES (11,4);
INSERT INTO TBL_VEHICLE_PART_MODEL(PART_ID,MODEL_ID) VALUES (11,5);
INSERT INTO TBL_VEHICLE_PART_MODEL(PART_ID,MODEL_ID) VALUES (11,6);
INSERT INTO TBL_VEHICLE_PART_MODEL(PART_ID,MODEL_ID) VALUES (11,7);
INSERT INTO TBL_VEHICLE_PART_MODEL(PART_ID,MODEL_ID) VALUES (11,8);
INSERT INTO TBL_VEHICLE_PART_MODEL(PART_ID,MODEL_ID) VALUES (11,9);
INSERT INTO TBL_VEHICLE_PART_MODEL(PART_ID,MODEL_ID) VALUES (11,10);
INSERT INTO TBL_VEHICLE_PART_MODEL(PART_ID,MODEL_ID) VALUES (13,1);
INSERT INTO TBL_VEHICLE_PART_MODEL(PART_ID,MODEL_ID) VALUES (13,2);
INSERT INTO TBL_VEHICLE_PART_MODEL(PART_ID,MODEL_ID) VALUES (13,3);
INSERT INTO TBL_VEHICLE_PART_MODEL(PART_ID,MODEL_ID) VALUES (13,4);
INSERT INTO TBL_VEHICLE_PART_MODEL(PART_ID,MODEL_ID) VALUES (13,5);
INSERT INTO TBL_VEHICLE_PART_MODEL(PART_ID,MODEL_ID) VALUES (13,6);
INSERT INTO TBL_VEHICLE_PART_MODEL(PART_ID,MODEL_ID) VALUES (13,7);
INSERT INTO TBL_VEHICLE_PART_MODEL(PART_ID,MODEL_ID) VALUES (13,8);
INSERT INTO TBL_VEHICLE_PART_MODEL(PART_ID,MODEL_ID) VALUES (13,9);
INSERT INTO TBL_VEHICLE_PART_MODEL(PART_ID,MODEL_ID) VALUES (13,10);
INSERT INTO TBL_VEHICLE_PART_MODEL(PART_ID,MODEL_ID) VALUES (14,1);
INSERT INTO TBL_VEHICLE_PART_MODEL(PART_ID,MODEL_ID) VALUES (14,2);
INSERT INTO TBL_VEHICLE_PART_MODEL(PART_ID,MODEL_ID) VALUES (14,3);
INSERT INTO TBL_VEHICLE_PART_MODEL(PART_ID,MODEL_ID) VALUES (14,4);
INSERT INTO TBL_VEHICLE_PART_MODEL(PART_ID,MODEL_ID) VALUES (14,5);
INSERT INTO TBL_VEHICLE_PART_MODEL(PART_ID,MODEL_ID) VALUES (14,6);
INSERT INTO TBL_VEHICLE_PART_MODEL(PART_ID,MODEL_ID) VALUES (14,7);
INSERT INTO TBL_VEHICLE_PART_MODEL(PART_ID,MODEL_ID) VALUES (14,8);
INSERT INTO TBL_VEHICLE_PART_MODEL(PART_ID,MODEL_ID) VALUES (14,9);
INSERT INTO TBL_VEHICLE_PART_MODEL(PART_ID,MODEL_ID) VALUES (14,10);
INSERT INTO TBL_VEHICLE_PART_MODEL(PART_ID,MODEL_ID) VALUES (16,1);
INSERT INTO TBL_VEHICLE_PART_MODEL(PART_ID,MODEL_ID) VALUES (16,2);
INSERT INTO TBL_VEHICLE_PART_MODEL(PART_ID,MODEL_ID) VALUES (16,3);
INSERT INTO TBL_VEHICLE_PART_MODEL(PART_ID,MODEL_ID) VALUES (16,4);
INSERT INTO TBL_VEHICLE_PART_MODEL(PART_ID,MODEL_ID) VALUES (16,5);
INSERT INTO TBL_VEHICLE_PART_MODEL(PART_ID,MODEL_ID) VALUES (16,6);
INSERT INTO TBL_VEHICLE_PART_MODEL(PART_ID,MODEL_ID) VALUES (16,7);
INSERT INTO TBL_VEHICLE_PART_MODEL(PART_ID,MODEL_ID) VALUES (16,8);
INSERT INTO TBL_VEHICLE_PART_MODEL(PART_ID,MODEL_ID) VALUES (16,9);
INSERT INTO TBL_VEHICLE_PART_MODEL(PART_ID,MODEL_ID) VALUES (16,10);
INSERT INTO TBL_VEHICLE_PART_MODEL(PART_ID,MODEL_ID) VALUES (17,1);
INSERT INTO TBL_VEHICLE_PART_MODEL(PART_ID,MODEL_ID) VALUES (17,2);
INSERT INTO TBL_VEHICLE_PART_MODEL(PART_ID,MODEL_ID) VALUES (17,3);
INSERT INTO TBL_VEHICLE_PART_MODEL(PART_ID,MODEL_ID) VALUES (17,4);
INSERT INTO TBL_VEHICLE_PART_MODEL(PART_ID,MODEL_ID) VALUES (17,5);
INSERT INTO TBL_VEHICLE_PART_MODEL(PART_ID,MODEL_ID) VALUES (17,6);
INSERT INTO TBL_VEHICLE_PART_MODEL(PART_ID,MODEL_ID) VALUES (17,7);
INSERT INTO TBL_VEHICLE_PART_MODEL(PART_ID,MODEL_ID) VALUES (17,8);
INSERT INTO TBL_VEHICLE_PART_MODEL(PART_ID,MODEL_ID) VALUES (17,9);
INSERT INTO TBL_VEHICLE_PART_MODEL(PART_ID,MODEL_ID) VALUES (17,10);
INSERT INTO TBL_VEHICLE_PART_MODEL(PART_ID,MODEL_ID) VALUES (18,1);
INSERT INTO TBL_VEHICLE_PART_MODEL(PART_ID,MODEL_ID) VALUES (18,2);
INSERT INTO TBL_VEHICLE_PART_MODEL(PART_ID,MODEL_ID) VALUES (18,3);
INSERT INTO TBL_VEHICLE_PART_MODEL(PART_ID,MODEL_ID) VALUES (18,4);
INSERT INTO TBL_VEHICLE_PART_MODEL(PART_ID,MODEL_ID) VALUES (18,5);
INSERT INTO TBL_VEHICLE_PART_MODEL(PART_ID,MODEL_ID) VALUES (18,6);
INSERT INTO TBL_VEHICLE_PART_MODEL(PART_ID,MODEL_ID) VALUES (18,7);
INSERT INTO TBL_VEHICLE_PART_MODEL(PART_ID,MODEL_ID) VALUES (18,8);
INSERT INTO TBL_VEHICLE_PART_MODEL(PART_ID,MODEL_ID) VALUES (18,9);
INSERT INTO TBL_VEHICLE_PART_MODEL(PART_ID,MODEL_ID) VALUES (18,10);
INSERT INTO TBL_VEHICLE_PART_MODEL(PART_ID,MODEL_ID) VALUES (19,1);
INSERT INTO TBL_VEHICLE_PART_MODEL(PART_ID,MODEL_ID) VALUES (19,2);
INSERT INTO TBL_VEHICLE_PART_MODEL(PART_ID,MODEL_ID) VALUES (19,3);
INSERT INTO TBL_VEHICLE_PART_MODEL(PART_ID,MODEL_ID) VALUES (19,4);
INSERT INTO TBL_VEHICLE_PART_MODEL(PART_ID,MODEL_ID) VALUES (19,5);
INSERT INTO TBL_VEHICLE_PART_MODEL(PART_ID,MODEL_ID) VALUES (19,6);
INSERT INTO TBL_VEHICLE_PART_MODEL(PART_ID,MODEL_ID) VALUES (19,7);
INSERT INTO TBL_VEHICLE_PART_MODEL(PART_ID,MODEL_ID) VALUES (19,8);
INSERT INTO TBL_VEHICLE_PART_MODEL(PART_ID,MODEL_ID) VALUES (19,9);
INSERT INTO TBL_VEHICLE_PART_MODEL(PART_ID,MODEL_ID) VALUES (19,10);
INSERT INTO TBL_VEHICLE_PART_MODEL(PART_ID,MODEL_ID) VALUES (20,1);
INSERT INTO TBL_VEHICLE_PART_MODEL(PART_ID,MODEL_ID) VALUES (20,2);
INSERT INTO TBL_VEHICLE_PART_MODEL(PART_ID,MODEL_ID) VALUES (20,3);
INSERT INTO TBL_VEHICLE_PART_MODEL(PART_ID,MODEL_ID) VALUES (20,4);
INSERT INTO TBL_VEHICLE_PART_MODEL(PART_ID,MODEL_ID) VALUES (20,5);
INSERT INTO TBL_VEHICLE_PART_MODEL(PART_ID,MODEL_ID) VALUES (20,6);
INSERT INTO TBL_VEHICLE_PART_MODEL(PART_ID,MODEL_ID) VALUES (20,7);
INSERT INTO TBL_VEHICLE_PART_MODEL(PART_ID,MODEL_ID) VALUES (20,8);
INSERT INTO TBL_VEHICLE_PART_MODEL(PART_ID,MODEL_ID) VALUES (20,9);
INSERT INTO TBL_VEHICLE_PART_MODEL(PART_ID,MODEL_ID) VALUES (20,10);
INSERT INTO TBL_VEHICLE_PART_MODEL(PART_ID,MODEL_ID) VALUES (20,11);
INSERT INTO TBL_VEHICLE_PART_MODEL(PART_ID,MODEL_ID) VALUES (20,12);
INSERT INTO TBL_VEHICLE_PART_MODEL(PART_ID,MODEL_ID) VALUES (20,13);
INSERT INTO TBL_VEHICLE_PART_MODEL(PART_ID,MODEL_ID) VALUES (20,14);
INSERT INTO TBL_VEHICLE_PART_MODEL(PART_ID,MODEL_ID) VALUES (20,15);
INSERT INTO TBL_VEHICLE_PART_MODEL(PART_ID,MODEL_ID) VALUES (20,16);
INSERT INTO TBL_VEHICLE_PART_MODEL(PART_ID,MODEL_ID) VALUES (20,17);
INSERT INTO TBL_VEHICLE_PART_MODEL(PART_ID,MODEL_ID) VALUES (20,18);
INSERT INTO TBL_VEHICLE_PART_MODEL(PART_ID,MODEL_ID) VALUES (20,19);
INSERT INTO TBL_VEHICLE_PART_MODEL(PART_ID,MODEL_ID) VALUES (20,20);
INSERT INTO TBL_VEHICLE_PART_MODEL(PART_ID,MODEL_ID) VALUES (21,1);
INSERT INTO TBL_VEHICLE_PART_MODEL(PART_ID,MODEL_ID) VALUES (21,2);
INSERT INTO TBL_VEHICLE_PART_MODEL(PART_ID,MODEL_ID) VALUES (21,3);
INSERT INTO TBL_VEHICLE_PART_MODEL(PART_ID,MODEL_ID) VALUES (21,4);
INSERT INTO TBL_VEHICLE_PART_MODEL(PART_ID,MODEL_ID) VALUES (21,5);
INSERT INTO TBL_VEHICLE_PART_MODEL(PART_ID,MODEL_ID) VALUES (21,6);
INSERT INTO TBL_VEHICLE_PART_MODEL(PART_ID,MODEL_ID) VALUES (21,7);
INSERT INTO TBL_VEHICLE_PART_MODEL(PART_ID,MODEL_ID) VALUES (21,8);
INSERT INTO TBL_VEHICLE_PART_MODEL(PART_ID,MODEL_ID) VALUES (21,9);
INSERT INTO TBL_VEHICLE_PART_MODEL(PART_ID,MODEL_ID) VALUES (21,10);
INSERT INTO TBL_VEHICLE_PART_MODEL(PART_ID,MODEL_ID) VALUES (23,1);
INSERT INTO TBL_VEHICLE_PART_MODEL(PART_ID,MODEL_ID) VALUES (23,2);
INSERT INTO TBL_VEHICLE_PART_MODEL(PART_ID,MODEL_ID) VALUES (23,3);
INSERT INTO TBL_VEHICLE_PART_MODEL(PART_ID,MODEL_ID) VALUES (23,4);
INSERT INTO TBL_VEHICLE_PART_MODEL(PART_ID,MODEL_ID) VALUES (23,5);
INSERT INTO TBL_VEHICLE_PART_MODEL(PART_ID,MODEL_ID) VALUES (23,6);
INSERT INTO TBL_VEHICLE_PART_MODEL(PART_ID,MODEL_ID) VALUES (23,7);
INSERT INTO TBL_VEHICLE_PART_MODEL(PART_ID,MODEL_ID) VALUES (23,8);
INSERT INTO TBL_VEHICLE_PART_MODEL(PART_ID,MODEL_ID) VALUES (23,9);
INSERT INTO TBL_VEHICLE_PART_MODEL(PART_ID,MODEL_ID) VALUES (23,10);
INSERT INTO TBL_VEHICLE_PART_MODEL(PART_ID,MODEL_ID) VALUES (23,11);
INSERT INTO TBL_VEHICLE_PART_MODEL(PART_ID,MODEL_ID) VALUES (23,12);
INSERT INTO TBL_VEHICLE_PART_MODEL(PART_ID,MODEL_ID) VALUES (23,13);
INSERT INTO TBL_VEHICLE_PART_MODEL(PART_ID,MODEL_ID) VALUES (23,14);
INSERT INTO TBL_VEHICLE_PART_MODEL(PART_ID,MODEL_ID) VALUES (23,15);
INSERT INTO TBL_VEHICLE_PART_MODEL(PART_ID,MODEL_ID) VALUES (23,16);
INSERT INTO TBL_VEHICLE_PART_MODEL(PART_ID,MODEL_ID) VALUES (23,17);
INSERT INTO TBL_VEHICLE_PART_MODEL(PART_ID,MODEL_ID) VALUES (23,18);
INSERT INTO TBL_VEHICLE_PART_MODEL(PART_ID,MODEL_ID) VALUES (23,19);
INSERT INTO TBL_VEHICLE_PART_MODEL(PART_ID,MODEL_ID) VALUES (23,20);
INSERT INTO TBL_VEHICLE_PART_MODEL(PART_ID,MODEL_ID) VALUES (24,1);
INSERT INTO TBL_VEHICLE_PART_MODEL(PART_ID,MODEL_ID) VALUES (24,2);
INSERT INTO TBL_VEHICLE_PART_MODEL(PART_ID,MODEL_ID) VALUES (24,3);
INSERT INTO TBL_VEHICLE_PART_MODEL(PART_ID,MODEL_ID) VALUES (24,4);
INSERT INTO TBL_VEHICLE_PART_MODEL(PART_ID,MODEL_ID) VALUES (24,5);
INSERT INTO TBL_VEHICLE_PART_MODEL(PART_ID,MODEL_ID) VALUES (24,6);
INSERT INTO TBL_VEHICLE_PART_MODEL(PART_ID,MODEL_ID) VALUES (24,7);
INSERT INTO TBL_VEHICLE_PART_MODEL(PART_ID,MODEL_ID) VALUES (24,8);
INSERT INTO TBL_VEHICLE_PART_MODEL(PART_ID,MODEL_ID) VALUES (24,9);
INSERT INTO TBL_VEHICLE_PART_MODEL(PART_ID,MODEL_ID) VALUES (24,10);
INSERT INTO TBL_VEHICLE_PART_MODEL(PART_ID,MODEL_ID) VALUES (25,1);
INSERT INTO TBL_VEHICLE_PART_MODEL(PART_ID,MODEL_ID) VALUES (25,2);
INSERT INTO TBL_VEHICLE_PART_MODEL(PART_ID,MODEL_ID) VALUES (25,3);
INSERT INTO TBL_VEHICLE_PART_MODEL(PART_ID,MODEL_ID) VALUES (25,4);
INSERT INTO TBL_VEHICLE_PART_MODEL(PART_ID,MODEL_ID) VALUES (25,5);
INSERT INTO TBL_VEHICLE_PART_MODEL(PART_ID,MODEL_ID) VALUES (25,6);
INSERT INTO TBL_VEHICLE_PART_MODEL(PART_ID,MODEL_ID) VALUES (25,7);
INSERT INTO TBL_VEHICLE_PART_MODEL(PART_ID,MODEL_ID) VALUES (25,8);
INSERT INTO TBL_VEHICLE_PART_MODEL(PART_ID,MODEL_ID) VALUES (25,9);
INSERT INTO TBL_VEHICLE_PART_MODEL(PART_ID,MODEL_ID) VALUES (25,10);
INSERT INTO TBL_VEHICLE_PART_MODEL(PART_ID,MODEL_ID) VALUES (26,1);
INSERT INTO TBL_VEHICLE_PART_MODEL(PART_ID,MODEL_ID) VALUES (26,2);
INSERT INTO TBL_VEHICLE_PART_MODEL(PART_ID,MODEL_ID) VALUES (26,3);
INSERT INTO TBL_VEHICLE_PART_MODEL(PART_ID,MODEL_ID) VALUES (26,4);
INSERT INTO TBL_VEHICLE_PART_MODEL(PART_ID,MODEL_ID) VALUES (26,5);
INSERT INTO TBL_VEHICLE_PART_MODEL(PART_ID,MODEL_ID) VALUES (26,6);
INSERT INTO TBL_VEHICLE_PART_MODEL(PART_ID,MODEL_ID) VALUES (26,7);
INSERT INTO TBL_VEHICLE_PART_MODEL(PART_ID,MODEL_ID) VALUES (26,8);
INSERT INTO TBL_VEHICLE_PART_MODEL(PART_ID,MODEL_ID) VALUES (26,9);
INSERT INTO TBL_VEHICLE_PART_MODEL(PART_ID,MODEL_ID) VALUES (26,10);
INSERT INTO TBL_VEHICLE_PART_MODEL(PART_ID,MODEL_ID) VALUES (27,1);
INSERT INTO TBL_VEHICLE_PART_MODEL(PART_ID,MODEL_ID) VALUES (27,2);
INSERT INTO TBL_VEHICLE_PART_MODEL(PART_ID,MODEL_ID) VALUES (27,3);
INSERT INTO TBL_VEHICLE_PART_MODEL(PART_ID,MODEL_ID) VALUES (27,4);
INSERT INTO TBL_VEHICLE_PART_MODEL(PART_ID,MODEL_ID) VALUES (27,5);
INSERT INTO TBL_VEHICLE_PART_MODEL(PART_ID,MODEL_ID) VALUES (27,6);
INSERT INTO TBL_VEHICLE_PART_MODEL(PART_ID,MODEL_ID) VALUES (27,7);
INSERT INTO TBL_VEHICLE_PART_MODEL(PART_ID,MODEL_ID) VALUES (27,8);
INSERT INTO TBL_VEHICLE_PART_MODEL(PART_ID,MODEL_ID) VALUES (27,9);
INSERT INTO TBL_VEHICLE_PART_MODEL(PART_ID,MODEL_ID) VALUES (27,10);
INSERT INTO TBL_VEHICLE_PART_MODEL(PART_ID,MODEL_ID) VALUES (27,11);
INSERT INTO TBL_VEHICLE_PART_MODEL(PART_ID,MODEL_ID) VALUES (27,12);
INSERT INTO TBL_VEHICLE_PART_MODEL(PART_ID,MODEL_ID) VALUES (27,13);
INSERT INTO TBL_VEHICLE_PART_MODEL(PART_ID,MODEL_ID) VALUES (27,14);
INSERT INTO TBL_VEHICLE_PART_MODEL(PART_ID,MODEL_ID) VALUES (27,15);
INSERT INTO TBL_VEHICLE_PART_MODEL(PART_ID,MODEL_ID) VALUES (27,16);
INSERT INTO TBL_VEHICLE_PART_MODEL(PART_ID,MODEL_ID) VALUES (27,17);
INSERT INTO TBL_VEHICLE_PART_MODEL(PART_ID,MODEL_ID) VALUES (27,18);
INSERT INTO TBL_VEHICLE_PART_MODEL(PART_ID,MODEL_ID) VALUES (27,19);
INSERT INTO TBL_VEHICLE_PART_MODEL(PART_ID,MODEL_ID) VALUES (27,20);


INSERT INTO TBL_VEHICLE(COLOR,PLATE_NUMBER,VIN_NUMBER,MODEL_ID,USER_ID) VALUES ('Red','69B4200',6942069420,1,21);
INSERT INTO TBL_VEHICLE(COLOR,PLATE_NUMBER,VIN_NUMBER,MODEL_ID,USER_ID) VALUES ('Red','59B4682',3651726353,1,22);
INSERT INTO TBL_VEHICLE(COLOR,PLATE_NUMBER,VIN_NUMBER,MODEL_ID,USER_ID) VALUES ('Red','54B53215',245623613,2,23);
INSERT INTO TBL_VEHICLE(COLOR,PLATE_NUMBER,VIN_NUMBER,MODEL_ID,USER_ID) VALUES ('Red','54B9099',65436232341,2,24);
INSERT INTO TBL_VEHICLE(COLOR,PLATE_NUMBER,VIN_NUMBER,MODEL_ID,USER_ID) VALUES ('Red','54B1239',1254125521,2,25);
