-- noinspection SqlNoDataSourceInspectionForFile

INSERT INTO TBL_SERVICE_TYPE(id,name) VALUES (1,'Kiểm tra');
INSERT INTO TBL_SERVICE_TYPE(id,name) VALUES (2,'Vệ sinh');
INSERT INTO TBL_SERVICE_TYPE(id,name) VALUES (3,'Thay thế và lắp ráp');

INSERT INTO TBL_PART_SECTION(id,name) VALUES (1,'Thân xe');
INSERT INTO TBL_PART_SECTION(id,name) VALUES (2,'Động cơ');
INSERT INTO TBL_PART_SECTION(id,name) VALUES (3,'Hệ thống lò xo');
INSERT INTO TBL_PART_SECTION(id,name) VALUES (4,'Giảm sóc');
INSERT INTO TBL_PART_SECTION(id,name) VALUES (5,'Truyền động');
INSERT INTO TBL_PART_SECTION(id,name) VALUES (6,'Hệ thống rửa kính');
INSERT INTO TBL_PART_SECTION(id,name) VALUES (7,'Hệ thống đánh lửa');
INSERT INTO TBL_PART_SECTION(id,name) VALUES (8,'Hệ Thống làm lạnh');
INSERT INTO TBL_PART_SECTION(id,name) VALUES (9,'Hệ thống ống xả');
INSERT INTO TBL_PART_SECTION(id,name) VALUES (10,'Thiết bị lái');
INSERT INTO TBL_PART_SECTION(id,name) VALUES (11,'Bánh xe');
INSERT INTO TBL_PART_SECTION(id,name) VALUES (12,'Nội thất');
INSERT INTO TBL_PART_SECTION(id,name) VALUES (13,'Thiết bị khác');
INSERT INTO TBL_PART_SECTION(id,name) VALUES (14,'Hệ thống phanh');
INSERT INTO TBL_PART_SECTION(id,name) VALUES (15,'Bộ lọc');
INSERT INTO TBL_PART_SECTION(id,name) VALUES (16,'Bánh xe');
INSERT INTO TBL_PART_SECTION(id,name) VALUES (17,'Dầu xe hơi và nước làm mát');
INSERT INTO TBL_PART_SECTION(id,name) VALUES (18,'Cửa, kính chắn gió, cần gạt nước');
INSERT INTO TBL_PART_SECTION(id,name) VALUES (19,'Ắc quy, hệ thống phanh');
INSERT INTO TBL_PART_SECTION(id,name) VALUES (20,'Hệ thống đèn');
INSERT INTO TBL_PART_SECTION(id,name) VALUES (21,'Nội thất');
INSERT INTO TBL_PART_SECTION(id,name) VALUES (22,'Ngoại thất');

INSERT INTO TBL_PART_CATEGORY(id,name) VALUES (1,'Đuôi xe');
INSERT INTO TBL_PART_CATEGORY(id,name) VALUES (2,'Kính chiếu hậu');
INSERT INTO TBL_PART_CATEGORY(id,name) VALUES (3,'Đèn hậu');
INSERT INTO TBL_PART_CATEGORY(id,name) VALUES (4,'Đèn đầu');
INSERT INTO TBL_PART_CATEGORY(id,name) VALUES (5,'Xi nhan');
INSERT INTO TBL_PART_CATEGORY(id,name) VALUES (6,'Đèn biển số');
INSERT INTO TBL_PART_CATEGORY(id,name) VALUES (7,'Đèn sương mù');
INSERT INTO TBL_PART_CATEGORY(id,name) VALUES (8,'Gương kính chiếu hậu');
INSERT INTO TBL_PART_CATEGORY(id,name) VALUES (9,'Tay nắm cửa');
INSERT INTO TBL_PART_CATEGORY(id,name) VALUES (10,'Lưới tản nhiệt');
INSERT INTO TBL_PART_CATEGORY(id,name) VALUES (11,'Thanh cản va');
INSERT INTO TBL_PART_CATEGORY(id,name) VALUES (12,'Vỏ gương cánh');
INSERT INTO TBL_PART_CATEGORY(id,name) VALUES (13,'Mui xe');
INSERT INTO TBL_PART_CATEGORY(id,name) VALUES (14,'Đèn phanh thứ 3');
INSERT INTO TBL_PART_CATEGORY(id,name) VALUES (15,'Cửa xe');
INSERT INTO TBL_PART_CATEGORY(id,name) VALUES (16,'Thanh kéo');
INSERT INTO TBL_PART_CATEGORY(id,name) VALUES (17,'Khuôn đúc');
INSERT INTO TBL_PART_CATEGORY(id,name) VALUES (18,'Bảng hỗ trợ tản nhiệt');
INSERT INTO TBL_PART_CATEGORY(id,name) VALUES (19,'Panô cân bằng');
INSERT INTO TBL_PART_CATEGORY(id,name) VALUES (20,'Hệ thống khóa trung tâm');
INSERT INTO TBL_PART_CATEGORY(id,name) VALUES (21,'Khóa cửa');
INSERT INTO TBL_PART_CATEGORY(id,name) VALUES (22,'Đèn ban ngày');
INSERT INTO TBL_PART_CATEGORY(id,name) VALUES (23,'Tấm chắn động cơ');
INSERT INTO TBL_PART_CATEGORY(id,name) VALUES (24,'Đèn thắng');
INSERT INTO TBL_PART_CATEGORY(id,name) VALUES (25,'Kính chắn gió');
INSERT INTO TBL_PART_CATEGORY(id,name) VALUES (26,'Khung cabin');
INSERT INTO TBL_PART_CATEGORY(id,name) VALUES (27,'Dầu động cơ');
INSERT INTO TBL_PART_CATEGORY(id,name) VALUES (28,'Khung giá động cơ');
INSERT INTO TBL_PART_CATEGORY(id,name) VALUES (29,'Nút xả dầu');
INSERT INTO TBL_PART_CATEGORY(id,name) VALUES (30,'Bu lông đầu xi lanh');
INSERT INTO TBL_PART_CATEGORY(id,name) VALUES (31,'Nắp thông hơi cạt-te');
INSERT INTO TBL_PART_CATEGORY(id,name) VALUES (32,'Bể chứa dầu');
INSERT INTO TBL_PART_CATEGORY(id,name) VALUES (33,'Nắp lọc dầu');
INSERT INTO TBL_PART_CATEGORY(id,name) VALUES (34,'Ổ trục con');
INSERT INTO TBL_PART_CATEGORY(id,name) VALUES (35,'Con đội xú páp');
INSERT INTO TBL_PART_CATEGORY(id,name) VALUES (36,'Xéc măng pít tông');
INSERT INTO TBL_PART_CATEGORY(id,name) VALUES (37,'Cảm biến mực dầu');
INSERT INTO TBL_PART_CATEGORY(id,name) VALUES (38,'Xú páp thải');
INSERT INTO TBL_PART_CATEGORY(id,name) VALUES (39,'Ổ đỡ trục khuỷu');
INSERT INTO TBL_PART_CATEGORY(id,name) VALUES (40,'Trục cò mổ');
INSERT INTO TBL_PART_CATEGORY(id,name) VALUES (41,'Trục phân phối');
INSERT INTO TBL_PART_CATEGORY(id,name) VALUES (42,'Pittông');
INSERT INTO TBL_PART_CATEGORY(id,name) VALUES (43,'Ống dẫn khí nạp');
INSERT INTO TBL_PART_CATEGORY(id,name) VALUES (44,'Băng dẫn động');
INSERT INTO TBL_PART_CATEGORY(id,name) VALUES (45,'Nắp xilanh');
INSERT INTO TBL_PART_CATEGORY(id,name) VALUES (46,'Máy bơm không khí thứ cấp');
INSERT INTO TBL_PART_CATEGORY(id,name) VALUES (47,'Trục khuỷu');
INSERT INTO TBL_PART_CATEGORY(id,name) VALUES (48,'Ổ lăn bánh xe');
INSERT INTO TBL_PART_CATEGORY(id,name) VALUES (49,'Cần điều kiển');
INSERT INTO TBL_PART_CATEGORY(id,name) VALUES (50,'Ổ trục bánh xe');
INSERT INTO TBL_PART_CATEGORY(id,name) VALUES (51,'Bu lông bánh xe');
INSERT INTO TBL_PART_CATEGORY(id,name) VALUES (52,'Ống lót ổ trục');
INSERT INTO TBL_PART_CATEGORY(id,name) VALUES (53,'Đệm bánh xe');
INSERT INTO TBL_PART_CATEGORY(id,name) VALUES (54,'Trục khớp nối dẫn hướng');
INSERT INTO TBL_PART_CATEGORY(id,name) VALUES (55,'Thanh chống cuộn');
INSERT INTO TBL_PART_CATEGORY(id,name) VALUES (56,'Nhíp chống sốc');
INSERT INTO TBL_PART_CATEGORY(id,name) VALUES (57,'Lò xo xoắn ốc');
INSERT INTO TBL_PART_CATEGORY(id,name) VALUES (58,'Chụp lò xo');
INSERT INTO TBL_PART_CATEGORY(id,name) VALUES (59,'Lá nhíp');
INSERT INTO TBL_PART_CATEGORY(id,name) VALUES (60,'Hệ thống treo khí');
INSERT INTO TBL_PART_CATEGORY(id,name) VALUES (61,'Vành đai cao su V ribbed');
INSERT INTO TBL_PART_CATEGORY(id,name) VALUES (62,'Máy bơm nước');
INSERT INTO TBL_PART_CATEGORY(id,name) VALUES (63,'Vành đai cao su');
INSERT INTO TBL_PART_CATEGORY(id,name) VALUES (64,'Vành đai thời gian');
INSERT INTO TBL_PART_CATEGORY(id,name) VALUES (65,'Vành đai dâu poli');
INSERT INTO TBL_PART_CATEGORY(id,name) VALUES (66,'Ròng rọc');
INSERT INTO TBL_PART_CATEGORY(id,name) VALUES (67,'Đai cam');
INSERT INTO TBL_PART_CATEGORY(id,name) VALUES (68,'Dây xích truyền động trục cam');
INSERT INTO TBL_PART_CATEGORY(id,name) VALUES (69,'Bánh dẫn hướng');
INSERT INTO TBL_PART_CATEGORY(id,name) VALUES (70,'Khăn lau kính');
INSERT INTO TBL_PART_CATEGORY(id,name) VALUES (71,'Cần gạt nước');
INSERT INTO TBL_PART_CATEGORY(id,name) VALUES (72,'Động cơ lau');
INSERT INTO TBL_PART_CATEGORY(id,name) VALUES (73,'Phần nối gạt nước');
INSERT INTO TBL_PART_CATEGORY(id,name) VALUES (74,'Bộ phun nước');
INSERT INTO TBL_PART_CATEGORY(id,name) VALUES (75,'Bể chứa nước');
INSERT INTO TBL_PART_CATEGORY(id,name) VALUES (76,'Bugi');
INSERT INTO TBL_PART_CATEGORY(id,name) VALUES (77,'Cuộn đánh lửa');
INSERT INTO TBL_PART_CATEGORY(id,name) VALUES (78,'bugi xông khi khởi động');
INSERT INTO TBL_PART_CATEGORY(id,name) VALUES (79,'Dây cao áp');
INSERT INTO TBL_PART_CATEGORY(id,name) VALUES (80,'Nắp phân điện');
INSERT INTO TBL_PART_CATEGORY(id,name) VALUES (81,'Rờ le bu gi sấy nóng');
INSERT INTO TBL_PART_CATEGORY(id,name) VALUES (82,'Bộ phân phối đánh lửa');
INSERT INTO TBL_PART_CATEGORY(id,name) VALUES (83,'Bộ điều nhiệt động cơ');
INSERT INTO TBL_PART_CATEGORY(id,name) VALUES (84,'Bơm nước');
INSERT INTO TBL_PART_CATEGORY(id,name) VALUES (85,'Bộ hạ nhiệt máy');
INSERT INTO TBL_PART_CATEGORY(id,name) VALUES (86,'Cảm biến nước làm mát');
INSERT INTO TBL_PART_CATEGORY(id,name) VALUES (87,'Thùng giãn nở chất làm mát');
INSERT INTO TBL_PART_CATEGORY(id,name) VALUES (88,'Nắp thùng giãn nở');
INSERT INTO TBL_PART_CATEGORY(id,name) VALUES (89,'Thiết bị làm mát sử dụng động cơ đốt trong');
INSERT INTO TBL_PART_CATEGORY(id,name) VALUES (90,'Mô tơ quạt két nước');
INSERT INTO TBL_PART_CATEGORY(id,name) VALUES (91,'Bộ làm mát dầu');
INSERT INTO TBL_PART_CATEGORY(id,name) VALUES (92,'Quạt ly hợp');
INSERT INTO TBL_PART_CATEGORY(id,name) VALUES (93,'Bộ giảm thanh phía sau');
INSERT INTO TBL_PART_CATEGORY(id,name) VALUES (94,'Van EGR');
INSERT INTO TBL_PART_CATEGORY(id,name) VALUES (95,'Miếng đệm khí thải');
INSERT INTO TBL_PART_CATEGORY(id,name) VALUES (96,'Móc xả');
INSERT INTO TBL_PART_CATEGORY(id,name) VALUES (97,'Kẹp xả');
INSERT INTO TBL_PART_CATEGORY(id,name) VALUES (98,'Ống xả');
INSERT INTO TBL_PART_CATEGORY(id,name) VALUES (99,'Tấm chắn nhiệt');
INSERT INTO TBL_PART_CATEGORY(id,name) VALUES (100,'Ống bô');
INSERT INTO TBL_PART_CATEGORY(id,name) VALUES (101,'Đầu rô tuyn');
INSERT INTO TBL_PART_CATEGORY(id,name) VALUES (102,'Ro-tuyn');
INSERT INTO TBL_PART_CATEGORY(id,name) VALUES (103,'Bơm trợ lực lái');
INSERT INTO TBL_PART_CATEGORY(id,name) VALUES (104,'Dầu tuabin');
INSERT INTO TBL_PART_CATEGORY(id,name) VALUES (105,'Thước lái');
INSERT INTO TBL_PART_CATEGORY(id,name) VALUES (106,'Thanh cân bằng');
INSERT INTO TBL_PART_CATEGORY(id,name) VALUES (107,'Bót lái');
INSERT INTO TBL_PART_CATEGORY(id,name) VALUES (108,'Vô lăng');
INSERT INTO TBL_PART_CATEGORY(id,name) VALUES (109,'Chân ga');
INSERT INTO TBL_PART_CATEGORY(id,name) VALUES (110,'Bàn đạp phanh');
INSERT INTO TBL_PART_CATEGORY(id,name) VALUES (111,'Cần số');
INSERT INTO TBL_PART_CATEGORY(id,name) VALUES (112,'Lazang');
INSERT INTO TBL_PART_CATEGORY(id,name) VALUES (113,'Lốp xe');
INSERT INTO TBL_PART_CATEGORY(id,name) VALUES (114,'Cảm biến lốp');
INSERT INTO TBL_PART_CATEGORY(id,name) VALUES (115,'Màn hình');
INSERT INTO TBL_PART_CATEGORY(id,name) VALUES (116,'Đồng hồ đo');
INSERT INTO TBL_PART_CATEGORY(id,name) VALUES (117,'Còi');
INSERT INTO TBL_PART_CATEGORY(id,name) VALUES (118,'Kính chiếu hậu');
INSERT INTO TBL_PART_CATEGORY(id,name) VALUES (119,'Camera hành trình');
INSERT INTO TBL_PART_CATEGORY(id,name) VALUES (120,'Camera 360');
INSERT INTO TBL_PART_CATEGORY(id,name) VALUES (121,'Thiết bị GPS');
INSERT INTO TBL_PART_CATEGORY(id,name) VALUES (122,'Má thắng');
INSERT INTO TBL_PART_CATEGORY(id,name) VALUES (123,'Bộ kẹp phanh');
INSERT INTO TBL_PART_CATEGORY(id,name) VALUES (124,'Dĩa thắng');
INSERT INTO TBL_PART_CATEGORY(id,name) VALUES (125,'Dầu thắng');
INSERT INTO TBL_PART_CATEGORY(id,name) VALUES (126,'Cảm biến ABS');
INSERT INTO TBL_PART_CATEGORY(id,name) VALUES (127,'Ống phanh');
INSERT INTO TBL_PART_CATEGORY(id,name) VALUES (128,'Cảm biến mòn má phanh');
INSERT INTO TBL_PART_CATEGORY(id,name) VALUES (129,'Cáp phanh tay');
INSERT INTO TBL_PART_CATEGORY(id,name) VALUES (130,'Bu lông kẹp phanh');
INSERT INTO TBL_PART_CATEGORY(id,name) VALUES (131,'Xi lanh bánh xe');
INSERT INTO TBL_PART_CATEGORY(id,name) VALUES (132,'Đĩa phanh sau');
INSERT INTO TBL_PART_CATEGORY(id,name) VALUES (133,'Phanh tang trống');
INSERT INTO TBL_PART_CATEGORY(id,name) VALUES (134,'Phanh servo');
INSERT INTO TBL_PART_CATEGORY(id,name) VALUES (135,'Thùng chất lỏng');
INSERT INTO TBL_PART_CATEGORY(id,name) VALUES (136,'Bơm abs');
INSERT INTO TBL_PART_CATEGORY(id,name) VALUES (137,'Bộ điều chỉnh lực phanh');
INSERT INTO TBL_PART_CATEGORY(id,name) VALUES (138,'Bộ lọc gió');
INSERT INTO TBL_PART_CATEGORY(id,name) VALUES (139,'Bộ lọc nhiên liệu');
INSERT INTO TBL_PART_CATEGORY(id,name) VALUES (140,'Bộ lọc dầu động cơ');
INSERT INTO TBL_PART_CATEGORY(id,name) VALUES (141,'Nước làm mát động cơ');
INSERT INTO TBL_PART_CATEGORY(id,name) VALUES (142,'Bộ lọc gió động cơ');
INSERT INTO TBL_PART_CATEGORY(id,name) VALUES (143,'Dầu hộp số');

INSERT INTO TBL_MANUFACTURER(id,name,active,image_url) VALUES (1,'HONDA',1,'img');
INSERT INTO TBL_MANUFACTURER(id,name,active,image_url) VALUES (2,'HUYNDAI',1,'img');
INSERT INTO TBL_MANUFACTURER(id,name,active,image_url) VALUES (3,'FORD',1,'img');


INSERT INTO TBL_VEHICLE_MODEL(id,Name,manufacturer_ID,YEAR,GEAR_BOX,FUEL_TYPE) VALUES (1,'CRV',1,2019,'1.6 i-DTEC','Dầu');
INSERT INTO TBL_VEHICLE_MODEL(id,Name,manufacturer_ID,YEAR,GEAR_BOX,FUEL_TYPE) VALUES (2,'CRV',1,2019,'1.6 i-DTEC AWD','Dầu');
INSERT INTO TBL_VEHICLE_MODEL(id,Name,manufacturer_ID,YEAR,GEAR_BOX,FUEL_TYPE) VALUES (3,'CRV',1,2017,'1.6 i-DTEC','Dầu');
INSERT INTO TBL_VEHICLE_MODEL(id,Name,manufacturer_ID,YEAR,GEAR_BOX,FUEL_TYPE) VALUES (4,'CRV',1,2017,'1.6 i-DTEC AWD','Dầu');
INSERT INTO TBL_VEHICLE_MODEL(id,Name,manufacturer_ID,YEAR,GEAR_BOX,FUEL_TYPE) VALUES (5,'CRV',1,2016,'1.5','Xăng');
INSERT INTO TBL_VEHICLE_MODEL(id,Name,manufacturer_ID,YEAR,GEAR_BOX,FUEL_TYPE) VALUES (6,'CRV',1,2017,'1.5','Xăng');
INSERT INTO TBL_VEHICLE_MODEL(id,Name,manufacturer_ID,YEAR,GEAR_BOX,FUEL_TYPE) VALUES (7,'CRV',1,2016,'1.5 AWD','Xăng');
INSERT INTO TBL_VEHICLE_MODEL(id,Name,manufacturer_ID,YEAR,GEAR_BOX,FUEL_TYPE) VALUES (8,'CRV',1,2017,'1.5 AWD','Xăng');
INSERT INTO TBL_VEHICLE_MODEL(id,Name,manufacturer_ID,YEAR,GEAR_BOX,FUEL_TYPE) VALUES (9,'CRV',1,2017,'1.5 VTEC','Xăng');
INSERT INTO TBL_VEHICLE_MODEL(id,Name,manufacturer_ID,YEAR,GEAR_BOX,FUEL_TYPE) VALUES (10,'CRV',1,2017,'1.5 VTEC AWD','Xăng');
INSERT INTO TBL_VEHICLE_MODEL(id,Name,manufacturer_ID,YEAR,GEAR_BOX,FUEL_TYPE) VALUES (11,'CRV',1,2017,'2.0 i-VTEC','Xăng');
INSERT INTO TBL_VEHICLE_MODEL(id,Name,manufacturer_ID,YEAR,GEAR_BOX,FUEL_TYPE) VALUES (12,'CRV',1,2017,'2.0 i-VTEC AWD','Xăng');
INSERT INTO TBL_VEHICLE_MODEL(id,Name,manufacturer_ID,YEAR,GEAR_BOX,FUEL_TYPE) VALUES (13,'CRV',1,2016,'2.4','Xăng');
INSERT INTO TBL_VEHICLE_MODEL(id,Name,manufacturer_ID,YEAR,GEAR_BOX,FUEL_TYPE) VALUES (14,'CITY',1,2014,'1.5 i-DTEC','Dầu');
INSERT INTO TBL_VEHICLE_MODEL(id,Name,manufacturer_ID,YEAR,GEAR_BOX,FUEL_TYPE) VALUES (15,'CITY',1,2015,'1.5','Xăng');
INSERT INTO TBL_VEHICLE_MODEL(id,Name,manufacturer_ID,YEAR,GEAR_BOX,FUEL_TYPE) VALUES (16,'CITY',1,2015,'1.5 4WD','Xăng');
INSERT INTO TBL_VEHICLE_MODEL(id,Name,manufacturer_ID,YEAR,GEAR_BOX,FUEL_TYPE) VALUES (17,'CITY',1,2014,'1.5 i-VTEC','Xăng');
INSERT INTO TBL_VEHICLE_MODEL(id,Name,manufacturer_ID,YEAR,GEAR_BOX,FUEL_TYPE) VALUES (18,'CIVIC COUPE',1,2016,'1.5','Xăng');
INSERT INTO TBL_VEHICLE_MODEL(id,Name,manufacturer_ID,YEAR,GEAR_BOX,FUEL_TYPE) VALUES (19,'CIVIC COUPE',1,2017,'1.5 SI','Xăng');
INSERT INTO TBL_VEHICLE_MODEL(id,Name,manufacturer_ID,YEAR,GEAR_BOX,FUEL_TYPE) VALUES (20,'CIVIC COUPE',1,2016,'2.0','Xăng');
INSERT INTO TBL_VEHICLE_MODEL(id,Name,manufacturer_ID,YEAR,GEAR_BOX,FUEL_TYPE) VALUES (21,'HRV',1,2015,'1.6 i-DTEC','Dầu');
INSERT INTO TBL_VEHICLE_MODEL(id,Name,manufacturer_ID,YEAR,GEAR_BOX,FUEL_TYPE) VALUES (22,'HRV',1,2015,'1.5','Xăng');
INSERT INTO TBL_VEHICLE_MODEL(id,Name,manufacturer_ID,YEAR,GEAR_BOX,FUEL_TYPE) VALUES (23,'HRV',1,2019,'1.5 i-DTEC','Xăng');
INSERT INTO TBL_VEHICLE_MODEL(id,Name,manufacturer_ID,YEAR,GEAR_BOX,FUEL_TYPE) VALUES (24,'HRV',1,2014,'1.8 AWD','Xăng');
INSERT INTO TBL_VEHICLE_MODEL(id,Name,manufacturer_ID,YEAR,GEAR_BOX,FUEL_TYPE) VALUES (25,'ACCORD',1,2017,'1.5 i-VTEC','Xăng');
INSERT INTO TBL_VEHICLE_MODEL(id,Name,manufacturer_ID,YEAR,GEAR_BOX,FUEL_TYPE) VALUES (26,'ACCORD',1,2017,'1.5 VTEC','Xăng');
INSERT INTO TBL_VEHICLE_MODEL(id,Name,manufacturer_ID,YEAR,GEAR_BOX,FUEL_TYPE) VALUES (27,'ACCORD',1,2018,'2.0 i-VTEC','Xăng');
INSERT INTO TBL_VEHICLE_MODEL(id,Name,manufacturer_ID,YEAR,GEAR_BOX,FUEL_TYPE) VALUES (28,'ACCORD',1,2017,'2.0 i-VTEC','Xăng');
INSERT INTO TBL_VEHICLE_MODEL(id,Name,manufacturer_ID,YEAR,GEAR_BOX,FUEL_TYPE) VALUES (29,'ACCENT',2,2017,'1.4 CRDI','Dầu');
INSERT INTO TBL_VEHICLE_MODEL(id,Name,manufacturer_ID,YEAR,GEAR_BOX,FUEL_TYPE) VALUES (30,'ACCENT',2,2017,'1.6 CRDI','Dầu');
INSERT INTO TBL_VEHICLE_MODEL(id,Name,manufacturer_ID,YEAR,GEAR_BOX,FUEL_TYPE) VALUES (31,'ACCENT',2,2018,'1.4','Xăng');
INSERT INTO TBL_VEHICLE_MODEL(id,Name,manufacturer_ID,YEAR,GEAR_BOX,FUEL_TYPE) VALUES (32,'ACCENT',2,2018,'1.6','Xăng');
INSERT INTO TBL_VEHICLE_MODEL(id,Name,manufacturer_ID,YEAR,GEAR_BOX,FUEL_TYPE) VALUES (33,'ELANTRA',2,2016,'1.6 CRDI VGT','Dầu');
INSERT INTO TBL_VEHICLE_MODEL(id,Name,manufacturer_ID,YEAR,GEAR_BOX,FUEL_TYPE) VALUES (34,'ELANTRA',2,2016,'1.6 D','Dầu');
INSERT INTO TBL_VEHICLE_MODEL(id,Name,manufacturer_ID,YEAR,GEAR_BOX,FUEL_TYPE) VALUES (35,'ELANTRA',2,2016,'1.4','Xăng');
INSERT INTO TBL_VEHICLE_MODEL(id,Name,manufacturer_ID,YEAR,GEAR_BOX,FUEL_TYPE) VALUES (36,'ELANTRA',2,2019,'1.6','Xăng');
INSERT INTO TBL_VEHICLE_MODEL(id,Name,manufacturer_ID,YEAR,GEAR_BOX,FUEL_TYPE) VALUES (37,'ELANTRA',2,2016,'1.6','Xăng');
INSERT INTO TBL_VEHICLE_MODEL(id,Name,manufacturer_ID,YEAR,GEAR_BOX,FUEL_TYPE) VALUES (38,'ELANTRA',2,2015,'1.6','Xăng');
INSERT INTO TBL_VEHICLE_MODEL(id,Name,manufacturer_ID,YEAR,GEAR_BOX,FUEL_TYPE) VALUES (39,'ELANTRA',2,2016,'1.6 SR','Xăng');
INSERT INTO TBL_VEHICLE_MODEL(id,Name,manufacturer_ID,YEAR,GEAR_BOX,FUEL_TYPE) VALUES (40,'ELANTRA',2,2016,'2.0','Xăng');
INSERT INTO TBL_VEHICLE_MODEL(id,Name,manufacturer_ID,YEAR,GEAR_BOX,FUEL_TYPE) VALUES (41,'ELANTRA',2,2015,'2.0','Xăng');
INSERT INTO TBL_VEHICLE_MODEL(id,Name,manufacturer_ID,YEAR,GEAR_BOX,FUEL_TYPE) VALUES (42,'ELANTRA',2,2017,'2.0 MPI','Xăng');
INSERT INTO TBL_VEHICLE_MODEL(id,Name,manufacturer_ID,YEAR,GEAR_BOX,FUEL_TYPE) VALUES (43,'KONA',2,2017,'1.6 CRDI','Dầu');
INSERT INTO TBL_VEHICLE_MODEL(id,Name,manufacturer_ID,YEAR,GEAR_BOX,FUEL_TYPE) VALUES (44,'KONA',2,2018,'1.6 CRDI','Dầu');
INSERT INTO TBL_VEHICLE_MODEL(id,Name,manufacturer_ID,YEAR,GEAR_BOX,FUEL_TYPE) VALUES (45,'KONA',2,2017,'1.6 CRDI e-VGT','Dầu');
INSERT INTO TBL_VEHICLE_MODEL(id,Name,manufacturer_ID,YEAR,GEAR_BOX,FUEL_TYPE) VALUES (46,'KONA',2,2018,'1.6 CRDI e-VGT','Dầu');
INSERT INTO TBL_VEHICLE_MODEL(id,Name,manufacturer_ID,YEAR,GEAR_BOX,FUEL_TYPE) VALUES (47,'KONA',2,2017,'1.6 CRDI e-VGT AWD','Dầu');
INSERT INTO TBL_VEHICLE_MODEL(id,Name,manufacturer_ID,YEAR,GEAR_BOX,FUEL_TYPE) VALUES (48,'KONA',2,2018,'1.6 CRDI e-VGT AWD','Dầu');
INSERT INTO TBL_VEHICLE_MODEL(id,Name,manufacturer_ID,YEAR,GEAR_BOX,FUEL_TYPE) VALUES (49,'KONA',2,2017,'1.0 T-GDi','Xăng');
INSERT INTO TBL_VEHICLE_MODEL(id,Name,manufacturer_ID,YEAR,GEAR_BOX,FUEL_TYPE) VALUES (50,'KONA',2,2017,'1.6 T-GDi','Xăng');
INSERT INTO TBL_VEHICLE_MODEL(id,Name,manufacturer_ID,YEAR,GEAR_BOX,FUEL_TYPE) VALUES (51,'KONA',2,2017,'1.6 T-GDi 4WD','Xăng');
INSERT INTO TBL_VEHICLE_MODEL(id,Name,manufacturer_ID,YEAR,GEAR_BOX,FUEL_TYPE) VALUES (52,'KONA',2,2017,'2.0','Xăng');
INSERT INTO TBL_VEHICLE_MODEL(id,Name,manufacturer_ID,YEAR,GEAR_BOX,FUEL_TYPE) VALUES (53,'KONA',2,2017,'2.0 AWD','Xăng');
INSERT INTO TBL_VEHICLE_MODEL(id,Name,manufacturer_ID,YEAR,GEAR_BOX,FUEL_TYPE) VALUES (54,'SATAFE',2,2018,'2.0 CRDI','Dầu');
INSERT INTO TBL_VEHICLE_MODEL(id,Name,manufacturer_ID,YEAR,GEAR_BOX,FUEL_TYPE) VALUES (55,'SATAFE',2,2018,'2.0 CRDI AWD','Dầu');
INSERT INTO TBL_VEHICLE_MODEL(id,Name,manufacturer_ID,YEAR,GEAR_BOX,FUEL_TYPE) VALUES (56,'SATAFE',2,2018,'2.0 D','Dầu');
INSERT INTO TBL_VEHICLE_MODEL(id,Name,manufacturer_ID,YEAR,GEAR_BOX,FUEL_TYPE) VALUES (57,'SATAFE',2,2018,'2.0 D AWD','Dầu');
INSERT INTO TBL_VEHICLE_MODEL(id,Name,manufacturer_ID,YEAR,GEAR_BOX,FUEL_TYPE) VALUES (58,'SATAFE',2,2018,'2.2 CRDi','Dầu');
INSERT INTO TBL_VEHICLE_MODEL(id,Name,manufacturer_ID,YEAR,GEAR_BOX,FUEL_TYPE) VALUES (59,'SATAFE',2,2018,'2.2 CRDi AWD','Dầu');
INSERT INTO TBL_VEHICLE_MODEL(id,Name,manufacturer_ID,YEAR,GEAR_BOX,FUEL_TYPE) VALUES (60,'SATAFE',2,2018,'2.2 D','Dầu');
INSERT INTO TBL_VEHICLE_MODEL(id,Name,manufacturer_ID,YEAR,GEAR_BOX,FUEL_TYPE) VALUES (61,'SATAFE',2,2018,'2.2 D AWD','Dầu');
INSERT INTO TBL_VEHICLE_MODEL(id,Name,manufacturer_ID,YEAR,GEAR_BOX,FUEL_TYPE) VALUES (62,'SATAFE',2,2018,'2.0 AWD','Xăng');
INSERT INTO TBL_VEHICLE_MODEL(id,Name,manufacturer_ID,YEAR,GEAR_BOX,FUEL_TYPE) VALUES (63,'SATAFE',2,2018,'2.0 T-GDi','Xăng');
INSERT INTO TBL_VEHICLE_MODEL(id,Name,manufacturer_ID,YEAR,GEAR_BOX,FUEL_TYPE) VALUES (64,'SATAFE',2,2018,'2.4','Xăng');
INSERT INTO TBL_VEHICLE_MODEL(id,Name,manufacturer_ID,YEAR,GEAR_BOX,FUEL_TYPE) VALUES (65,'SATAFE',2,2018,'2.4 AWD','Xăng');
INSERT INTO TBL_VEHICLE_MODEL(id,Name,manufacturer_ID,YEAR,GEAR_BOX,FUEL_TYPE) VALUES (66,'SATAFE',2,2018,'2.4 GDI','Xăng');
INSERT INTO TBL_VEHICLE_MODEL(id,Name,manufacturer_ID,YEAR,GEAR_BOX,FUEL_TYPE) VALUES (67,'SATAFE',2,2018,'2.4 GDI AWD','Xăng');
INSERT INTO TBL_VEHICLE_MODEL(id,Name,manufacturer_ID,YEAR,GEAR_BOX,FUEL_TYPE) VALUES (68,'SATAFE',2,2018,'3.5 MPI AWD','Xăng');
INSERT INTO TBL_VEHICLE_MODEL(id,Name,manufacturer_ID,YEAR,GEAR_BOX,FUEL_TYPE) VALUES (69,'TUCSON',2,2018,'1.6 CRDi','Dầu');
INSERT INTO TBL_VEHICLE_MODEL(id,Name,manufacturer_ID,YEAR,GEAR_BOX,FUEL_TYPE) VALUES (70,'TUCSON',2,2015,'1.7 CRDi','Dầu');
INSERT INTO TBL_VEHICLE_MODEL(id,Name,manufacturer_ID,YEAR,GEAR_BOX,FUEL_TYPE) VALUES (71,'TUCSON',2,2015,'2.0 CRDi','Dầu');
INSERT INTO TBL_VEHICLE_MODEL(id,Name,manufacturer_ID,YEAR,GEAR_BOX,FUEL_TYPE) VALUES (72,'TUCSON',2,2015,'2.0 CRDi FWD','Dầu');
INSERT INTO TBL_VEHICLE_MODEL(id,Name,manufacturer_ID,YEAR,GEAR_BOX,FUEL_TYPE) VALUES (73,'TUCSON',2,2015,'1.6 GDI','Xăng');
INSERT INTO TBL_VEHICLE_MODEL(id,Name,manufacturer_ID,YEAR,GEAR_BOX,FUEL_TYPE) VALUES (74,'TUCSON',2,2015,'1.6 T-GDI','Xăng');
INSERT INTO TBL_VEHICLE_MODEL(id,Name,manufacturer_ID,YEAR,GEAR_BOX,FUEL_TYPE) VALUES (75,'TUCSON',2,2016,'1.6 T-GDI','Xăng');
INSERT INTO TBL_VEHICLE_MODEL(id,Name,manufacturer_ID,YEAR,GEAR_BOX,FUEL_TYPE) VALUES (76,'TUCSON',2,2015,'2.0','Xăng');
INSERT INTO TBL_VEHICLE_MODEL(id,Name,manufacturer_ID,YEAR,GEAR_BOX,FUEL_TYPE) VALUES (77,'TUCSON',2,2015,'2.0 4WD','Xăng');
INSERT INTO TBL_VEHICLE_MODEL(id,Name,manufacturer_ID,YEAR,GEAR_BOX,FUEL_TYPE) VALUES (78,'TUCSON',2,2015,'2.0 CVT','Xăng');
INSERT INTO TBL_VEHICLE_MODEL(id,Name,manufacturer_ID,YEAR,GEAR_BOX,FUEL_TYPE) VALUES (79,'TUCSON',2,2015,'2.0 GDI','Xăng');
INSERT INTO TBL_VEHICLE_MODEL(id,Name,manufacturer_ID,YEAR,GEAR_BOX,FUEL_TYPE) VALUES (80,'TUCSON',2,2015,'1.6 T-GDI','Xăng');
INSERT INTO TBL_VEHICLE_MODEL(id,Name,manufacturer_ID,YEAR,GEAR_BOX,FUEL_TYPE) VALUES (81,'i10',2,2019,'1.0 MPI','Xăng');
INSERT INTO TBL_VEHICLE_MODEL(id,Name,manufacturer_ID,YEAR,GEAR_BOX,FUEL_TYPE) VALUES (82,'ECOSPORT',3,2017,'1.5 TDCI','Dầu');
INSERT INTO TBL_VEHICLE_MODEL(id,Name,manufacturer_ID,YEAR,GEAR_BOX,FUEL_TYPE) VALUES (83,'ECOSPORT',3,2015,'1.5 TDCI','Dầu');
INSERT INTO TBL_VEHICLE_MODEL(id,Name,manufacturer_ID,YEAR,GEAR_BOX,FUEL_TYPE) VALUES (84,'ECOSPORT',3,2019,'1.5 TDCI','Dầu');
INSERT INTO TBL_VEHICLE_MODEL(id,Name,manufacturer_ID,YEAR,GEAR_BOX,FUEL_TYPE) VALUES (85,'ECOSPORT',3,2017,'1.5 TDCI 4x4','Dầu');
INSERT INTO TBL_VEHICLE_MODEL(id,Name,manufacturer_ID,YEAR,GEAR_BOX,FUEL_TYPE) VALUES (86,'ECOSPORT',3,2016,'1.0 EcoBoost','Xăng');
INSERT INTO TBL_VEHICLE_MODEL(id,Name,manufacturer_ID,YEAR,GEAR_BOX,FUEL_TYPE) VALUES (87,'ECOSPORT',3,2018,'1.0 EcoBoost','Xăng');
INSERT INTO TBL_VEHICLE_MODEL(id,Name,manufacturer_ID,YEAR,GEAR_BOX,FUEL_TYPE) VALUES (88,'ECOSPORT',3,2018,'1.5 Ti-VCT','Xăng');
INSERT INTO TBL_VEHICLE_MODEL(id,Name,manufacturer_ID,YEAR,GEAR_BOX,FUEL_TYPE) VALUES (89,'ECOSPORT',3,2018,'2.0 Ti-VCT','Xăng');
INSERT INTO TBL_VEHICLE_MODEL(id,Name,manufacturer_ID,YEAR,GEAR_BOX,FUEL_TYPE) VALUES (90,'ECOSPORT',3,2017,'2.0 Ti-VCT 4x4','Xăng');
INSERT INTO TBL_VEHICLE_MODEL(id,Name,manufacturer_ID,YEAR,GEAR_BOX,FUEL_TYPE) VALUES (91,'ECOSPORT',3,2018,'2.0 Ti-VCT 4x5','Xăng');
INSERT INTO TBL_VEHICLE_MODEL(id,Name,manufacturer_ID,YEAR,GEAR_BOX,FUEL_TYPE) VALUES (92,'RANGER',3,2018,'2.0 EcoBlue 4x4','Dầu');
INSERT INTO TBL_VEHICLE_MODEL(id,Name,manufacturer_ID,YEAR,GEAR_BOX,FUEL_TYPE) VALUES (93,'RANGER',3,2019,'2.0 EcoBlue 4x5','Dầu');
INSERT INTO TBL_VEHICLE_MODEL(id,Name,manufacturer_ID,YEAR,GEAR_BOX,FUEL_TYPE) VALUES (94,'RANGER',3,2015,'2.2 TDCI','Dầu');


INSERT INTO TBL_SERVICE_TYPE_DETAIL(id,SECTION_ID,PART_CATEGORY_ID,TYPE_ID) VALUES (1,1,1,3);
INSERT INTO TBL_SERVICE_TYPE_DETAIL(id,SECTION_ID,PART_CATEGORY_ID,TYPE_ID) VALUES (2,1,2,3);
INSERT INTO TBL_SERVICE_TYPE_DETAIL(id,SECTION_ID,PART_CATEGORY_ID,TYPE_ID) VALUES (3,1,3,3);
INSERT INTO TBL_SERVICE_TYPE_DETAIL(id,SECTION_ID,PART_CATEGORY_ID,TYPE_ID) VALUES (4,1,4,3);
INSERT INTO TBL_SERVICE_TYPE_DETAIL(id,SECTION_ID,PART_CATEGORY_ID,TYPE_ID) VALUES (5,1,5,3);
INSERT INTO TBL_SERVICE_TYPE_DETAIL(id,SECTION_ID,PART_CATEGORY_ID,TYPE_ID) VALUES (6,1,6,3);
INSERT INTO TBL_SERVICE_TYPE_DETAIL(id,SECTION_ID,PART_CATEGORY_ID,TYPE_ID) VALUES (7,1,7,3);
INSERT INTO TBL_SERVICE_TYPE_DETAIL(id,SECTION_ID,PART_CATEGORY_ID,TYPE_ID) VALUES (8,1,8,3);
INSERT INTO TBL_SERVICE_TYPE_DETAIL(id,SECTION_ID,PART_CATEGORY_ID,TYPE_ID) VALUES (9,1,9,3);
INSERT INTO TBL_SERVICE_TYPE_DETAIL(id,SECTION_ID,PART_CATEGORY_ID,TYPE_ID) VALUES (10,1,10,3);
INSERT INTO TBL_SERVICE_TYPE_DETAIL(id,SECTION_ID,PART_CATEGORY_ID,TYPE_ID) VALUES (11,1,11,3);
INSERT INTO TBL_SERVICE_TYPE_DETAIL(id,SECTION_ID,PART_CATEGORY_ID,TYPE_ID) VALUES (12,1,12,3);
INSERT INTO TBL_SERVICE_TYPE_DETAIL(id,SECTION_ID,PART_CATEGORY_ID,TYPE_ID) VALUES (13,1,13,3);
INSERT INTO TBL_SERVICE_TYPE_DETAIL(id,SECTION_ID,PART_CATEGORY_ID,TYPE_ID) VALUES (14,1,14,3);
INSERT INTO TBL_SERVICE_TYPE_DETAIL(id,SECTION_ID,PART_CATEGORY_ID,TYPE_ID) VALUES (15,1,15,3);
INSERT INTO TBL_SERVICE_TYPE_DETAIL(id,SECTION_ID,PART_CATEGORY_ID,TYPE_ID) VALUES (16,1,16,3);
INSERT INTO TBL_SERVICE_TYPE_DETAIL(id,SECTION_ID,PART_CATEGORY_ID,TYPE_ID) VALUES (17,1,17,3);
INSERT INTO TBL_SERVICE_TYPE_DETAIL(id,SECTION_ID,PART_CATEGORY_ID,TYPE_ID) VALUES (18,1,18,3);
INSERT INTO TBL_SERVICE_TYPE_DETAIL(id,SECTION_ID,PART_CATEGORY_ID,TYPE_ID) VALUES (19,1,19,3);
INSERT INTO TBL_SERVICE_TYPE_DETAIL(id,SECTION_ID,PART_CATEGORY_ID,TYPE_ID) VALUES (20,1,20,3);
INSERT INTO TBL_SERVICE_TYPE_DETAIL(id,SECTION_ID,PART_CATEGORY_ID,TYPE_ID) VALUES (21,1,21,3);
INSERT INTO TBL_SERVICE_TYPE_DETAIL(id,SECTION_ID,PART_CATEGORY_ID,TYPE_ID) VALUES (22,1,22,3);
INSERT INTO TBL_SERVICE_TYPE_DETAIL(id,SECTION_ID,PART_CATEGORY_ID,TYPE_ID) VALUES (23,1,23,3);
INSERT INTO TBL_SERVICE_TYPE_DETAIL(id,SECTION_ID,PART_CATEGORY_ID,TYPE_ID) VALUES (24,1,24,3);
INSERT INTO TBL_SERVICE_TYPE_DETAIL(id,SECTION_ID,PART_CATEGORY_ID,TYPE_ID) VALUES (25,1,25,3);
INSERT INTO TBL_SERVICE_TYPE_DETAIL(id,SECTION_ID,PART_CATEGORY_ID,TYPE_ID) VALUES (26,1,26,3);
INSERT INTO TBL_SERVICE_TYPE_DETAIL(id,SECTION_ID,PART_CATEGORY_ID,TYPE_ID) VALUES (27,2,27,3);
INSERT INTO TBL_SERVICE_TYPE_DETAIL(id,SECTION_ID,PART_CATEGORY_ID,TYPE_ID) VALUES (28,2,28,3);
INSERT INTO TBL_SERVICE_TYPE_DETAIL(id,SECTION_ID,PART_CATEGORY_ID,TYPE_ID) VALUES (29,2,29,3);
INSERT INTO TBL_SERVICE_TYPE_DETAIL(id,SECTION_ID,PART_CATEGORY_ID,TYPE_ID) VALUES (30,2,30,3);
INSERT INTO TBL_SERVICE_TYPE_DETAIL(id,SECTION_ID,PART_CATEGORY_ID,TYPE_ID) VALUES (31,2,31,3);
INSERT INTO TBL_SERVICE_TYPE_DETAIL(id,SECTION_ID,PART_CATEGORY_ID,TYPE_ID) VALUES (32,2,32,3);
INSERT INTO TBL_SERVICE_TYPE_DETAIL(id,SECTION_ID,PART_CATEGORY_ID,TYPE_ID) VALUES (33,2,33,3);
INSERT INTO TBL_SERVICE_TYPE_DETAIL(id,SECTION_ID,PART_CATEGORY_ID,TYPE_ID) VALUES (34,2,34,3);
INSERT INTO TBL_SERVICE_TYPE_DETAIL(id,SECTION_ID,PART_CATEGORY_ID,TYPE_ID) VALUES (35,2,35,3);
INSERT INTO TBL_SERVICE_TYPE_DETAIL(id,SECTION_ID,PART_CATEGORY_ID,TYPE_ID) VALUES (36,2,36,3);
INSERT INTO TBL_SERVICE_TYPE_DETAIL(id,SECTION_ID,PART_CATEGORY_ID,TYPE_ID) VALUES (37,2,37,3);
INSERT INTO TBL_SERVICE_TYPE_DETAIL(id,SECTION_ID,PART_CATEGORY_ID,TYPE_ID) VALUES (38,2,38,3);
INSERT INTO TBL_SERVICE_TYPE_DETAIL(id,SECTION_ID,PART_CATEGORY_ID,TYPE_ID) VALUES (39,2,39,3);
INSERT INTO TBL_SERVICE_TYPE_DETAIL(id,SECTION_ID,PART_CATEGORY_ID,TYPE_ID) VALUES (40,2,40,3);
INSERT INTO TBL_SERVICE_TYPE_DETAIL(id,SECTION_ID,PART_CATEGORY_ID,TYPE_ID) VALUES (41,2,41,3);
INSERT INTO TBL_SERVICE_TYPE_DETAIL(id,SECTION_ID,PART_CATEGORY_ID,TYPE_ID) VALUES (42,2,42,3);
INSERT INTO TBL_SERVICE_TYPE_DETAIL(id,SECTION_ID,PART_CATEGORY_ID,TYPE_ID) VALUES (43,2,43,3);
INSERT INTO TBL_SERVICE_TYPE_DETAIL(id,SECTION_ID,PART_CATEGORY_ID,TYPE_ID) VALUES (44,2,44,3);
INSERT INTO TBL_SERVICE_TYPE_DETAIL(id,SECTION_ID,PART_CATEGORY_ID,TYPE_ID) VALUES (45,2,45,3);
INSERT INTO TBL_SERVICE_TYPE_DETAIL(id,SECTION_ID,PART_CATEGORY_ID,TYPE_ID) VALUES (46,2,46,3);
INSERT INTO TBL_SERVICE_TYPE_DETAIL(id,SECTION_ID,PART_CATEGORY_ID,TYPE_ID) VALUES (47,2,47,3);
INSERT INTO TBL_SERVICE_TYPE_DETAIL(id,SECTION_ID,PART_CATEGORY_ID,TYPE_ID) VALUES (48,3,48,3);
INSERT INTO TBL_SERVICE_TYPE_DETAIL(id,SECTION_ID,PART_CATEGORY_ID,TYPE_ID) VALUES (49,3,49,3);
INSERT INTO TBL_SERVICE_TYPE_DETAIL(id,SECTION_ID,PART_CATEGORY_ID,TYPE_ID) VALUES (50,3,50,3);
INSERT INTO TBL_SERVICE_TYPE_DETAIL(id,SECTION_ID,PART_CATEGORY_ID,TYPE_ID) VALUES (51,3,51,3);
INSERT INTO TBL_SERVICE_TYPE_DETAIL(id,SECTION_ID,PART_CATEGORY_ID,TYPE_ID) VALUES (52,3,52,3);
INSERT INTO TBL_SERVICE_TYPE_DETAIL(id,SECTION_ID,PART_CATEGORY_ID,TYPE_ID) VALUES (53,3,53,3);
INSERT INTO TBL_SERVICE_TYPE_DETAIL(id,SECTION_ID,PART_CATEGORY_ID,TYPE_ID) VALUES (54,3,54,3);
INSERT INTO TBL_SERVICE_TYPE_DETAIL(id,SECTION_ID,PART_CATEGORY_ID,TYPE_ID) VALUES (55,3,55,3);
INSERT INTO TBL_SERVICE_TYPE_DETAIL(id,SECTION_ID,PART_CATEGORY_ID,TYPE_ID) VALUES (56,4,56,3);
INSERT INTO TBL_SERVICE_TYPE_DETAIL(id,SECTION_ID,PART_CATEGORY_ID,TYPE_ID) VALUES (57,4,57,3);
INSERT INTO TBL_SERVICE_TYPE_DETAIL(id,SECTION_ID,PART_CATEGORY_ID,TYPE_ID) VALUES (58,4,58,3);
INSERT INTO TBL_SERVICE_TYPE_DETAIL(id,SECTION_ID,PART_CATEGORY_ID,TYPE_ID) VALUES (59,4,59,3);
INSERT INTO TBL_SERVICE_TYPE_DETAIL(id,SECTION_ID,PART_CATEGORY_ID,TYPE_ID) VALUES (60,4,60,3);
INSERT INTO TBL_SERVICE_TYPE_DETAIL(id,SECTION_ID,PART_CATEGORY_ID,TYPE_ID) VALUES (61,5,61,3);
INSERT INTO TBL_SERVICE_TYPE_DETAIL(id,SECTION_ID,PART_CATEGORY_ID,TYPE_ID) VALUES (62,5,62,3);
INSERT INTO TBL_SERVICE_TYPE_DETAIL(id,SECTION_ID,PART_CATEGORY_ID,TYPE_ID) VALUES (63,5,63,3);
INSERT INTO TBL_SERVICE_TYPE_DETAIL(id,SECTION_ID,PART_CATEGORY_ID,TYPE_ID) VALUES (64,5,64,3);
INSERT INTO TBL_SERVICE_TYPE_DETAIL(id,SECTION_ID,PART_CATEGORY_ID,TYPE_ID) VALUES (65,5,65,3);
INSERT INTO TBL_SERVICE_TYPE_DETAIL(id,SECTION_ID,PART_CATEGORY_ID,TYPE_ID) VALUES (66,5,66,3);
INSERT INTO TBL_SERVICE_TYPE_DETAIL(id,SECTION_ID,PART_CATEGORY_ID,TYPE_ID) VALUES (67,5,67,3);
INSERT INTO TBL_SERVICE_TYPE_DETAIL(id,SECTION_ID,PART_CATEGORY_ID,TYPE_ID) VALUES (68,5,68,3);
INSERT INTO TBL_SERVICE_TYPE_DETAIL(id,SECTION_ID,PART_CATEGORY_ID,TYPE_ID) VALUES (69,5,69,3);
INSERT INTO TBL_SERVICE_TYPE_DETAIL(id,SECTION_ID,PART_CATEGORY_ID,TYPE_ID) VALUES (70,6,70,3);
INSERT INTO TBL_SERVICE_TYPE_DETAIL(id,SECTION_ID,PART_CATEGORY_ID,TYPE_ID) VALUES (71,6,71,3);
INSERT INTO TBL_SERVICE_TYPE_DETAIL(id,SECTION_ID,PART_CATEGORY_ID,TYPE_ID) VALUES (72,6,72,3);
INSERT INTO TBL_SERVICE_TYPE_DETAIL(id,SECTION_ID,PART_CATEGORY_ID,TYPE_ID) VALUES (73,6,73,3);
INSERT INTO TBL_SERVICE_TYPE_DETAIL(id,SECTION_ID,PART_CATEGORY_ID,TYPE_ID) VALUES (74,6,74,3);
INSERT INTO TBL_SERVICE_TYPE_DETAIL(id,SECTION_ID,PART_CATEGORY_ID,TYPE_ID) VALUES (75,6,75,3);
INSERT INTO TBL_SERVICE_TYPE_DETAIL(id,SECTION_ID,PART_CATEGORY_ID,TYPE_ID) VALUES (76,7,76,3);
INSERT INTO TBL_SERVICE_TYPE_DETAIL(id,SECTION_ID,PART_CATEGORY_ID,TYPE_ID) VALUES (77,7,77,3);
INSERT INTO TBL_SERVICE_TYPE_DETAIL(id,SECTION_ID,PART_CATEGORY_ID,TYPE_ID) VALUES (78,7,78,3);
INSERT INTO TBL_SERVICE_TYPE_DETAIL(id,SECTION_ID,PART_CATEGORY_ID,TYPE_ID) VALUES (79,7,79,3);
INSERT INTO TBL_SERVICE_TYPE_DETAIL(id,SECTION_ID,PART_CATEGORY_ID,TYPE_ID) VALUES (80,7,80,3);
INSERT INTO TBL_SERVICE_TYPE_DETAIL(id,SECTION_ID,PART_CATEGORY_ID,TYPE_ID) VALUES (81,7,81,3);
INSERT INTO TBL_SERVICE_TYPE_DETAIL(id,SECTION_ID,PART_CATEGORY_ID,TYPE_ID) VALUES (82,7,82,3);
INSERT INTO TBL_SERVICE_TYPE_DETAIL(id,SECTION_ID,PART_CATEGORY_ID,TYPE_ID) VALUES (83,8,83,3);
INSERT INTO TBL_SERVICE_TYPE_DETAIL(id,SECTION_ID,PART_CATEGORY_ID,TYPE_ID) VALUES (84,8,84,3);
INSERT INTO TBL_SERVICE_TYPE_DETAIL(id,SECTION_ID,PART_CATEGORY_ID,TYPE_ID) VALUES (85,8,85,3);
INSERT INTO TBL_SERVICE_TYPE_DETAIL(id,SECTION_ID,PART_CATEGORY_ID,TYPE_ID) VALUES (86,8,86,3);
INSERT INTO TBL_SERVICE_TYPE_DETAIL(id,SECTION_ID,PART_CATEGORY_ID,TYPE_ID) VALUES (87,8,87,3);
INSERT INTO TBL_SERVICE_TYPE_DETAIL(id,SECTION_ID,PART_CATEGORY_ID,TYPE_ID) VALUES (88,8,88,3);
INSERT INTO TBL_SERVICE_TYPE_DETAIL(id,SECTION_ID,PART_CATEGORY_ID,TYPE_ID) VALUES (89,8,89,3);
INSERT INTO TBL_SERVICE_TYPE_DETAIL(id,SECTION_ID,PART_CATEGORY_ID,TYPE_ID) VALUES (90,8,90,3);
INSERT INTO TBL_SERVICE_TYPE_DETAIL(id,SECTION_ID,PART_CATEGORY_ID,TYPE_ID) VALUES (91,8,91,3);
INSERT INTO TBL_SERVICE_TYPE_DETAIL(id,SECTION_ID,PART_CATEGORY_ID,TYPE_ID) VALUES (92,8,92,3);
INSERT INTO TBL_SERVICE_TYPE_DETAIL(id,SECTION_ID,PART_CATEGORY_ID,TYPE_ID) VALUES (93,9,93,3);
INSERT INTO TBL_SERVICE_TYPE_DETAIL(id,SECTION_ID,PART_CATEGORY_ID,TYPE_ID) VALUES (94,9,94,3);
INSERT INTO TBL_SERVICE_TYPE_DETAIL(id,SECTION_ID,PART_CATEGORY_ID,TYPE_ID) VALUES (95,9,95,3);
INSERT INTO TBL_SERVICE_TYPE_DETAIL(id,SECTION_ID,PART_CATEGORY_ID,TYPE_ID) VALUES (96,9,96,3);
INSERT INTO TBL_SERVICE_TYPE_DETAIL(id,SECTION_ID,PART_CATEGORY_ID,TYPE_ID) VALUES (97,9,97,3);
INSERT INTO TBL_SERVICE_TYPE_DETAIL(id,SECTION_ID,PART_CATEGORY_ID,TYPE_ID) VALUES (98,9,98,3);
INSERT INTO TBL_SERVICE_TYPE_DETAIL(id,SECTION_ID,PART_CATEGORY_ID,TYPE_ID) VALUES (99,9,99,3);
INSERT INTO TBL_SERVICE_TYPE_DETAIL(id,SECTION_ID,PART_CATEGORY_ID,TYPE_ID) VALUES (100,9,100,3);
INSERT INTO TBL_SERVICE_TYPE_DETAIL(id,SECTION_ID,PART_CATEGORY_ID,TYPE_ID) VALUES (101,10,101,3);
INSERT INTO TBL_SERVICE_TYPE_DETAIL(id,SECTION_ID,PART_CATEGORY_ID,TYPE_ID) VALUES (102,10,102,3);
INSERT INTO TBL_SERVICE_TYPE_DETAIL(id,SECTION_ID,PART_CATEGORY_ID,TYPE_ID) VALUES (103,10,103,3);
INSERT INTO TBL_SERVICE_TYPE_DETAIL(id,SECTION_ID,PART_CATEGORY_ID,TYPE_ID) VALUES (104,10,104,3);
INSERT INTO TBL_SERVICE_TYPE_DETAIL(id,SECTION_ID,PART_CATEGORY_ID,TYPE_ID) VALUES (105,10,105,3);
INSERT INTO TBL_SERVICE_TYPE_DETAIL(id,SECTION_ID,PART_CATEGORY_ID,TYPE_ID) VALUES (106,10,106,3);
INSERT INTO TBL_SERVICE_TYPE_DETAIL(id,SECTION_ID,PART_CATEGORY_ID,TYPE_ID) VALUES (107,10,107,3);
INSERT INTO TBL_SERVICE_TYPE_DETAIL(id,SECTION_ID,PART_CATEGORY_ID,TYPE_ID) VALUES (108,10,108,3);
INSERT INTO TBL_SERVICE_TYPE_DETAIL(id,SECTION_ID,PART_CATEGORY_ID,TYPE_ID) VALUES (109,10,109,3);
INSERT INTO TBL_SERVICE_TYPE_DETAIL(id,SECTION_ID,PART_CATEGORY_ID,TYPE_ID) VALUES (110,10,110,3);
INSERT INTO TBL_SERVICE_TYPE_DETAIL(id,SECTION_ID,PART_CATEGORY_ID,TYPE_ID) VALUES (111,10,111,3);
INSERT INTO TBL_SERVICE_TYPE_DETAIL(id,SECTION_ID,PART_CATEGORY_ID,TYPE_ID) VALUES (112,11,112,3);
INSERT INTO TBL_SERVICE_TYPE_DETAIL(id,SECTION_ID,PART_CATEGORY_ID,TYPE_ID) VALUES (113,11,113,3);
INSERT INTO TBL_SERVICE_TYPE_DETAIL(id,SECTION_ID,PART_CATEGORY_ID,TYPE_ID) VALUES (114,11,114,3);
INSERT INTO TBL_SERVICE_TYPE_DETAIL(id,SECTION_ID,PART_CATEGORY_ID,TYPE_ID) VALUES (115,12,115,3);
INSERT INTO TBL_SERVICE_TYPE_DETAIL(id,SECTION_ID,PART_CATEGORY_ID,TYPE_ID) VALUES (116,12,116,3);
INSERT INTO TBL_SERVICE_TYPE_DETAIL(id,SECTION_ID,PART_CATEGORY_ID,TYPE_ID) VALUES (117,12,117,3);
INSERT INTO TBL_SERVICE_TYPE_DETAIL(id,SECTION_ID,PART_CATEGORY_ID,TYPE_ID) VALUES (118,12,118,3);
INSERT INTO TBL_SERVICE_TYPE_DETAIL(id,SECTION_ID,PART_CATEGORY_ID,TYPE_ID) VALUES (119,13,119,3);
INSERT INTO TBL_SERVICE_TYPE_DETAIL(id,SECTION_ID,PART_CATEGORY_ID,TYPE_ID) VALUES (120,13,120,3);
INSERT INTO TBL_SERVICE_TYPE_DETAIL(id,SECTION_ID,PART_CATEGORY_ID,TYPE_ID) VALUES (121,13,121,3);
INSERT INTO TBL_SERVICE_TYPE_DETAIL(id,SECTION_ID,PART_CATEGORY_ID,TYPE_ID) VALUES (122,14,122,3);
INSERT INTO TBL_SERVICE_TYPE_DETAIL(id,SECTION_ID,PART_CATEGORY_ID,TYPE_ID) VALUES (123,14,123,3);
INSERT INTO TBL_SERVICE_TYPE_DETAIL(id,SECTION_ID,PART_CATEGORY_ID,TYPE_ID) VALUES (124,14,124,3);
INSERT INTO TBL_SERVICE_TYPE_DETAIL(id,SECTION_ID,PART_CATEGORY_ID,TYPE_ID) VALUES (125,14,125,3);
INSERT INTO TBL_SERVICE_TYPE_DETAIL(id,SECTION_ID,PART_CATEGORY_ID,TYPE_ID) VALUES (126,14,126,3);
INSERT INTO TBL_SERVICE_TYPE_DETAIL(id,SECTION_ID,PART_CATEGORY_ID,TYPE_ID) VALUES (127,14,127,3);
INSERT INTO TBL_SERVICE_TYPE_DETAIL(id,SECTION_ID,PART_CATEGORY_ID,TYPE_ID) VALUES (128,14,128,3);
INSERT INTO TBL_SERVICE_TYPE_DETAIL(id,SECTION_ID,PART_CATEGORY_ID,TYPE_ID) VALUES (129,14,129,3);
INSERT INTO TBL_SERVICE_TYPE_DETAIL(id,SECTION_ID,PART_CATEGORY_ID,TYPE_ID) VALUES (130,14,130,3);
INSERT INTO TBL_SERVICE_TYPE_DETAIL(id,SECTION_ID,PART_CATEGORY_ID,TYPE_ID) VALUES (131,14,131,3);
INSERT INTO TBL_SERVICE_TYPE_DETAIL(id,SECTION_ID,PART_CATEGORY_ID,TYPE_ID) VALUES (132,14,132,3);
INSERT INTO TBL_SERVICE_TYPE_DETAIL(id,SECTION_ID,PART_CATEGORY_ID,TYPE_ID) VALUES (133,14,133,3);
INSERT INTO TBL_SERVICE_TYPE_DETAIL(id,SECTION_ID,PART_CATEGORY_ID,TYPE_ID) VALUES (134,14,134,3);
INSERT INTO TBL_SERVICE_TYPE_DETAIL(id,SECTION_ID,PART_CATEGORY_ID,TYPE_ID) VALUES (135,14,135,3);
INSERT INTO TBL_SERVICE_TYPE_DETAIL(id,SECTION_ID,PART_CATEGORY_ID,TYPE_ID) VALUES (136,14,136,3);
INSERT INTO TBL_SERVICE_TYPE_DETAIL(id,SECTION_ID,PART_CATEGORY_ID,TYPE_ID) VALUES (137,14,137,3);
INSERT INTO TBL_SERVICE_TYPE_DETAIL(id,SECTION_ID,PART_CATEGORY_ID,TYPE_ID) VALUES (138,15,138,3);
INSERT INTO TBL_SERVICE_TYPE_DETAIL(id,SECTION_ID,PART_CATEGORY_ID,TYPE_ID) VALUES (139,15,139,3);
INSERT INTO TBL_SERVICE_TYPE_DETAIL(id,SECTION_ID,PART_CATEGORY_ID,TYPE_ID) VALUES (140,16,NULL,1);
INSERT INTO TBL_SERVICE_TYPE_DETAIL(id,SECTION_ID,PART_CATEGORY_ID,TYPE_ID) VALUES (141,17,NULL,1);
INSERT INTO TBL_SERVICE_TYPE_DETAIL(id,SECTION_ID,PART_CATEGORY_ID,TYPE_ID) VALUES (142,18,NULL,1);
INSERT INTO TBL_SERVICE_TYPE_DETAIL(id,SECTION_ID,PART_CATEGORY_ID,TYPE_ID) VALUES (143,19,NULL,1);
INSERT INTO TBL_SERVICE_TYPE_DETAIL(id,SECTION_ID,PART_CATEGORY_ID,TYPE_ID) VALUES (144,20,NULL,1);
INSERT INTO TBL_SERVICE_TYPE_DETAIL(id,SECTION_ID,PART_CATEGORY_ID,TYPE_ID) VALUES (145,21,NULL,2);
INSERT INTO TBL_SERVICE_TYPE_DETAIL(id,SECTION_ID,PART_CATEGORY_ID,TYPE_ID) VALUES (146,22,NULL,2);
INSERT INTO TBL_SERVICE_TYPE_DETAIL(id,SECTION_ID,PART_CATEGORY_ID,TYPE_ID) VALUES (147,14,NULL,2);
INSERT INTO TBL_SERVICE_TYPE_DETAIL(id,SECTION_ID,PART_CATEGORY_ID,TYPE_ID) VALUES (148,15,140,3);
INSERT INTO TBL_SERVICE_TYPE_DETAIL(id,SECTION_ID,PART_CATEGORY_ID,TYPE_ID) VALUES (149,2,141,3);
INSERT INTO TBL_SERVICE_TYPE_DETAIL(id,SECTION_ID,PART_CATEGORY_ID,TYPE_ID) VALUES (150,15,142,3);
INSERT INTO TBL_SERVICE_TYPE_DETAIL(id,SECTION_ID,PART_CATEGORY_ID,TYPE_ID) VALUES (151,5,143,3);


INSERT INTO TBL_PROVIDER(ID,NAME,ADDRESS,IMAGE_URLS,LATITUDE,LONGITUDE,OPEN_TIME,CLOSE_TIME,CAPACITY_PER_SLOT,SLOT_DURATION,MANUFACTURER_ID,IS_ACTIVE) VALUES (1,'Gara Ô tô Phạm Hào','572 - 574 Công Hòa P.13 Q.Tân Bình TP.HCM, Phường 13, Tân Bình, Thành phố Hồ Chí Minh','https://lh5.googleusercontent.com/p/AF1QipP_rnwWXIAorYxSJuScmKlfJdLJ65SXGLOA60HA=w426-h240-k-no',10.80296,106.638998,'8:00','17:00',5,60,NULL,'TRUE');
INSERT INTO TBL_PROVIDER(ID,NAME,ADDRESS,IMAGE_URLS,LATITUDE,LONGITUDE,OPEN_TIME,CLOSE_TIME,CAPACITY_PER_SLOT,SLOT_DURATION,MANUFACTURER_ID,IS_ACTIVE) VALUES (2,'Garage Ô tô Hiệp Cường','281/1 Lý Thường Kiệt, Phường 15, Quận 11, Thành phố Hồ Chí Minh','https://lh5.googleusercontent.com/p/AF1QipMUIlsLtIofu2XT8mwrokhjzAanJCiUrodZU2Fa=w408-h306-k-no',10.774257,106.656063,'7:30','17:00',6,60,NULL,'TRUE');
INSERT INTO TBL_PROVIDER(ID,NAME,ADDRESS,IMAGE_URLS,LATITUDE,LONGITUDE,OPEN_TIME,CLOSE_TIME,CAPACITY_PER_SLOT,SLOT_DURATION,MANUFACTURER_ID,IS_ACTIVE) VALUES (3,'Honda Auto Cộng Hòa','142 Cộng Hòa, Phường 4, Tân Bình, Thành phố Hồ Chí Minh','https://lh5.googleusercontent.com/p/AF1QipPvGDjnSvgQdtHo1OOP512ZTqIUTbNXDqgJhqAV=w408-h544-k-no',10.801368,106.656024,'8:00','19:00',7,60,1,'TRUE');
INSERT INTO TBL_PROVIDER(ID,NAME,ADDRESS,IMAGE_URLS,LATITUDE,LONGITUDE,OPEN_TIME,CLOSE_TIME,CAPACITY_PER_SLOT,SLOT_DURATION,MANUFACTURER_ID,IS_ACTIVE) VALUES (4,'Honda ô tô Kim Thanh','Số 6 Đường 3 Tháng 2, Phường 15, Quận 11, Thành phố Hồ Chí Minh','https://lh5.googleusercontent.com/p/AF1QipOl0IKxO6gxZa6H4eNPSKBSEP_XuJxlDXyozayB=w433-h240-k-no',10.763918,106.659771,'7:30','19:00',4,60,1,'TRUE');
INSERT INTO TBL_PROVIDER(ID,NAME,ADDRESS,IMAGE_URLS,LATITUDE,LONGITUDE,OPEN_TIME,CLOSE_TIME,CAPACITY_PER_SLOT,SLOT_DURATION,MANUFACTURER_ID,IS_ACTIVE) VALUES (5,'Honda oto Bình Tân','63 Võ Văn Kiệt, An Lạc, Bình Tân, Thành phố Hồ Chí Minh','https://lh5.googleusercontent.com/p/AF1QipMDhV5miSjZAKG3y5oYU-_KN1Kk0n4pvfA77f5M=w408-h306-k-no',10.721129,106.610017,'8:00','17:00',10,60,1,'TRUE');
INSERT INTO TBL_PROVIDER(ID,NAME,ADDRESS,IMAGE_URLS,LATITUDE,LONGITUDE,OPEN_TIME,CLOSE_TIME,CAPACITY_PER_SLOT,SLOT_DURATION,MANUFACTURER_ID,IS_ACTIVE) VALUES (6,'Honda Oto Bình Dương','Thửa đất số 311, Tờ bản đồ số 62 D2 Khu Phố, Bình Đức, Thuận An, Bình Dương','https://lh5.googleusercontent.com/p/AF1QipO68S939v-GngWbYuWqxBK25syerw7fY5Uaz8r7=w493-h240-k-no',10.911617,106.713195,'8:00','18:00',9,45,1,'TRUE');
INSERT INTO TBL_PROVIDER(ID,NAME,ADDRESS,IMAGE_URLS,LATITUDE,LONGITUDE,OPEN_TIME,CLOSE_TIME,CAPACITY_PER_SLOT,SLOT_DURATION,MANUFACTURER_ID,IS_ACTIVE) VALUES (7,'Hyundai Tiên Phong','19 Đào Duy Anh, Phường 9, Phú Nhuận, Thành phố Hồ Chí Minh','https://lh5.googleusercontent.com/p/AF1QipMtXnG7szTQxdL9pjZjmN3Sc-smdvA__GwqGuEp=w408-h306-k-no',10.807280,106.676575,'6:00','23:00',4,60,2,'TRUE');
INSERT INTO TBL_PROVIDER(ID,NAME,ADDRESS,IMAGE_URLS,LATITUDE,LONGITUDE,OPEN_TIME,CLOSE_TIME,CAPACITY_PER_SLOT,SLOT_DURATION,MANUFACTURER_ID,IS_ACTIVE) VALUES (8,'Huyndai Nam Việt','91 Bờ Bao Tân Thắng, Celadon City, Tân Phú, Thành phố Hồ Chí Minh, Việt Nam','https://lh5.googleusercontent.com/p/AF1QipOPV3guqywODmkJQUdpzwLf7C3fA2kpKwm-n3xB=w408-h544-k-no',10.802790,106.621632,'8:00','17:00',6,60,2,'TRUE');
INSERT INTO TBL_PROVIDER(ID,NAME,ADDRESS,IMAGE_URLS,LATITUDE,LONGITUDE,OPEN_TIME,CLOSE_TIME,CAPACITY_PER_SLOT,SLOT_DURATION,MANUFACTURER_ID,IS_ACTIVE) VALUES (9,'Hyundai Trường Chinh','682A Trường Chinh, Phường 15, Tân Bình','https://lh5.googleusercontent.com/p/AF1QipPyYfE62wzOCZD_w6RdmptdEaHynIO8OUj2KsjB=w408-h272-k-no',10.809524,106.634469,'8:00','17:00',8,60,2,'TRUE');
INSERT INTO TBL_PROVIDER(ID,NAME,ADDRESS,IMAGE_URLS,LATITUDE,LONGITUDE,OPEN_TIME,CLOSE_TIME,CAPACITY_PER_SLOT,SLOT_DURATION,MANUFACTURER_ID,IS_ACTIVE) VALUES (10,'Hyundai Ngọc An','327 QL13, Hiệp Bình Phước, Thủ Đức, Thành phố Hồ Chí Minh','https://lh5.googleusercontent.com/p/AF1QipNz2bna2BNU8OPUuodIa-SLXsYBq1SG3I7-Szag=w408-h270-k-no',10.838880,106.714509,'8:00','18:00',5,60,2,'TRUE');
INSERT INTO TBL_PROVIDER(ID,NAME,ADDRESS,IMAGE_URLS,LATITUDE,LONGITUDE,OPEN_TIME,CLOSE_TIME,CAPACITY_PER_SLOT,SLOT_DURATION,MANUFACTURER_ID,IS_ACTIVE) VALUES (11,'Garage Ô Tô Hiệp','72 Làng Tăng Phú, Tăng Nhơn Phú A, Quận 9, Thành phố Hồ Chí Minh','https://lh5.googleusercontent.com/p/AF1QipOwGSDATJXYwSJgsuONze2MSBIWfpthUih0viSJ=w408-h306-k-no',10.844233,106.799176,'8:00','17:00',2,120,NULL,'TRUE');
INSERT INTO TBL_PROVIDER(ID,NAME,ADDRESS,IMAGE_URLS,LATITUDE,LONGITUDE,OPEN_TIME,CLOSE_TIME,CAPACITY_PER_SLOT,SLOT_DURATION,MANUFACTURER_ID,IS_ACTIVE) VALUES (12,'Garage Ô Tô Tâm','Hoàng Hữu Nam, Long Thạnh Mỹ, 9, Thành phố Hồ Chí Minh, Việt Nam',NULL,10.866611,106.813631,'9:00','17:00',1,60,NULL,'TRUE');
INSERT INTO TBL_PROVIDER(ID,NAME,ADDRESS,IMAGE_URLS,LATITUDE,LONGITUDE,OPEN_TIME,CLOSE_TIME,CAPACITY_PER_SLOT,SLOT_DURATION,MANUFACTURER_ID,IS_ACTIVE) VALUES (13,'Garage Sang','129 Lê Văn Việt, Hiệp Phú, Quận 9, Thành phố Hồ Chí Minh',NULL,10.846429,106.778414,'9:00','18:00',3,45,NULL,'TRUE');
INSERT INTO TBL_PROVIDER(ID,NAME,ADDRESS,IMAGE_URLS,LATITUDE,LONGITUDE,OPEN_TIME,CLOSE_TIME,CAPACITY_PER_SLOT,SLOT_DURATION,MANUFACTURER_ID,IS_ACTIVE) VALUES (14,'Garage Quận 9 - Lộc Cường','844E Xa lộ Hà Nội, Hiệp Phú, Quận 9, Thành phố Hồ Chí Minh',NULL,10.851875,106.778292,'7:00','17:30',2,30,NULL,'TRUE');

INSERT INTO TBL_ROLE(ID,NAME) VALUES (1,'ADMIN');
INSERT INTO TBL_ROLE(ID,NAME) VALUES (2,'USER');
INSERT INTO TBL_ROLE(ID,NAME) VALUES (3,'MANAGER');
INSERT INTO TBL_ROLE(ID,NAME) VALUES (4,'STAFF');
INSERT INTO TBL_ROLE(ID,NAME) VALUES (5,'TECHNICIAN');


INSERT INTO TBL_USER(FULL_NAME,GENDER,IMAGE_URL,PASSWORD,PHONE_NUMBER,USERNAME,ROLE_ID,PROVIDER_ID) VALUES ('ADMIN',0,'https://lh3.googleusercontent.com/proxy/P3RQ3Us7ZR_xLSR7-AtwrO-wJ8MOfaEzZdMmGV6Gvto5wCpVwsiDO-Yhz7ELdO_CuAGQ4DfRuCBr2MKNthKCi6etSlVTq8bxA2gLU2IwwsY-mQ',1,NULL,'admin',1,NULL);
INSERT INTO TBL_USER(FULL_NAME,GENDER,IMAGE_URL,PASSWORD,PHONE_NUMBER,USERNAME,ROLE_ID,PROVIDER_ID) VALUES ('Ayyan Martins',1,'https://lh3.googleusercontent.com/proxy/P3RQ3Us7ZR_xLSR7-AtwrO-wJ8MOfaEzZdMmGV6Gvto5wCpVwsiDO-Yhz7ELdO_CuAGQ4DfRuCBr2MKNthKCi6etSlVTq8bxA2gLU2IwwsY-mQ',1,NULL,'mn1',3,1);
INSERT INTO TBL_USER(FULL_NAME,GENDER,IMAGE_URL,PASSWORD,PHONE_NUMBER,USERNAME,ROLE_ID,PROVIDER_ID) VALUES ('Anya Chan',1,'https://lh3.googleusercontent.com/proxy/P3RQ3Us7ZR_xLSR7-AtwrO-wJ8MOfaEzZdMmGV6Gvto5wCpVwsiDO-Yhz7ELdO_CuAGQ4DfRuCBr2MKNthKCi6etSlVTq8bxA2gLU2IwwsY-mQ',1,NULL,'mn2',3,2);
INSERT INTO TBL_USER(FULL_NAME,GENDER,IMAGE_URL,PASSWORD,PHONE_NUMBER,USERNAME,ROLE_ID,PROVIDER_ID) VALUES ('Ishaaq O''Moore',0,'https://lh3.googleusercontent.com/proxy/P3RQ3Us7ZR_xLSR7-AtwrO-wJ8MOfaEzZdMmGV6Gvto5wCpVwsiDO-Yhz7ELdO_CuAGQ4DfRuCBr2MKNthKCi6etSlVTq8bxA2gLU2IwwsY-mQ',1,NULL,'mn3',3,3);
INSERT INTO TBL_USER(FULL_NAME,GENDER,IMAGE_URL,PASSWORD,PHONE_NUMBER,USERNAME,ROLE_ID,PROVIDER_ID) VALUES ('Ryan Beil',0,'https://lh3.googleusercontent.com/proxy/P3RQ3Us7ZR_xLSR7-AtwrO-wJ8MOfaEzZdMmGV6Gvto5wCpVwsiDO-Yhz7ELdO_CuAGQ4DfRuCBr2MKNthKCi6etSlVTq8bxA2gLU2IwwsY-mQ',1,NULL,'mn4',3,4);
INSERT INTO TBL_USER(FULL_NAME,GENDER,IMAGE_URL,PASSWORD,PHONE_NUMBER,USERNAME,ROLE_ID,PROVIDER_ID) VALUES ('Safiyyah Woodard',0,'https://lh3.googleusercontent.com/proxy/P3RQ3Us7ZR_xLSR7-AtwrO-wJ8MOfaEzZdMmGV6Gvto5wCpVwsiDO-Yhz7ELdO_CuAGQ4DfRuCBr2MKNthKCi6etSlVTq8bxA2gLU2IwwsY-mQ',1,NULL,'mn5',3,5);
INSERT INTO TBL_USER(FULL_NAME,GENDER,IMAGE_URL,PASSWORD,PHONE_NUMBER,USERNAME,ROLE_ID,PROVIDER_ID) VALUES ('Nguyen Van B',1,'https://lh3.googleusercontent.com/proxy/P3RQ3Us7ZR_xLSR7-AtwrO-wJ8MOfaEzZdMmGV6Gvto5wCpVwsiDO-Yhz7ELdO_CuAGQ4DfRuCBr2MKNthKCi6etSlVTq8bxA2gLU2IwwsY-mQ',1,NULL,'mn6',3,6);
INSERT INTO TBL_USER(FULL_NAME,GENDER,IMAGE_URL,PASSWORD,PHONE_NUMBER,USERNAME,ROLE_ID,PROVIDER_ID) VALUES ('Nguyen Van C',1,'https://lh3.googleusercontent.com/proxy/P3RQ3Us7ZR_xLSR7-AtwrO-wJ8MOfaEzZdMmGV6Gvto5wCpVwsiDO-Yhz7ELdO_CuAGQ4DfRuCBr2MKNthKCi6etSlVTq8bxA2gLU2IwwsY-mQ',1,NULL,'mn7',3,7);
INSERT INTO TBL_USER(FULL_NAME,GENDER,IMAGE_URL,PASSWORD,PHONE_NUMBER,USERNAME,ROLE_ID,PROVIDER_ID) VALUES ('Nguyen Van D',0,'https://lh3.googleusercontent.com/proxy/P3RQ3Us7ZR_xLSR7-AtwrO-wJ8MOfaEzZdMmGV6Gvto5wCpVwsiDO-Yhz7ELdO_CuAGQ4DfRuCBr2MKNthKCi6etSlVTq8bxA2gLU2IwwsY-mQ',1,NULL,'mn8',3,8);
INSERT INTO TBL_USER(FULL_NAME,GENDER,IMAGE_URL,PASSWORD,PHONE_NUMBER,USERNAME,ROLE_ID,PROVIDER_ID) VALUES ('Nguyen Van E',0,'https://lh3.googleusercontent.com/proxy/P3RQ3Us7ZR_xLSR7-AtwrO-wJ8MOfaEzZdMmGV6Gvto5wCpVwsiDO-Yhz7ELdO_CuAGQ4DfRuCBr2MKNthKCi6etSlVTq8bxA2gLU2IwwsY-mQ',1,NULL,'sf1',4,1);
INSERT INTO TBL_USER(FULL_NAME,GENDER,IMAGE_URL,PASSWORD,PHONE_NUMBER,USERNAME,ROLE_ID,PROVIDER_ID) VALUES ('Shyam Campbell',0,'https://lh3.googleusercontent.com/proxy/P3RQ3Us7ZR_xLSR7-AtwrO-wJ8MOfaEzZdMmGV6Gvto5wCpVwsiDO-Yhz7ELdO_CuAGQ4DfRuCBr2MKNthKCi6etSlVTq8bxA2gLU2IwwsY-mQ',1,NULL,'sf2',4,2);
INSERT INTO TBL_USER(FULL_NAME,GENDER,IMAGE_URL,PASSWORD,PHONE_NUMBER,USERNAME,ROLE_ID,PROVIDER_ID) VALUES ('Aditi Guest',1,'https://lh3.googleusercontent.com/proxy/P3RQ3Us7ZR_xLSR7-AtwrO-wJ8MOfaEzZdMmGV6Gvto5wCpVwsiDO-Yhz7ELdO_CuAGQ4DfRuCBr2MKNthKCi6etSlVTq8bxA2gLU2IwwsY-mQ',1,NULL,'tc1',5,1);
INSERT INTO TBL_USER(FULL_NAME,GENDER,IMAGE_URL,PASSWORD,PHONE_NUMBER,USERNAME,ROLE_ID,PROVIDER_ID) VALUES ('Romeo Hyde',1,'https://lh3.googleusercontent.com/proxy/P3RQ3Us7ZR_xLSR7-AtwrO-wJ8MOfaEzZdMmGV6Gvto5wCpVwsiDO-Yhz7ELdO_CuAGQ4DfRuCBr2MKNthKCi6etSlVTq8bxA2gLU2IwwsY-mQ',1,NULL,'tc2',5,1);
INSERT INTO TBL_USER(FULL_NAME,GENDER,IMAGE_URL,PASSWORD,PHONE_NUMBER,USERNAME,ROLE_ID,PROVIDER_ID) VALUES ('Nguyen Van G',0,'https://lh3.googleusercontent.com/proxy/P3RQ3Us7ZR_xLSR7-AtwrO-wJ8MOfaEzZdMmGV6Gvto5wCpVwsiDO-Yhz7ELdO_CuAGQ4DfRuCBr2MKNthKCi6etSlVTq8bxA2gLU2IwwsY-mQ',1,NULL,'tc3',5,1);
INSERT INTO TBL_USER(FULL_NAME,GENDER,IMAGE_URL,PASSWORD,PHONE_NUMBER,USERNAME,ROLE_ID,PROVIDER_ID) VALUES ('Harley Frederick',0,'https://lh3.googleusercontent.com/proxy/P3RQ3Us7ZR_xLSR7-AtwrO-wJ8MOfaEzZdMmGV6Gvto5wCpVwsiDO-Yhz7ELdO_CuAGQ4DfRuCBr2MKNthKCi6etSlVTq8bxA2gLU2IwwsY-mQ',1,NULL,'tc4',5,1);
INSERT INTO TBL_USER(FULL_NAME,GENDER,IMAGE_URL,PASSWORD,PHONE_NUMBER,USERNAME,ROLE_ID,PROVIDER_ID) VALUES ('Mildred Russell',0,'https://lh3.googleusercontent.com/proxy/P3RQ3Us7ZR_xLSR7-AtwrO-wJ8MOfaEzZdMmGV6Gvto5wCpVwsiDO-Yhz7ELdO_CuAGQ4DfRuCBr2MKNthKCi6etSlVTq8bxA2gLU2IwwsY-mQ',1,NULL,'tc5',5,2);
INSERT INTO TBL_USER(FULL_NAME,GENDER,IMAGE_URL,PASSWORD,PHONE_NUMBER,USERNAME,ROLE_ID,PROVIDER_ID) VALUES ('Sanaya Halliday',1,'https://lh3.googleusercontent.com/proxy/P3RQ3Us7ZR_xLSR7-AtwrO-wJ8MOfaEzZdMmGV6Gvto5wCpVwsiDO-Yhz7ELdO_CuAGQ4DfRuCBr2MKNthKCi6etSlVTq8bxA2gLU2IwwsY-mQ',1,NULL,'tc6',5,2);
INSERT INTO TBL_USER(FULL_NAME,GENDER,IMAGE_URL,PASSWORD,PHONE_NUMBER,USERNAME,ROLE_ID,PROVIDER_ID) VALUES ('Pharrell Rossi',1,'https://lh3.googleusercontent.com/proxy/P3RQ3Us7ZR_xLSR7-AtwrO-wJ8MOfaEzZdMmGV6Gvto5wCpVwsiDO-Yhz7ELdO_CuAGQ4DfRuCBr2MKNthKCi6etSlVTq8bxA2gLU2IwwsY-mQ',1,NULL,'tc7',5,2);
INSERT INTO TBL_USER(FULL_NAME,GENDER,IMAGE_URL,PASSWORD,PHONE_NUMBER,USERNAME,ROLE_ID,PROVIDER_ID) VALUES ('Romeo Hyde',0,'https://lh3.googleusercontent.com/proxy/P3RQ3Us7ZR_xLSR7-AtwrO-wJ8MOfaEzZdMmGV6Gvto5wCpVwsiDO-Yhz7ELdO_CuAGQ4DfRuCBr2MKNthKCi6etSlVTq8bxA2gLU2IwwsY-mQ',1,NULL,'tc8',5,2);
INSERT INTO TBL_USER(FULL_NAME,GENDER,IMAGE_URL,PASSWORD,PHONE_NUMBER,USERNAME,ROLE_ID,PROVIDER_ID) VALUES ('Nguyen Van G',0,'https://lh3.googleusercontent.com/proxy/P3RQ3Us7ZR_xLSR7-AtwrO-wJ8MOfaEzZdMmGV6Gvto5wCpVwsiDO-Yhz7ELdO_CuAGQ4DfRuCBr2MKNthKCi6etSlVTq8bxA2gLU2IwwsY-mQ',1,NULL,'tc9',5,2);
INSERT INTO TBL_USER(FULL_NAME,GENDER,IMAGE_URL,PASSWORD,PHONE_NUMBER,USERNAME,ROLE_ID,PROVIDER_ID) VALUES ('Jaeden Rayner',0,'https://lh3.googleusercontent.com/proxy/P3RQ3Us7ZR_xLSR7-AtwrO-wJ8MOfaEzZdMmGV6Gvto5wCpVwsiDO-Yhz7ELdO_CuAGQ4DfRuCBr2MKNthKCi6etSlVTq8bxA2gLU2IwwsY-mQ',1,'0123456789','us1',2,NULL);
INSERT INTO TBL_USER(FULL_NAME,GENDER,IMAGE_URL,PASSWORD,PHONE_NUMBER,USERNAME,ROLE_ID,PROVIDER_ID) VALUES ('Hùng Ngô',1,'https://lh3.googleusercontent.com/proxy/P3RQ3Us7ZR_xLSR7-AtwrO-wJ8MOfaEzZdMmGV6Gvto5wCpVwsiDO-Yhz7ELdO_CuAGQ4DfRuCBr2MKNthKCi6etSlVTq8bxA2gLU2IwwsY-mQ',1,'0896676593','us2',2,NULL);
INSERT INTO TBL_USER(FULL_NAME,GENDER,IMAGE_URL,PASSWORD,PHONE_NUMBER,USERNAME,ROLE_ID,PROVIDER_ID) VALUES ('Thành Nguyễn',1,'https://lh3.googleusercontent.com/proxy/P3RQ3Us7ZR_xLSR7-AtwrO-wJ8MOfaEzZdMmGV6Gvto5wCpVwsiDO-Yhz7ELdO_CuAGQ4DfRuCBr2MKNthKCi6etSlVTq8bxA2gLU2IwwsY-mQ',1,'0769750001','us3',2,NULL);
INSERT INTO TBL_USER(FULL_NAME,GENDER,IMAGE_URL,PASSWORD,PHONE_NUMBER,USERNAME,ROLE_ID,PROVIDER_ID) VALUES ('Ananya Flowers',0,'https://lh3.googleusercontent.com/proxy/P3RQ3Us7ZR_xLSR7-AtwrO-wJ8MOfaEzZdMmGV6Gvto5wCpVwsiDO-Yhz7ELdO_CuAGQ4DfRuCBr2MKNthKCi6etSlVTq8bxA2gLU2IwwsY-mQ',1,'0938072650','us4',2,NULL);
INSERT INTO TBL_USER(FULL_NAME,GENDER,IMAGE_URL,PASSWORD,PHONE_NUMBER,USERNAME,ROLE_ID,PROVIDER_ID) VALUES ('Belle Barrow',0,'https://lh3.googleusercontent.com/proxy/P3RQ3Us7ZR_xLSR7-AtwrO-wJ8MOfaEzZdMmGV6Gvto5wCpVwsiDO-Yhz7ELdO_CuAGQ4DfRuCBr2MKNthKCi6etSlVTq8bxA2gLU2IwwsY-mQ',1,'0392679544','us5',2,NULL);
INSERT INTO TBL_USER(FULL_NAME,GENDER,IMAGE_URL,PASSWORD,PHONE_NUMBER,USERNAME,ROLE_ID,PROVIDER_ID) VALUES ('Emilie Thomson',0,'https://lh3.googleusercontent.com/proxy/P3RQ3Us7ZR_xLSR7-AtwrO-wJ8MOfaEzZdMmGV6Gvto5wCpVwsiDO-Yhz7ELdO_CuAGQ4DfRuCBr2MKNthKCi6etSlVTq8bxA2gLU2IwwsY-mQ',1,'0238269159','us6',2,NULL);
INSERT INTO TBL_USER(FULL_NAME,GENDER,IMAGE_URL,PASSWORD,PHONE_NUMBER,USERNAME,ROLE_ID,PROVIDER_ID) VALUES ('Shanon Kemp',1,'https://lh3.googleusercontent.com/proxy/P3RQ3Us7ZR_xLSR7-AtwrO-wJ8MOfaEzZdMmGV6Gvto5wCpVwsiDO-Yhz7ELdO_CuAGQ4DfRuCBr2MKNthKCi6etSlVTq8bxA2gLU2IwwsY-mQ',1,'0971976036','us7',2,NULL);
INSERT INTO TBL_USER(FULL_NAME,GENDER,IMAGE_URL,PASSWORD,PHONE_NUMBER,USERNAME,ROLE_ID,PROVIDER_ID) VALUES ('Willie Ferrell',1,'https://lh3.googleusercontent.com/proxy/P3RQ3Us7ZR_xLSR7-AtwrO-wJ8MOfaEzZdMmGV6Gvto5wCpVwsiDO-Yhz7ELdO_CuAGQ4DfRuCBr2MKNthKCi6etSlVTq8bxA2gLU2IwwsY-mQ',1,'0143920053','us8',2,NULL);
INSERT INTO TBL_USER(FULL_NAME,GENDER,IMAGE_URL,PASSWORD,PHONE_NUMBER,USERNAME,ROLE_ID,PROVIDER_ID) VALUES ('Michaela Marsden',0,'https://lh3.googleusercontent.com/proxy/P3RQ3Us7ZR_xLSR7-AtwrO-wJ8MOfaEzZdMmGV6Gvto5wCpVwsiDO-Yhz7ELdO_CuAGQ4DfRuCBr2MKNthKCi6etSlVTq8bxA2gLU2IwwsY-mQ',1,'0044132656','us9',2,NULL);
INSERT INTO TBL_USER(FULL_NAME,GENDER,IMAGE_URL,PASSWORD,PHONE_NUMBER,USERNAME,ROLE_ID,PROVIDER_ID) VALUES ('Roan Raymond',0,'https://lh3.googleusercontent.com/proxy/P3RQ3Us7ZR_xLSR7-AtwrO-wJ8MOfaEzZdMmGV6Gvto5wCpVwsiDO-Yhz7ELdO_CuAGQ4DfRuCBr2MKNthKCi6etSlVTq8bxA2gLU2IwwsY-mQ',1,'0161809656','us10',2,NULL);


INSERT INTO TBL_VEHICLE_PART(CREATED_AT,UPDATED_AT,DESCRIPTION,IMAGE_URLS,MONTHS_PER_MAINTENANCE,NAME,PRICE,MAINTENANCE_DURATION,CATEGORY_ID,PROVIDER_ID) VALUES ('2020-12-15 10:53:04','2020-12-15 10:53:04','
Độ dày [mm]: 16,5
Hệ thống phanh: Bosch
trạng thái: Còn mới','https://storage.googleapis.com/vrms-290212.appspot.com/31c9361a-06be-4888-af29-39381c53e92dthumb.jpg?GoogleAccessId=firebase-adminsdk-y2tzh@vrms-290212.iam.gserviceaccount.com&Expires=2472004383&Signature=ba0w%2FvP6wc3AB8cIyeoKYArUiyK4dG2%2BjA0drmvHNWeolcUBaZdxhkw2C3DJNCbQoZlCHbraRtoHJYWzM7KHGGFq%2FP6RE%2BXMCP3q%2BkZMjvn9TBccQi00yvd2hxBdLGzrq5AhjeFxEBqJ2j2x9hEEbaOlxXXp25I3035QqL7WE0dd0Y1Lggy0fK0ov%2BVS6fkwsfsicYz58dj4IfKxfxA2B5piRYXzmIbpEfiafppqA6ogrVRAS60dfi%2F7W%2FrI00o05IgM8S6pb9cCFrXLb62vGJhJM%2FSaeRafhVhyWwNErktUChcWF4O%2BLx7AkdVWboaBJxiHkRsylW8LOuA%2FHDEgwQ%3D%3D||',0,'Bộ phanh đĩa, phanh đĩa JP',427000,0,122,1);
INSERT INTO TBL_VEHICLE_PART(CREATED_AT,UPDATED_AT,DESCRIPTION,IMAGE_URLS,MONTHS_PER_MAINTENANCE,NAME,PRICE,MAINTENANCE_DURATION,CATEGORY_ID,PROVIDER_ID) VALUES ('2020-12-15 10:54:31','2020-12-15 10:54:31','Number of wear indicators [per axle]: 2
Chiều cao [mm]: 42,2
Chiều rộng [mm]: 108,9
Độ dày [mm]: 16,5','https://storage.googleapis.com/vrms-290212.appspot.com/42191085-e0e2-4a26-aa66-6b2b247f0868thumb%20%281%29.jpg?GoogleAccessId=firebase-adminsdk-y2tzh@vrms-290212.iam.gserviceaccount.com&Expires=2472004470&Signature=IJLd9VPo0bn5WIp2AmtNJ1CuOTyU0XjQ6X9CM0QqnCKECypqWHY7TgPRNTwcgnDnGmv6SQiSpRorO0vK1lQl8u%2Fg7EO4ybOfPRIrZ6Q3ysxBrIZgLlFS6Ut2pfvuTBY9Wbs2Q64V8Y6D8i40Yzf2AgF81gm54y2SEPAOhbrOV1hIJTO7MyUbxOJRzOzyWR3HbNm0w6OEFsDIdwtf%2BwFqHcfPl2BOoMswrR9zFPc156Zfqr2sfIdZB4Jyhm%2BCQYmhZiXuzqnE%2FGOND%2FsgxpGWG1LZw6fAnB4OKr0c%2F7i8J8TqHr7XpxTBIMFf7qhSKeQDqlQaamXtHoNPUc%2FSJv8Z8A%3D%3D||',0,'Bộ phanh đĩa, phanh đĩa QUARO',500000,0,122,1);
INSERT INTO TBL_VEHICLE_PART(CREATED_AT,UPDATED_AT,DESCRIPTION,IMAGE_URLS,MONTHS_PER_MAINTENANCE,NAME,PRICE,MAINTENANCE_DURATION,CATEGORY_ID,PROVIDER_ID) VALUES ('2020-12-15 10:56:43','2020-12-15 12:05:40','Chiều dài [mm]: 155
Chiều rộng [mm]: 58,4
Độ dày 1 [mm]: 17,9
Thẻ kiểm tra: ECE R90 đã được phê duyệt
Trọng lượng [kg]: 2.116
trạng thái: Còn mới','https://storage.googleapis.com/vrms-290212.appspot.com/29fed961-1c35-4933-8567-847e45b82573thumb%20%282%29.jpg?GoogleAccessId=firebase-adminsdk-y2tzh@vrms-290212.iam.gserviceaccount.com&Expires=2472004602&Signature=GBvFQEVLl9K9JEEKQlQcq7xaGcWIm9KcA5jbIM6l5IZ9%2Fuclhu69uCxt0kRo%2Bot%2F%2BMj%2Bho8266%2Bo3ja7WkqJAN0ZaQTXDasIX%2BVRBVdfDdhRkNe1e0HzjouHTsLWGhQLtXsAuUcIc%2FdkqWJAxL2WVl%2BJVgVAFKZccPeZ9dWF53pFMZPCubWGXXwqmUlEF2%2F1Qvo0pHnO6aBh1rbV0Bb58JskuSz5sbU9HOCvbvanD%2BtTFsgPF%2BC6FwCI5MSqi5%2F6aeZzD8%2B7Hm5ybMS4U52WFi%2BZNx0jrw9Q2W7ip%2FbqOpYipxKiH9CmAG24PG9TVnPr0aBxKF8vHw6adJSHNL5ugA%3D%3D||',0,'Bộ phanh đĩa, phanh đĩa BLUE PRINT',925000,0,122,1);
INSERT INTO TBL_VEHICLE_PART(CREATED_AT,UPDATED_AT,DESCRIPTION,IMAGE_URLS,MONTHS_PER_MAINTENANCE,NAME,PRICE,MAINTENANCE_DURATION,CATEGORY_ID,PROVIDER_ID) VALUES ('2020-12-15 10:58:28','2020-12-15 12:05:19','Đường kính [mm]:
302
Loại đĩa phanh:
Chất rắn
Đường kính định tâm [mm]:
64,1
Sắp xếp lỗ / Số lượng:
05/10
Vòng tròn lỗ bu lông Ø [mm]:
114,3
Độ dày đĩa phanh [mm]:
10,0','https://storage.googleapis.com/vrms-290212.appspot.com/b993e482-b7d7-4cc6-b5e3-160a61243c1fpreview.jpg?GoogleAccessId=firebase-adminsdk-y2tzh@vrms-290212.iam.gserviceaccount.com&Expires=2472004708&Signature=JROFokSik32lYHppJedh5R5SzcLMEVq5egeErrWRLDqgAKOUpyeqvs1uUWgpYQf8%2B%2BhuGAm%2Fh3E1iKKSdmOSP%2FMwz9ro%2FVco%2B36FKj6RCyqduDDGznFyKSMr9rj6JTNOMUd3OYRkJl%2BJAijRztV%2Bk9p9RxucRFxfDIRJXblp59nHaccrklX%2FnoexQvgRI3lNbcEKRlG0oTwaek8ErAglg5GFgVWItTv2PvaJIhHan%2FBaYIis1btQaIZnVMwfLe08heUbTSVqmtQB30g3oJRf8s67ZsIk7UoNbycEPw5j%2BYkIsZSFlQIwm28InPuzVRKfiHw4lAI8VqFGv5uHi9K%2F6g%3D%3D||',2,'Đĩa phanh RIDEX',680000,2,132,1);
INSERT INTO TBL_VEHICLE_PART(CREATED_AT,UPDATED_AT,DESCRIPTION,IMAGE_URLS,MONTHS_PER_MAINTENANCE,NAME,PRICE,MAINTENANCE_DURATION,CATEGORY_ID,PROVIDER_ID) VALUES ('2020-12-15 11:40:20','2020-12-15 12:05:03','Đường kính ngoài [mm]:
302
Loại đĩa phanh:
Chất rắn
Đường kính định tâm [mm]:
64,1
Số lỗ vành:
5
Độ dày đĩa phanh [mm]:
10
Độ dày tối thiểu [mm]:
số 8
Chiều cao [mm]:
60,7
Tình trạng:
Mới','https://storage.googleapis.com/vrms-290212.appspot.com/38ed9abd-7bb3-4192-b2e7-129f53cc910ethumb%20%283%29.jpg?GoogleAccessId=firebase-adminsdk-y2tzh@vrms-290212.iam.gserviceaccount.com&Expires=2472007219&Signature=Oz36NpEg25DDJHgMpQqmeqeJUo8FaTFEPwFJQXXm%2BpB1pJZSiA4rOmp97tHa9jOT5jpg01BQdzYZpMM9MQRzpZJCiciRmG%2BWlgu4Ql0mVabGDyFkD0HuytwQTe0km5WNZ3NpSYTiyzp2lodh0dRFWRVPEj99tKNUwMazHMsi5hWx6Dm4rn07gk9s7Q18T2IVw2Pv%2F5cgJzm9kOzVdDh5mNRkFX490A2saIgB17NTp%2BaW5szaJdNRMNJfOQt%2FpbzxHuJIl0Phnf7TdEzJZMZ4vr2sBjGOh2ozzMa1W2c70TkxVxjcpfzULpfkrN2bgBIGivUA6NR3zUFsCb6wtDuXFQ%3D%3D||',2,'Đĩa phanh LPR',1300000,2,124,1);
INSERT INTO TBL_VEHICLE_PART(CREATED_AT,UPDATED_AT,DESCRIPTION,IMAGE_URLS,MONTHS_PER_MAINTENANCE,NAME,PRICE,MAINTENANCE_DURATION,CATEGORY_ID,PROVIDER_ID) VALUES ('2020-12-15 11:41:38','2020-12-15 12:04:45','Số lượng cực:
2
Tình trạng:
Mới','https://storage.googleapis.com/vrms-290212.appspot.com/a0e04f50-6eb3-4fe8-8206-9b0d1bbe09ffthumb%20%285%29.jpg?GoogleAccessId=firebase-adminsdk-y2tzh@vrms-290212.iam.gserviceaccount.com&Expires=2472007298&Signature=mI88EUXiiQfSTYUQNUP7N%2F9aScyRNq6Yp4vGOX64wzhTRkNL%2BJtoYDDtNiD%2FwsDc%2Fy6yDQqCyoz19A%2Be%2BLg3ZDDFi%2FUzrunCc1O87e08Gevum4z3a0eAWMO0TkYjuBBLJM9vfuYF%2BvI6HLfZ9Mnl7b6XO34y%2B%2BJzRs25V2CIGCqmsnOWQm7ntT6RfZ2h9NJDwdIzCo9%2F4XjMBbIDp8OqeQNxB2j29KMZiGBsVRDbxaQkN%2BE0l9WWHmktqTEOYuJ3K4OWur0LO3BOI3y3T%2BhHw1SRospq4iFvGfj6VjYnnnh1NKanzhoIE10BHAHJLLqjKPN12uIiL6gWsjcyjqvPVQ%3D%3D||',1,'Cảm biến Abs METZGER',1200000,1,126,1);
INSERT INTO TBL_VEHICLE_PART(CREATED_AT,UPDATED_AT,DESCRIPTION,IMAGE_URLS,MONTHS_PER_MAINTENANCE,NAME,PRICE,MAINTENANCE_DURATION,CATEGORY_ID,PROVIDER_ID) VALUES ('2020-12-15 11:43:04','2020-12-15 12:04:26','Số lượng cực:
2
Các số bài viết được ghép nối:
09001048
Tình trạng:
Mới','https://storage.googleapis.com/vrms-290212.appspot.com/96d5315d-0861-4dc1-89d6-2bacf2e9cd5bthumb%20%286%29.jpg?GoogleAccessId=firebase-adminsdk-y2tzh@vrms-290212.iam.gserviceaccount.com&Expires=2472007384&Signature=TtAE2tyqHvbJHoALrPJqrWRJU%2Bmln1xYWzz27pOANT0poIU8qePz2qtmi5oWL7oSBWmtuK4kkifX%2B%2B4h0XAT%2FWYtpmahcy%2BY5xaNEIOhVcDOfLvEUajrUk0mL%2F3W88JhOwvAr3Y5C%2FfUe3VR33SodJR08ji0q%2F%2FK6uhHh%2Fysj%2F0DxDqPqiRzTRZzIRDQQEoaI3VabOf40Ol3SJdV1F7xs23RBhTBdtbTARtihsmVj6tpiekidU5cScV4UH%2Bj7pdi4F1ykrS1uTZLo0tLWpArC7G3xXRYJ3Uw1GnVJ%2FccFgW8ya4Sd4odUPYm7jTbVqb2gmYCJtrvKb%2BHP4ZyYyBD%2Fg%3D%3D||',1,'Cảm biến Abs METZGER',1400000,1,126,1);
INSERT INTO TBL_VEHICLE_PART(CREATED_AT,UPDATED_AT,DESCRIPTION,IMAGE_URLS,MONTHS_PER_MAINTENANCE,NAME,PRICE,MAINTENANCE_DURATION,CATEGORY_ID,PROVIDER_ID) VALUES ('2020-12-15 11:50:25','2020-12-15 12:04:09','Chiều dài [mm]:
246
Chiều rộng [mm]:
136,0
Chiều cao [mm]:
51,7
Trọng lượng [kg]:
0,322
Tình trạng:
Mới','https://storage.googleapis.com/vrms-290212.appspot.com/9d3b176e-ce38-4226-ac18-1be9a1a4c616thumb%20%287%29.jpg?GoogleAccessId=firebase-adminsdk-y2tzh@vrms-290212.iam.gserviceaccount.com&Expires=2472007824&Signature=HcDVGF89Wvnn2xakMzWivTDgzsCftBx5WMnvz8nftf2dUsh0KZ9qxtm3Ce0r5OHQX8QhwRQ%2BXzi%2BW%2F7VLB7PFO4Zou49o9BKdTrAxoUexMU9FVW4KoWbEAko4Mmf5jRk2%2FzFCiU2lEj8Qa9KMv5v5oWp3nViHWSpCcPUWaCrW2WxVooRvCllLECixafAnp53YC9umtgdbZTYSOw%2FQFwitYDoTlWdMaLtDcDjHAMOrBKsaarCl2Jca80eL9nvJ6W%2BkYSueJceYNG3n1hxHWsA016Xge6HEugGEkaDkTNgtSl95ly2ENXclL2OC01hY8JwD1KintGAIcYdKphiRKgAzg%3D%3D||',2,'Bộ lọc không khí FEBI BILSTEIN',320000,2,138,1);
INSERT INTO TBL_VEHICLE_PART(CREATED_AT,UPDATED_AT,DESCRIPTION,IMAGE_URLS,MONTHS_PER_MAINTENANCE,NAME,PRICE,MAINTENANCE_DURATION,CATEGORY_ID,PROVIDER_ID) VALUES ('2020-12-15 11:51:29','2020-12-15 12:03:47','Chiều dài [mm]:
246
Chiều rộng [mm]:
136,0
Chiều cao [mm]:
51,7
Trọng lượng [kg]:
0,322
Tình trạng:
Mới','https://storage.googleapis.com/vrms-290212.appspot.com/663926a4-66c2-44c4-8c27-6258ed73b69cthumb%20%288%29.jpg?GoogleAccessId=firebase-adminsdk-y2tzh@vrms-290212.iam.gserviceaccount.com&Expires=2472007888&Signature=Eb87rfExLgb3%2Bxbnq54wGtZUuStWOSqdSfoMfXQnCeeB%2BfIHCe6ftaFkVMStHw2SmB3v%2BcLz9Ye4W3GR2dkQR3rEZvZnimfDMiar8ujtYL%2Fx1bsShwQm6Ov25uCiSIcMF0mFbD1nGyt58UpfI2Z0wM1fttnWB6P6UDACZkKESubOLhT%2Fd4ryEGsABG01AmubvXFNFhoU%2FHIF7JhQHesuXEDyXHQ%2BpyAWhSzXSzFVaY3hi4HNFuWJwRgEYGDoDSLNumX%2FH22iteeYIcsWIbnDaoHqNVAeNw5curNWrUHJWQoCQwZENYFnGcebi43C9o3Bb9w8ZJabgJBQYH%2BJLQtnUA%3D%3D||',1,'Bộ lọc không khí SWAG',300000,1,138,1);
INSERT INTO TBL_VEHICLE_PART(CREATED_AT,UPDATED_AT,DESCRIPTION,IMAGE_URLS,MONTHS_PER_MAINTENANCE,NAME,PRICE,MAINTENANCE_DURATION,CATEGORY_ID,PROVIDER_ID) VALUES ('2020-12-15 11:54:57','2020-12-15 12:03:01','Bề mặt: sơn lót
Trạng thái: Còn mới','https://storage.googleapis.com/vrms-290212.appspot.com/bbea0876-4344-4415-96a1-bdb650a64d7athumb%20%289%29.jpg?GoogleAccessId=firebase-adminsdk-y2tzh@vrms-290212.iam.gserviceaccount.com&Expires=2472008096&Signature=bLWJlHgrBHvkswABKF0w4uyCLQRHL4vLWX8hY0LyBrTrYhDtdpNUuwODKdPMMjk9BI4cTw082BDMOBRMbhaBkqFJnaSknNz4WHhu5FrBRaeICHS8EUSGMzwMjf780fXsqB0MFyfQ7vbbFIkOUfS74V7jOZqXjzhLB6Y5LGBF8jj9g6RGcc%2F9uxA%2F4L1WpqReFs5tM5k29bBphSMw26fw9VKHep%2BSh6SqeZ6Md6Nv7hLEADx3MTeY6SRs2YxtIx%2FKwto5IYn4EVs3Iv7yT4sG5yIZuUyefVw%2F5owg1BvUCVNPdlBgVmd08bevDiG%2BPhtwAC9l9gR4GoAczgUX5b%2BU1Q%3D%3D||',1,'Nắp, gương ngoài ABAKUS',250000,1,8,1);
INSERT INTO TBL_VEHICLE_PART(CREATED_AT,UPDATED_AT,DESCRIPTION,IMAGE_URLS,MONTHS_PER_MAINTENANCE,NAME,PRICE,MAINTENANCE_DURATION,CATEGORY_ID,PROVIDER_ID) VALUES ('2020-12-15 11:55:40','2020-12-15 12:03:30','Tình trạng:
Mới','https://storage.googleapis.com/vrms-290212.appspot.com/fd2dbe7c-a071-4a4d-be26-8652baf64ffbthumb%20%2810%29.jpg?GoogleAccessId=firebase-adminsdk-y2tzh@vrms-290212.iam.gserviceaccount.com&Expires=2472008140&Signature=cV%2BI7F1eBlzCntHm3ccZECxHZzUr%2BK08dm%2FpOz9tQV8RyxHNyAgba1dPVIB3ECPDPeH5Rgsmg1uazxKJR5NyKdqZ24VvZlcbu3Qze0vjrAInrm1MpOmLqn8Pm%2FhykmjUiD7SC5zOQ3HDLxWqSHgK3C3LHBxhZcYrpMUZQ0tWi9tdLKSiHix%2B%2BDB0YenzL9Prx2jv8Da3LoChXi6yDkGkTOYPGtSTqrI6hHE1yPYj3cewWYIfRmsNZoHKNOia1P45SBbkC%2FV5kerKKUfT0nJq%2BQa7WdkKa2oj5ghK25afHvJfwuctbcrHjHKTVfgiJYcGU1miqsl5LtAKkuEk3gWKZg%3D%3D||',1,'Nắp, gương ngoài JOHNS',500000,1,2,1);
INSERT INTO TBL_VEHICLE_PART(CREATED_AT,UPDATED_AT,DESCRIPTION,IMAGE_URLS,MONTHS_PER_MAINTENANCE,NAME,PRICE,MAINTENANCE_DURATION,CATEGORY_ID,PROVIDER_ID) VALUES ('2020-12-15 11:59:19','2020-12-15 11:59:19','Gương bên ngoài / bên trong: Nóng lên, Lồi
Chất lượng: Chất lượng được chứng nhận chỉ liên quan đến: OEM
Phương tiện lái bên trái / bên phải: cho giao thông bên trái / bên phải
Tình trạng: Mới','https://storage.googleapis.com/vrms-290212.appspot.com/d59bac5a-f282-426b-b509-048649441756thumb%20%2811%29.jpg?GoogleAccessId=firebase-adminsdk-y2tzh@vrms-290212.iam.gserviceaccount.com&Expires=2472008359&Signature=WZstZ3OXMkaqRwUdg%2B3We28Yg6HHHOj5QlRvPU4ubfrMb%2BTiJ5fOW1W%2FdLozGMQ9QAmCN%2BKvVZb3CkG792HRFsCD9KyukjGc34cGzzZFzLvSxIFpXTPVf9bNOibvXMXZaye7YeUDRNkat0Hp3xbohjwQVj0aTn8jtwh46yXrJL2mV5wVsL1lrpkA1o7Y5n2vnQCnNKWYMWL9z%2FEuaSpVyomvwQ47ncCPz6b7flG91NfoXnBsp8uSJspT5zhLF5mUhdarsEZXX1qbLrMGKkxbvKnrD%2FDnDTZfaIHlVEkkcCCAB8Y26wCFtMtF7lkSqFb9TAwFr%2FkHdq24F1h6wee%2FYw%3D%3D||',0,'Gương kính, gương ngoài ALKAR',930000,0,8,1);
INSERT INTO TBL_VEHICLE_PART(CREATED_AT,UPDATED_AT,DESCRIPTION,IMAGE_URLS,MONTHS_PER_MAINTENANCE,NAME,PRICE,MAINTENANCE_DURATION,CATEGORY_ID,PROVIDER_ID) VALUES ('2020-12-15 12:00:47','2020-12-15 12:00:47','Chất lượng: CHỨNG NHẬN CHẤT LƯỢNG Chiều dài [cm]: 17 Chiều cao (cm]: 2,3 Chiều rộng [cm]: 15 chỉ liên quan đến: OEM','https://storage.googleapis.com/vrms-290212.appspot.com/7f063c9c-b092-4483-ab54-2a8ad1ce4203thumb%20%2812%29.jpg?GoogleAccessId=firebase-adminsdk-y2tzh@vrms-290212.iam.gserviceaccount.com&Expires=2472008446&Signature=dUzpf8eT18nEIk0iHqPE6WevAP6yFXp1TCjWXC9u%2FDh5%2BcXVHiybhAmE0JUPzfGbHd6cFsm3VFy%2BTTCiLp9I89oI5wuiUw2grbMZkS8UpeNpmMen9pPNTyj40DCRPCy1f%2Bs4Zlopv1oI2lavzIA5o%2B%2F%2F5hsDgSbed8k5cOI0ca8Ikk5sBYVXWSZy%2BMSy8zpa4z4RGR4oe7LBLG1V0XHOOfmVfxAhzMZ912kLGnVRlZop8LGWFSrYZ2y6BTqJ1%2F4spUh5mo0%2BBSSUOStjOVDp1eHT6RHSTOioJBP%2BgnDZlo8tpn7mUZpL3HBmA7i%2FfzEeasAMCPG5BfkyMo10slBc9w%3D%3D||',1,'Gương kính, gương ngoài BLIC',1200000,1,8,1);
INSERT INTO TBL_VEHICLE_PART(CREATED_AT,UPDATED_AT,DESCRIPTION,IMAGE_URLS,MONTHS_PER_MAINTENANCE,NAME,PRICE,MAINTENANCE_DURATION,CATEGORY_ID,PROVIDER_ID) VALUES ('2020-12-15 12:02:32','2020-12-15 12:02:32','Loại bóng đèn:
H11 / HB3
Chức năng ánh sáng:
cho đèn chạy ban ngày (LED)
Bài viết bổ sung / Thông tin 2:
với động cơ để cân bằng đèn pha
Thiết bị Xe cộ:
dành cho xe độ đèn pha (điện)
Giao thông bên trái / bên phải:
cho giao thông bên phải','https://storage.googleapis.com/vrms-290212.appspot.com/b8740d4e-bb6e-4879-b48a-bc1f590e37a9thumb%20%2813%29.jpg?GoogleAccessId=firebase-adminsdk-y2tzh@vrms-290212.iam.gserviceaccount.com&Expires=2472008552&Signature=AtYVcHx59O2b%2BLnK7Lyc8l2h%2B6hCCzAIqsiePUYV4E%2BJcK2zJquqCiU2hoWjt9XLyNShot0tpUaXsiibvxWpZuxBCpBqPwrdPxPXa2Dk1z7y%2Br5y4X%2Fq%2Bc1u4TDtfeaXWn57l%2FD0tcP60PKXvXUSYcmc0oxf6SJajPOcjNmO4XECFDDfkbeTUXkHG1Kbih1pRzKHcTU1ukEwVdghBadH3Cp%2FC6Urs6lyzcfz2IlcAYTef1aPQoTtPqqhf4ZLsYZa2fQTeMIcM5el93gkIrl7KVx73lKtkGdl%2BCRyMqODy4ObskV0V5N8%2B%2Fkq3MhvAkbkIVCD5ZwqyoI5zP8FQIPyjQ%3D%3D||',1,'Đèn pha VAN WEZEL',5610000,1,4,1);
INSERT INTO TBL_VEHICLE_PART(CREATED_AT,UPDATED_AT,DESCRIPTION,IMAGE_URLS,MONTHS_PER_MAINTENANCE,NAME,PRICE,MAINTENANCE_DURATION,CATEGORY_ID,PROVIDER_ID) VALUES ('2020-12-15 12:07:44','2020-12-15 12:07:44','H11 / HB3 Chức năng ánh sáng: với đèn chạy ban ngày (LED) Bài viết bổ sung / Thông tin 2: với động cơ để cân bằng đèn pha Chất lượng: Depo / TYC Loại đăng ký: Đã kiểm tra loại điện tử Tình trạng: Mới','https://storage.googleapis.com/vrms-290212.appspot.com/ddab3947-e545-4737-ac2c-7d8e01c118c0thumb%20%2814%29.jpg?GoogleAccessId=firebase-adminsdk-y2tzh@vrms-290212.iam.gserviceaccount.com&Expires=2472008864&Signature=YB5fr9aCYzyZqrgQb7YUv6xQCap6ZIKK1pE27Fn0HO19h3yJVyEI0o7gywmh9O%2B3EkyoLXDoy3Hz%2Bshi09qqvpNlNL%2FU0wrbAGn6hJRUE15fjGBoDg96i2LA7Q8ecxVys6Glb1NnRFMtk3AXv8kfGw4gSu%2Fagt9RzfbpkuE5pBlCANlkP8fz4FC%2FFXGCWVhAM%2FCpaufB5d8rzzVcto6OWq7mDlseyLF%2B%2FXkkcg1PTQqlrH9bvNWAPNYT6asQEch0DAmYNixVSfWP3bsNr2Cr0InMp72sY6GscQAzGOjXrxMZEM4ClUG2HCbn4SqPE5EtQg%2Fx4iiE6u5JDS8SoLWskg%3D%3D||',3,'Đèn pha DIEDERICHS',8730000,3,4,1);
INSERT INTO TBL_VEHICLE_PART(CREATED_AT,UPDATED_AT,DESCRIPTION,IMAGE_URLS,MONTHS_PER_MAINTENANCE,NAME,PRICE,MAINTENANCE_DURATION,CATEGORY_ID,PROVIDER_ID) VALUES ('2020-12-15 12:10:52','2020-12-15 12:10:52','Loại bóng đèn: D4S , HB3 Thiết bị Xe cộ: cho xe độ đèn pha Thiết kế nhẹ: Xenon Tình trạng: Mới','https://storage.googleapis.com/vrms-290212.appspot.com/4e06a11e-a725-4a31-9463-b2dc1caa137athumb%20%2815%29.jpg?GoogleAccessId=firebase-adminsdk-y2tzh@vrms-290212.iam.gserviceaccount.com&Expires=2472009052&Signature=MtlgUPFa39ZU%2Fn8eqhxlRhndzKlpIEurLEpJFIQuhKtrxZvq8NZbhfK6gyqoJ0KYpwdH%2FmaXzN%2F0T0wMwPtH4CNkJBTNMgEaXTEeEBTsO%2FS7TRyPJAxm0ixn7usgjqcWpKuBF3NguZx%2FXyE8g5yYjn8OUBjSbdbw4g4W%2FrQo7xNd%2FhUjUKVmo8K8w5v8FgQ3hZYYqjmANhizT0A%2B1zzpaRb7SER7nbGOiyX0JfSWFjQo1rlojPju6v02ixqaXFV33VYDIWXlb7EUVQ2Wy%2FCW07XsMwnsewp9E7pX4UDFz2CeRppwhbga7EGT95L2EFZO7jj5W2xDpQkdeJCzZiEq%2BQ%3D%3D||',1,'Đèn pha PRASCO',9300000,1,4,1);
INSERT INTO TBL_VEHICLE_PART(CREATED_AT,UPDATED_AT,DESCRIPTION,IMAGE_URLS,MONTHS_PER_MAINTENANCE,NAME,PRICE,MAINTENANCE_DURATION,CATEGORY_ID,PROVIDER_ID) VALUES ('2020-12-15 12:13:24','2020-12-15 12:13:24','Loại bóng đèn: H11 Loại đăng ký: Đã kiểm tra loại điện tử, đã kiểm tra SAE Ghi chú: không có đế đèn, có bóng đèn, không có bóng đèn Tình trạng: Mới','https://storage.googleapis.com/vrms-290212.appspot.com/615459ed-32cc-46ed-9ff7-c3bf554cd1b4preview%20%281%29.jpg?GoogleAccessId=firebase-adminsdk-y2tzh@vrms-290212.iam.gserviceaccount.com&Expires=2472009204&Signature=L9ud3JmBHvCvK%2FDoHSic9s%2FZxPkEJ3bS5XuvFck1p2nbW%2BsikNXG%2FE9pEbw67hqeA64qUkovrjglGdrLdIdcv4YrHjeT%2FXQ0FEb%2FOZgOMvGhwZauRWHBdMxFQ5ycJYdBfKmRFtJyfNm9QBravD6e%2Fk2L8u%2FrCXQKeEXdZlKdgP2%2F3Y52rIiq2kvKzVzGPFrQuwWWvMtQO9ZMQftFd0Os8XUHCOaMXJj94vYbTFWFVMXXdLl32a%2FIH1jHiHMe%2Bn5YYBEkmQ191XfbvyIDbTQ9yvLq%2FoP%2BXCZSVEKhMYBMEhEdD54P3k0piVOdZKY6Xi7fGQn3RyfIMj6VptEn9IB0kA%3D%3D||',1,'Đèn sương mù ABAKUS',1000000,1,7,1);
INSERT INTO TBL_VEHICLE_PART(CREATED_AT,UPDATED_AT,DESCRIPTION,IMAGE_URLS,MONTHS_PER_MAINTENANCE,NAME,PRICE,MAINTENANCE_DURATION,CATEGORY_ID,PROVIDER_ID) VALUES ('2020-12-15 12:14:12','2020-12-15 12:14:12','Loại bóng đèn: H3 Loại đăng ký: Đã kiểm tra loại điện tử Màu sắc nhà ở: Đen Đường kính [mm]: 115 Chiều sâu [mm]: 67 Công suất định mức [W]: 55 Định lượng: 2 Tình trạng: Mới','https://storage.googleapis.com/vrms-290212.appspot.com/80504687-16ef-4d8d-8a83-c6e1ca58193athumb%20%2816%29.jpg?GoogleAccessId=firebase-adminsdk-y2tzh@vrms-290212.iam.gserviceaccount.com&Expires=2472009252&Signature=oospkP7FAgzY%2BYQM5HCm2f%2FwotpinW00doCR35QYOrWwu5GRuxnReV%2BGBDYOoatuzjcnPaEQhSTvQA4iK11ZdVmtYWbx2FC2TEo6qwAnjcripjXaFIl2q0TqkPInDmblKuQ7dkfSJDm8fYvj5MiaDtYrWYxHioh7iE%2BKXHJz2a3dFODhrJFtjGGI4ZVcnbowrnFQw7pP5VyRYtEnAblk9FwC0lq0nzYSj%2B67blAtAdUq9FBwZ518w9pv3oWMhBP0WHRT7rKGIgp%2Fg45pXYRDjYn895FddhkyH%2FiJyqPR0Edk3WkmjRx%2BCHA7O%2FoS3GDt%2F%2FNXR4EwgnRVGHBmNJADkQ%3D%3D||',1,'Đèn sương mù RING',950000,1,7,1);
INSERT INTO TBL_VEHICLE_PART(CREATED_AT,UPDATED_AT,DESCRIPTION,IMAGE_URLS,MONTHS_PER_MAINTENANCE,NAME,PRICE,MAINTENANCE_DURATION,CATEGORY_ID,PROVIDER_ID) VALUES ('2020-12-15 12:15:52','2020-12-15 12:15:52','Loại bóng đèn: W5W Điện áp [V]: 12 Công suất định mức [W]: 5 Loại ổ cắm: W2,1x9,5d Tình trạng: Mới','https://storage.googleapis.com/vrms-290212.appspot.com/f84746b3-b437-444c-962f-ce5f132e3753thumb%20%2817%29.jpg?GoogleAccessId=firebase-adminsdk-y2tzh@vrms-290212.iam.gserviceaccount.com&Expires=2472009351&Signature=YNO0oeeRPpxxIJ%2FTg28WVlEIJK1xVM%2BbwM0%2B78sMIs4Vy32Hp6FxI4PpVkGxkPsroWGNCT5AX3zO7f6pEE3oYl1Ik%2BAKHsbLW3fegp0xFXtyrx9oGuwW0aChMhNK99oxH7QNPGL9aItEckNmsAz9yKQtI69akuA92VrmoWLN7WSzFr3vH1rwBWZyrJdKdggW%2F8si0fHTgNsPikAJMCszXK7Rht3FzWPUPPsHbL26jcSSA2Jp6%2Bf4zGYUox5%2BIE9CYHRYDlLdIO0hBkL6LX6p9yqxuwHyidDD%2FxtkaVgdEaX1B3AKfHvuRYrZAKQWBuJ0NMcgEXS50e9qirfbj1wH9A%3D%3D||',1,'Bóng đèn, chỉ báo NEOLUX®',10000,1,6,1);
INSERT INTO TBL_VEHICLE_PART(CREATED_AT,UPDATED_AT,DESCRIPTION,IMAGE_URLS,MONTHS_PER_MAINTENANCE,NAME,PRICE,MAINTENANCE_DURATION,CATEGORY_ID,PROVIDER_ID) VALUES ('2020-12-15 12:17:41','2020-12-15 12:17:41','Loại bóng đèn: W5W Điện áp [V]: 12 Công suất định mức [W]: 5 Định lượng: 1 Thẻ kiểm tra: E1 Loại ổ cắm: W2,1x9,5d Tình trạng: Mới','https://storage.googleapis.com/vrms-290212.appspot.com/792336d5-065d-44c8-8d0e-6d5acecf39bbpreview%20%282%29.jpg?GoogleAccessId=firebase-adminsdk-y2tzh@vrms-290212.iam.gserviceaccount.com&Expires=2472009461&Signature=H6oRP7n4AYPGdYEJjv51D3cfSWEE6UQx%2BcEQFrLkxui5moiZKsSnEecgGrQo%2Bzv%2BiPVxxYG2jSobwbKsTbjsAfVAobChIUudzzkUa52lE2BLbCr0z5Dra8JGZQuzk9gaX%2FLM412CsVJhoM1hsybedTPodYts8lGiasYu5wFvbL3iCWaxc2T3ktBUwxnzSDMMK1AKx2nu3ooxQn%2FQP7u7pUmTVr0tMcclok4caX4nTWRsTiwJlUWri5IgvMS7atTPjUaPYxfTKYlG%2BMU8nSDYqbpcNEghA0OYL2nxUL0ATcOAoe9KXqgNotlwd7PYL4Wm5lEGJHSEnTksVbToH5uT9A%3D%3D||',0,'Bóng đèn, đèn soi biển số HELLA',16000,0,6,1);
INSERT INTO TBL_VEHICLE_PART(CREATED_AT,UPDATED_AT,DESCRIPTION,IMAGE_URLS,MONTHS_PER_MAINTENANCE,NAME,PRICE,MAINTENANCE_DURATION,CATEGORY_ID,PROVIDER_ID) VALUES ('2020-12-15 12:19:50','2020-12-15 12:19:50','Loại đăng ký: Đã kiểm tra loại điện tử, kiểm tra RL Định lượng: 2 Số lượng đèn LED: 5 Thiết kế nhẹ: Đèn LED Loại bóng đèn: Đèn LED','https://storage.googleapis.com/vrms-290212.appspot.com/af1d6882-bde2-4a1f-b315-43fcc89b85f4preview%20%283%29.jpg?GoogleAccessId=firebase-adminsdk-y2tzh@vrms-290212.iam.gserviceaccount.com&Expires=2472009590&Signature=OxzdNdQUMvbDq%2BjdSvqZOLuHrKlsuweHlTyzL4BgDKDGpbytLnmVhD5HwR6xB%2F6ER%2BjkpUEoI0npi7i5BnKNNxYJgb%2FqFAmz7Ho3pICtouWm2t3dmCQlbeKBzfAkesZgDnYtorozFN%2Fn64DkEDSJqepr%2BkPZNdsSE3d2xSRXXhkBZa8rat0fiWY8iyUX%2BmGqeZO%2FL9%2FR%2BPP%2Fg1mqyboIpW%2FIIgMlMgibr%2Fy128wQ4HrpUmIVDhlAe5GPBlNO6p7ZLNveAjtfx9jhOeUuLX8sswZrLwsOsqOHlA9mmrFs7XJbmwenUwwth5sO0K%2FeZo5MMa4aZGlK4YmM5YJ7b3UXuQ%3D%3D||',1,'Bộ đèn chạy ban ngày M-TECH',1100000,1,22,1);
INSERT INTO TBL_VEHICLE_PART(CREATED_AT,UPDATED_AT,DESCRIPTION,IMAGE_URLS,MONTHS_PER_MAINTENANCE,NAME,PRICE,MAINTENANCE_DURATION,CATEGORY_ID,PROVIDER_ID) VALUES ('2020-12-15 12:21:14','2020-12-15 12:21:14','Thiết kế nhẹ: Đèn LED Chất lượng: EQ (Tương đương) Phổ cập: Đúng Loại bóng đèn: Đèn LED Định lượng: 2 Số lượng đèn LED: 4 Tình trạng: Mới','https://storage.googleapis.com/vrms-290212.appspot.com/3b2d097b-72d0-4dc5-9590-5f5f2556407bpreview%20%284%29.jpg?GoogleAccessId=firebase-adminsdk-y2tzh@vrms-290212.iam.gserviceaccount.com&Expires=2472009674&Signature=hHKPiw7BqOhg%2Ba04DaN0AbVto98Z3%2FouOWFvSh7LVzjVrOr06Ffr6Yns2zjhjxn32YwdUhE1JFyyVYTxs1wjt1k%2Fnc3kIwbzRiBKOMPT0DQSF3U2ss9JH4I2X%2BpdpW9qBljggDcsWEiokbs%2BN89vy2bY0FUKshH2K%2BnqlP6aV6OBfKDbYhughQj5vn7RLwgsMmoNsmpqLnYCNeycfXHy5nS3Sbuq55KpTTRh%2B7efjO2lFXeXP5ia3BpvyAc%2FgPQiT20DK%2F2kQkLfQGSjAUj%2FbWmYjZVICBVNdJ639lH7Ws1MtAK3uOsDGf%2BfLRBbGwiLGzI%2BV9T9MYMb1rJxcd5sbQ%3D%3D||',1,'Bộ đèn chạy ban ngày MAGNETI MARELLI',1350000,1,22,1);
INSERT INTO TBL_VEHICLE_PART(CREATED_AT,UPDATED_AT,DESCRIPTION,IMAGE_URLS,MONTHS_PER_MAINTENANCE,NAME,PRICE,MAINTENANCE_DURATION,CATEGORY_ID,PROVIDER_ID) VALUES ('2020-12-15 12:24:19','2020-12-15 12:24:19','Phân loại độ nhớt của dầu SAE: 5W-30 Nội dung [lít]: 1 Dầu: Dầu tổng hợp đầy đủ Sự chỉ rõ: ACEA C2, API SN, ACEA C3, API SM, API CF Phê duyệt của nhà sản xuất: dexos2 Tình trạng: Mới','https://storage.googleapis.com/vrms-290212.appspot.com/afab662a-47b5-430b-aa86-85ebc2c6dc52thumb%20%2818%29.jpg?GoogleAccessId=firebase-adminsdk-y2tzh@vrms-290212.iam.gserviceaccount.com&Expires=2472009858&Signature=Ndrbb5pkZVVUZ%2B%2FXA7fkUg3aXWeUJoYdAWMMwPu0EktoGdbc6zemzP%2FPfKUhwopJiHzCoAiG2Fr8nor9MmLJlfLzy2ML7SQWEUpWs2W3ZuBBsd5AzWFoCVuNGsnkAwYXOD5JPtlbE1wWVMqkVkNaTfDMYv7hGWbiPGc3Q4siLNWMtqFpfGly5KVWZfenWHyZ6BGh9uL7FMSwgIOK41XDX6b7B5NYFYVjPBG22uA9Mleo6lsYOjbGOHhUc7VW9dxol2j1MOckT5XySwHkHhbTlywc0hGK9lWF1TaalMb5JHD0TYZy83B1jcvw2alVa4e073MAJDxVpdjmR3HpeRYv%2Bg%3D%3D||',0,'Dầu động cơ MANNOL 7701 O.E.M',160000,0,27,1);
INSERT INTO TBL_VEHICLE_PART(CREATED_AT,UPDATED_AT,DESCRIPTION,IMAGE_URLS,MONTHS_PER_MAINTENANCE,NAME,PRICE,MAINTENANCE_DURATION,CATEGORY_ID,PROVIDER_ID) VALUES ('2020-12-15 12:25:46','2020-12-15 12:25:46','Phân loại độ nhớt của dầu SAE: 0W-30 Dung tích [lít]: 1 Dầu: Dầu tổng hợp Sự chỉ rõ: ACEA C3 Phê duyệt của nhà sản xuất: VW 504 00, VW 507 00 Loại đóng gói: Chai Tình trạng: Mới','https://storage.googleapis.com/vrms-290212.appspot.com/b4f2d3d0-ad9a-41a3-ad27-a389d901a5bcthumb%20%2819%29.jpg?GoogleAccessId=firebase-adminsdk-y2tzh@vrms-290212.iam.gserviceaccount.com&Expires=2472009945&Signature=DzZZ5pnHw7aljlrlEr%2Fk21IhqCaxkiAQd0mmazc8rjOPIuV%2BA%2FNjBUeujKw6KFp8S4FK%2BVhi%2FY8E7pD4l9MFvYvrWvY%2FRPwlSYOJL%2FUhkMjxsBBD79wtiRPxg%2FIyBYYLoTUJaS8kYLwHvgLLopC8slzRJd3Gwcun14tjhcmzQcBcpSGfwVP4gaROcfvzxXF%2FyYn4%2F%2BV6z0VT%2BP9qTwOYgzlKsUESTqzBw8gtGh5sT1%2B918MdTQo7JIX7WjSMCwOF1WGM3brHyePoQ545qcx9r1YRBDlA2%2FHEOTAH3NlHSfLYHEzRGXnELJhZke3%2BqMN4GvdTa36JnfDjequLtAgeQA%3D%3D||',0,'Dầu động cơ VỎ Helix, Ultra Prof AV-L',380000,0,27,1);
INSERT INTO TBL_VEHICLE_PART(CREATED_AT,UPDATED_AT,DESCRIPTION,IMAGE_URLS,MONTHS_PER_MAINTENANCE,NAME,PRICE,MAINTENANCE_DURATION,CATEGORY_ID,PROVIDER_ID) VALUES ('2020-12-15 12:28:01','2020-12-15 12:28:01','Phân loại độ nhớt của dầu SAE: 5W-30 Dung tích [lít]: 1 Dầu: Dầu tổng hợp Sự chỉ rõ: ACEA A3, ACEA B4, ACEA C3 Phê duyệt của nhà sản xuất: VW 504 00, VW 507 00, MB 229.51','https://storage.googleapis.com/vrms-290212.appspot.com/c01424a5-045e-4d60-8112-ef4ce6e90ee3preview%20%285%29.jpg?GoogleAccessId=firebase-adminsdk-y2tzh@vrms-290212.iam.gserviceaccount.com&Expires=2472010080&Signature=MgUXSK5Mr%2BoPAXzrDHwa2zygtAYEZ7WZpujB8JwbTE78gKvcR7rLpUXbDoyon%2FRIP6Mwftss2s5MikBUgu516tbYpeulBGwP6AIsxHxmdCriSdX2g69jIvWsoJRafkM5Gf8iNXMtnLIlrsJFQwAeMnhNL%2B6d52zbJmyVpSc9nkQaI0BRyq7W73qXbZBpAhO5qb9SR80o9c9oIoZqJHd15PuFPIetcgUgdPofwOpvprtT3MRAHVXJ55oDTrTjr7yPyqQX9Gb%2F9M6aJCMXtXEgBPjGPNc9sg8TwChV9S0ZOL8RTCPA3fPEfUiHMbJpMnxUGW%2B02OJA4d%2F80Nx9VJPUpQ%3D%3D||',0,'Dầu động cơ K2 TEXAR, ULTRA C3',400000,0,27,1);
INSERT INTO TBL_VEHICLE_PART(CREATED_AT,UPDATED_AT,DESCRIPTION,IMAGE_URLS,MONTHS_PER_MAINTENANCE,NAME,PRICE,MAINTENANCE_DURATION,CATEGORY_ID,PROVIDER_ID) VALUES ('2020-12-15 12:30:37','2020-12-15 12:30:37','Dung tích [lít]: 0,25 Trọng lượng [g]: 256 Trọng lượng [kg]: 1,18 Tình trạng: Mới','https://storage.googleapis.com/vrms-290212.appspot.com/abed46fc-3cf1-41b5-9523-09d4e4b41f91preview%20%286%29.jpg?GoogleAccessId=firebase-adminsdk-y2tzh@vrms-290212.iam.gserviceaccount.com&Expires=2472010236&Signature=XOOawH27o8giCu%2Bxt5neT7m75Isk6%2B8YaHn%2BOtbqYXGNxoElMZmNfH6pME9bkBCK%2BB%2Fc1IqciPssKLFBR0jCGHlxrJ%2FeaJD%2Bg2DWfBM9BDGVdMcIs3zOxrd45tQiXkzk9TAqFDy6YDhl%2F7%2BUlPWPGDJjcSbG%2BzGVrWIcT31Ypo5PM3DWVRDStAeumolkD3o8FHk3DcQkY8PK2BIxrJ8dM3HWnxPg7uV4yRBijd97%2FHJFgBDWzYzOnIri558MeTBa391R2nIkI91AQ%2BA4vPaxKgO62Nr3v%2FLTet0feOvmC94xms%2FvzmXtwap3awC2Q%2B2fnAxGzkDMyvU%2B59spJIFx3g%3D%3D||',0,'Dầu phanh A.B.S.',62000,0,125,1);
INSERT INTO TBL_VEHICLE_PART(CREATED_AT,UPDATED_AT,DESCRIPTION,IMAGE_URLS,MONTHS_PER_MAINTENANCE,NAME,PRICE,MAINTENANCE_DURATION,CATEGORY_ID,PROVIDER_ID) VALUES ('2020-12-15 12:33:27','2020-12-15 12:33:27','Dung tích [ml]: 250','https://storage.googleapis.com/vrms-290212.appspot.com/115ee634-2a08-4c38-8936-4d72eac1de8epreview%20%287%29.jpg?GoogleAccessId=firebase-adminsdk-y2tzh@vrms-290212.iam.gserviceaccount.com&Expires=2472010407&Signature=GM%2FFZcOKDPrk9o8ppQug1v%2BeK3mklIaaXfh%2FtVrIMg9HkX%2FhluKBQa5Fq07hmSkwmr7ZfCuqwwb58xiuWbuiKsyo4%2Bw8hSaJxan1oTuqEuwEDbax1QABw3yqOYz2dRtieeECggYEldRemVcbpIJuVFEPAyKunClFayl30d91USyR0wGlNJQGJvYUz1X466Vav4WDNxA4%2BVqYilcqN3dA9C0F52VppmddJuK3MgkXVmczoC%2BlAjLKRqU4vuChQEUOWNGw%2BIxJgBVXXnHjQOOdyBNv%2FEukHuPTbAWR6k7UbqHlsmBqSFiMfzlUfxRvylIUsjarTe5ZKWVl5%2FZzqUxNBA%3D%3D||',0,'Dầu phanh K2',93000,0,125,1);


INSERT INTO TBL_VEHICLE_PART_MODEL(VEHICLE_PART_ID,MODEL_ID) VALUES (1,1);
INSERT INTO TBL_VEHICLE_PART_MODEL(VEHICLE_PART_ID,MODEL_ID) VALUES (1,2);
INSERT INTO TBL_VEHICLE_PART_MODEL(VEHICLE_PART_ID,MODEL_ID) VALUES (1,3);
INSERT INTO TBL_VEHICLE_PART_MODEL(VEHICLE_PART_ID,MODEL_ID) VALUES (1,4);
INSERT INTO TBL_VEHICLE_PART_MODEL(VEHICLE_PART_ID,MODEL_ID) VALUES (1,5);
INSERT INTO TBL_VEHICLE_PART_MODEL(VEHICLE_PART_ID,MODEL_ID) VALUES (1,6);
INSERT INTO TBL_VEHICLE_PART_MODEL(VEHICLE_PART_ID,MODEL_ID) VALUES (1,7);
INSERT INTO TBL_VEHICLE_PART_MODEL(VEHICLE_PART_ID,MODEL_ID) VALUES (1,8);
INSERT INTO TBL_VEHICLE_PART_MODEL(VEHICLE_PART_ID,MODEL_ID) VALUES (1,9);
INSERT INTO TBL_VEHICLE_PART_MODEL(VEHICLE_PART_ID,MODEL_ID) VALUES (1,10);
INSERT INTO TBL_VEHICLE_PART_MODEL(VEHICLE_PART_ID,MODEL_ID) VALUES (2,1);
INSERT INTO TBL_VEHICLE_PART_MODEL(VEHICLE_PART_ID,MODEL_ID) VALUES (2,2);
INSERT INTO TBL_VEHICLE_PART_MODEL(VEHICLE_PART_ID,MODEL_ID) VALUES (2,3);
INSERT INTO TBL_VEHICLE_PART_MODEL(VEHICLE_PART_ID,MODEL_ID) VALUES (2,4);
INSERT INTO TBL_VEHICLE_PART_MODEL(VEHICLE_PART_ID,MODEL_ID) VALUES (2,5);
INSERT INTO TBL_VEHICLE_PART_MODEL(VEHICLE_PART_ID,MODEL_ID) VALUES (2,6);
INSERT INTO TBL_VEHICLE_PART_MODEL(VEHICLE_PART_ID,MODEL_ID) VALUES (2,7);
INSERT INTO TBL_VEHICLE_PART_MODEL(VEHICLE_PART_ID,MODEL_ID) VALUES (2,8);
INSERT INTO TBL_VEHICLE_PART_MODEL(VEHICLE_PART_ID,MODEL_ID) VALUES (2,9);
INSERT INTO TBL_VEHICLE_PART_MODEL(VEHICLE_PART_ID,MODEL_ID) VALUES (2,10);
INSERT INTO TBL_VEHICLE_PART_MODEL(VEHICLE_PART_ID,MODEL_ID) VALUES (3,1);
INSERT INTO TBL_VEHICLE_PART_MODEL(VEHICLE_PART_ID,MODEL_ID) VALUES (3,2);
INSERT INTO TBL_VEHICLE_PART_MODEL(VEHICLE_PART_ID,MODEL_ID) VALUES (3,3);
INSERT INTO TBL_VEHICLE_PART_MODEL(VEHICLE_PART_ID,MODEL_ID) VALUES (3,4);
INSERT INTO TBL_VEHICLE_PART_MODEL(VEHICLE_PART_ID,MODEL_ID) VALUES (3,5);
INSERT INTO TBL_VEHICLE_PART_MODEL(VEHICLE_PART_ID,MODEL_ID) VALUES (3,6);
INSERT INTO TBL_VEHICLE_PART_MODEL(VEHICLE_PART_ID,MODEL_ID) VALUES (3,7);
INSERT INTO TBL_VEHICLE_PART_MODEL(VEHICLE_PART_ID,MODEL_ID) VALUES (3,8);
INSERT INTO TBL_VEHICLE_PART_MODEL(VEHICLE_PART_ID,MODEL_ID) VALUES (3,9);
INSERT INTO TBL_VEHICLE_PART_MODEL(VEHICLE_PART_ID,MODEL_ID) VALUES (3,10);
INSERT INTO TBL_VEHICLE_PART_MODEL(VEHICLE_PART_ID,MODEL_ID) VALUES (4,1);
INSERT INTO TBL_VEHICLE_PART_MODEL(VEHICLE_PART_ID,MODEL_ID) VALUES (4,2);
INSERT INTO TBL_VEHICLE_PART_MODEL(VEHICLE_PART_ID,MODEL_ID) VALUES (4,3);
INSERT INTO TBL_VEHICLE_PART_MODEL(VEHICLE_PART_ID,MODEL_ID) VALUES (4,4);
INSERT INTO TBL_VEHICLE_PART_MODEL(VEHICLE_PART_ID,MODEL_ID) VALUES (4,5);
INSERT INTO TBL_VEHICLE_PART_MODEL(VEHICLE_PART_ID,MODEL_ID) VALUES (4,6);
INSERT INTO TBL_VEHICLE_PART_MODEL(VEHICLE_PART_ID,MODEL_ID) VALUES (4,7);
INSERT INTO TBL_VEHICLE_PART_MODEL(VEHICLE_PART_ID,MODEL_ID) VALUES (4,8);
INSERT INTO TBL_VEHICLE_PART_MODEL(VEHICLE_PART_ID,MODEL_ID) VALUES (4,9);
INSERT INTO TBL_VEHICLE_PART_MODEL(VEHICLE_PART_ID,MODEL_ID) VALUES (4,10);
INSERT INTO TBL_VEHICLE_PART_MODEL(VEHICLE_PART_ID,MODEL_ID) VALUES (5,1);
INSERT INTO TBL_VEHICLE_PART_MODEL(VEHICLE_PART_ID,MODEL_ID) VALUES (5,2);
INSERT INTO TBL_VEHICLE_PART_MODEL(VEHICLE_PART_ID,MODEL_ID) VALUES (5,3);
INSERT INTO TBL_VEHICLE_PART_MODEL(VEHICLE_PART_ID,MODEL_ID) VALUES (5,4);
INSERT INTO TBL_VEHICLE_PART_MODEL(VEHICLE_PART_ID,MODEL_ID) VALUES (5,5);
INSERT INTO TBL_VEHICLE_PART_MODEL(VEHICLE_PART_ID,MODEL_ID) VALUES (5,6);
INSERT INTO TBL_VEHICLE_PART_MODEL(VEHICLE_PART_ID,MODEL_ID) VALUES (5,7);
INSERT INTO TBL_VEHICLE_PART_MODEL(VEHICLE_PART_ID,MODEL_ID) VALUES (5,8);
INSERT INTO TBL_VEHICLE_PART_MODEL(VEHICLE_PART_ID,MODEL_ID) VALUES (5,9);
INSERT INTO TBL_VEHICLE_PART_MODEL(VEHICLE_PART_ID,MODEL_ID) VALUES (5,10);
INSERT INTO TBL_VEHICLE_PART_MODEL(VEHICLE_PART_ID,MODEL_ID) VALUES (6,1);
INSERT INTO TBL_VEHICLE_PART_MODEL(VEHICLE_PART_ID,MODEL_ID) VALUES (6,2);
INSERT INTO TBL_VEHICLE_PART_MODEL(VEHICLE_PART_ID,MODEL_ID) VALUES (6,3);
INSERT INTO TBL_VEHICLE_PART_MODEL(VEHICLE_PART_ID,MODEL_ID) VALUES (6,4);
INSERT INTO TBL_VEHICLE_PART_MODEL(VEHICLE_PART_ID,MODEL_ID) VALUES (6,5);
INSERT INTO TBL_VEHICLE_PART_MODEL(VEHICLE_PART_ID,MODEL_ID) VALUES (6,6);
INSERT INTO TBL_VEHICLE_PART_MODEL(VEHICLE_PART_ID,MODEL_ID) VALUES (6,7);
INSERT INTO TBL_VEHICLE_PART_MODEL(VEHICLE_PART_ID,MODEL_ID) VALUES (6,8);
INSERT INTO TBL_VEHICLE_PART_MODEL(VEHICLE_PART_ID,MODEL_ID) VALUES (6,9);
INSERT INTO TBL_VEHICLE_PART_MODEL(VEHICLE_PART_ID,MODEL_ID) VALUES (6,10);
INSERT INTO TBL_VEHICLE_PART_MODEL(VEHICLE_PART_ID,MODEL_ID) VALUES (7,1);
INSERT INTO TBL_VEHICLE_PART_MODEL(VEHICLE_PART_ID,MODEL_ID) VALUES (7,2);
INSERT INTO TBL_VEHICLE_PART_MODEL(VEHICLE_PART_ID,MODEL_ID) VALUES (7,3);
INSERT INTO TBL_VEHICLE_PART_MODEL(VEHICLE_PART_ID,MODEL_ID) VALUES (7,10);
INSERT INTO TBL_VEHICLE_PART_MODEL(VEHICLE_PART_ID,MODEL_ID) VALUES (8,1);
INSERT INTO TBL_VEHICLE_PART_MODEL(VEHICLE_PART_ID,MODEL_ID) VALUES (8,2);
INSERT INTO TBL_VEHICLE_PART_MODEL(VEHICLE_PART_ID,MODEL_ID) VALUES (8,3);
INSERT INTO TBL_VEHICLE_PART_MODEL(VEHICLE_PART_ID,MODEL_ID) VALUES (8,4);
INSERT INTO TBL_VEHICLE_PART_MODEL(VEHICLE_PART_ID,MODEL_ID) VALUES (8,5);
INSERT INTO TBL_VEHICLE_PART_MODEL(VEHICLE_PART_ID,MODEL_ID) VALUES (8,6);
INSERT INTO TBL_VEHICLE_PART_MODEL(VEHICLE_PART_ID,MODEL_ID) VALUES (8,7);
INSERT INTO TBL_VEHICLE_PART_MODEL(VEHICLE_PART_ID,MODEL_ID) VALUES (8,8);
INSERT INTO TBL_VEHICLE_PART_MODEL(VEHICLE_PART_ID,MODEL_ID) VALUES (8,9);
INSERT INTO TBL_VEHICLE_PART_MODEL(VEHICLE_PART_ID,MODEL_ID) VALUES (8,10);
INSERT INTO TBL_VEHICLE_PART_MODEL(VEHICLE_PART_ID,MODEL_ID) VALUES (9,1);
INSERT INTO TBL_VEHICLE_PART_MODEL(VEHICLE_PART_ID,MODEL_ID) VALUES (9,2);
INSERT INTO TBL_VEHICLE_PART_MODEL(VEHICLE_PART_ID,MODEL_ID) VALUES (9,3);
INSERT INTO TBL_VEHICLE_PART_MODEL(VEHICLE_PART_ID,MODEL_ID) VALUES (9,4);
INSERT INTO TBL_VEHICLE_PART_MODEL(VEHICLE_PART_ID,MODEL_ID) VALUES (9,5);
INSERT INTO TBL_VEHICLE_PART_MODEL(VEHICLE_PART_ID,MODEL_ID) VALUES (9,6);
INSERT INTO TBL_VEHICLE_PART_MODEL(VEHICLE_PART_ID,MODEL_ID) VALUES (9,7);
INSERT INTO TBL_VEHICLE_PART_MODEL(VEHICLE_PART_ID,MODEL_ID) VALUES (9,8);
INSERT INTO TBL_VEHICLE_PART_MODEL(VEHICLE_PART_ID,MODEL_ID) VALUES (9,9);
INSERT INTO TBL_VEHICLE_PART_MODEL(VEHICLE_PART_ID,MODEL_ID) VALUES (9,10);
INSERT INTO TBL_VEHICLE_PART_MODEL(VEHICLE_PART_ID,MODEL_ID) VALUES (10,1);
INSERT INTO TBL_VEHICLE_PART_MODEL(VEHICLE_PART_ID,MODEL_ID) VALUES (10,2);
INSERT INTO TBL_VEHICLE_PART_MODEL(VEHICLE_PART_ID,MODEL_ID) VALUES (10,3);
INSERT INTO TBL_VEHICLE_PART_MODEL(VEHICLE_PART_ID,MODEL_ID) VALUES (10,4);
INSERT INTO TBL_VEHICLE_PART_MODEL(VEHICLE_PART_ID,MODEL_ID) VALUES (10,5);
INSERT INTO TBL_VEHICLE_PART_MODEL(VEHICLE_PART_ID,MODEL_ID) VALUES (10,6);
INSERT INTO TBL_VEHICLE_PART_MODEL(VEHICLE_PART_ID,MODEL_ID) VALUES (10,7);
INSERT INTO TBL_VEHICLE_PART_MODEL(VEHICLE_PART_ID,MODEL_ID) VALUES (10,8);
INSERT INTO TBL_VEHICLE_PART_MODEL(VEHICLE_PART_ID,MODEL_ID) VALUES (10,9);
INSERT INTO TBL_VEHICLE_PART_MODEL(VEHICLE_PART_ID,MODEL_ID) VALUES (10,10);
INSERT INTO TBL_VEHICLE_PART_MODEL(VEHICLE_PART_ID,MODEL_ID) VALUES (11,1);
INSERT INTO TBL_VEHICLE_PART_MODEL(VEHICLE_PART_ID,MODEL_ID) VALUES (11,2);
INSERT INTO TBL_VEHICLE_PART_MODEL(VEHICLE_PART_ID,MODEL_ID) VALUES (11,3);
INSERT INTO TBL_VEHICLE_PART_MODEL(VEHICLE_PART_ID,MODEL_ID) VALUES (11,4);
INSERT INTO TBL_VEHICLE_PART_MODEL(VEHICLE_PART_ID,MODEL_ID) VALUES (11,5);
INSERT INTO TBL_VEHICLE_PART_MODEL(VEHICLE_PART_ID,MODEL_ID) VALUES (11,6);
INSERT INTO TBL_VEHICLE_PART_MODEL(VEHICLE_PART_ID,MODEL_ID) VALUES (11,7);
INSERT INTO TBL_VEHICLE_PART_MODEL(VEHICLE_PART_ID,MODEL_ID) VALUES (11,8);
INSERT INTO TBL_VEHICLE_PART_MODEL(VEHICLE_PART_ID,MODEL_ID) VALUES (11,9);
INSERT INTO TBL_VEHICLE_PART_MODEL(VEHICLE_PART_ID,MODEL_ID) VALUES (11,10);
INSERT INTO TBL_VEHICLE_PART_MODEL(VEHICLE_PART_ID,MODEL_ID) VALUES (13,1);
INSERT INTO TBL_VEHICLE_PART_MODEL(VEHICLE_PART_ID,MODEL_ID) VALUES (13,2);
INSERT INTO TBL_VEHICLE_PART_MODEL(VEHICLE_PART_ID,MODEL_ID) VALUES (13,3);
INSERT INTO TBL_VEHICLE_PART_MODEL(VEHICLE_PART_ID,MODEL_ID) VALUES (13,4);
INSERT INTO TBL_VEHICLE_PART_MODEL(VEHICLE_PART_ID,MODEL_ID) VALUES (13,5);
INSERT INTO TBL_VEHICLE_PART_MODEL(VEHICLE_PART_ID,MODEL_ID) VALUES (13,6);
INSERT INTO TBL_VEHICLE_PART_MODEL(VEHICLE_PART_ID,MODEL_ID) VALUES (13,7);
INSERT INTO TBL_VEHICLE_PART_MODEL(VEHICLE_PART_ID,MODEL_ID) VALUES (13,8);
INSERT INTO TBL_VEHICLE_PART_MODEL(VEHICLE_PART_ID,MODEL_ID) VALUES (13,9);
INSERT INTO TBL_VEHICLE_PART_MODEL(VEHICLE_PART_ID,MODEL_ID) VALUES (13,10);
INSERT INTO TBL_VEHICLE_PART_MODEL(VEHICLE_PART_ID,MODEL_ID) VALUES (14,1);
INSERT INTO TBL_VEHICLE_PART_MODEL(VEHICLE_PART_ID,MODEL_ID) VALUES (14,2);
INSERT INTO TBL_VEHICLE_PART_MODEL(VEHICLE_PART_ID,MODEL_ID) VALUES (14,3);
INSERT INTO TBL_VEHICLE_PART_MODEL(VEHICLE_PART_ID,MODEL_ID) VALUES (14,4);
INSERT INTO TBL_VEHICLE_PART_MODEL(VEHICLE_PART_ID,MODEL_ID) VALUES (14,5);
INSERT INTO TBL_VEHICLE_PART_MODEL(VEHICLE_PART_ID,MODEL_ID) VALUES (14,6);
INSERT INTO TBL_VEHICLE_PART_MODEL(VEHICLE_PART_ID,MODEL_ID) VALUES (14,7);
INSERT INTO TBL_VEHICLE_PART_MODEL(VEHICLE_PART_ID,MODEL_ID) VALUES (14,8);
INSERT INTO TBL_VEHICLE_PART_MODEL(VEHICLE_PART_ID,MODEL_ID) VALUES (14,9);
INSERT INTO TBL_VEHICLE_PART_MODEL(VEHICLE_PART_ID,MODEL_ID) VALUES (14,10);
INSERT INTO TBL_VEHICLE_PART_MODEL(VEHICLE_PART_ID,MODEL_ID) VALUES (16,1);
INSERT INTO TBL_VEHICLE_PART_MODEL(VEHICLE_PART_ID,MODEL_ID) VALUES (16,2);
INSERT INTO TBL_VEHICLE_PART_MODEL(VEHICLE_PART_ID,MODEL_ID) VALUES (16,3);
INSERT INTO TBL_VEHICLE_PART_MODEL(VEHICLE_PART_ID,MODEL_ID) VALUES (16,4);
INSERT INTO TBL_VEHICLE_PART_MODEL(VEHICLE_PART_ID,MODEL_ID) VALUES (16,5);
INSERT INTO TBL_VEHICLE_PART_MODEL(VEHICLE_PART_ID,MODEL_ID) VALUES (16,6);
INSERT INTO TBL_VEHICLE_PART_MODEL(VEHICLE_PART_ID,MODEL_ID) VALUES (16,7);
INSERT INTO TBL_VEHICLE_PART_MODEL(VEHICLE_PART_ID,MODEL_ID) VALUES (16,8);
INSERT INTO TBL_VEHICLE_PART_MODEL(VEHICLE_PART_ID,MODEL_ID) VALUES (16,9);
INSERT INTO TBL_VEHICLE_PART_MODEL(VEHICLE_PART_ID,MODEL_ID) VALUES (16,10);
INSERT INTO TBL_VEHICLE_PART_MODEL(VEHICLE_PART_ID,MODEL_ID) VALUES (17,1);
INSERT INTO TBL_VEHICLE_PART_MODEL(VEHICLE_PART_ID,MODEL_ID) VALUES (17,2);
INSERT INTO TBL_VEHICLE_PART_MODEL(VEHICLE_PART_ID,MODEL_ID) VALUES (17,3);
INSERT INTO TBL_VEHICLE_PART_MODEL(VEHICLE_PART_ID,MODEL_ID) VALUES (17,4);
INSERT INTO TBL_VEHICLE_PART_MODEL(VEHICLE_PART_ID,MODEL_ID) VALUES (17,5);
INSERT INTO TBL_VEHICLE_PART_MODEL(VEHICLE_PART_ID,MODEL_ID) VALUES (17,6);
INSERT INTO TBL_VEHICLE_PART_MODEL(VEHICLE_PART_ID,MODEL_ID) VALUES (17,7);
INSERT INTO TBL_VEHICLE_PART_MODEL(VEHICLE_PART_ID,MODEL_ID) VALUES (17,8);
INSERT INTO TBL_VEHICLE_PART_MODEL(VEHICLE_PART_ID,MODEL_ID) VALUES (17,9);
INSERT INTO TBL_VEHICLE_PART_MODEL(VEHICLE_PART_ID,MODEL_ID) VALUES (17,10);
INSERT INTO TBL_VEHICLE_PART_MODEL(VEHICLE_PART_ID,MODEL_ID) VALUES (18,1);
INSERT INTO TBL_VEHICLE_PART_MODEL(VEHICLE_PART_ID,MODEL_ID) VALUES (18,2);
INSERT INTO TBL_VEHICLE_PART_MODEL(VEHICLE_PART_ID,MODEL_ID) VALUES (18,3);
INSERT INTO TBL_VEHICLE_PART_MODEL(VEHICLE_PART_ID,MODEL_ID) VALUES (18,4);
INSERT INTO TBL_VEHICLE_PART_MODEL(VEHICLE_PART_ID,MODEL_ID) VALUES (18,5);
INSERT INTO TBL_VEHICLE_PART_MODEL(VEHICLE_PART_ID,MODEL_ID) VALUES (18,6);
INSERT INTO TBL_VEHICLE_PART_MODEL(VEHICLE_PART_ID,MODEL_ID) VALUES (18,7);
INSERT INTO TBL_VEHICLE_PART_MODEL(VEHICLE_PART_ID,MODEL_ID) VALUES (18,8);
INSERT INTO TBL_VEHICLE_PART_MODEL(VEHICLE_PART_ID,MODEL_ID) VALUES (18,9);
INSERT INTO TBL_VEHICLE_PART_MODEL(VEHICLE_PART_ID,MODEL_ID) VALUES (18,10);
INSERT INTO TBL_VEHICLE_PART_MODEL(VEHICLE_PART_ID,MODEL_ID) VALUES (19,1);
INSERT INTO TBL_VEHICLE_PART_MODEL(VEHICLE_PART_ID,MODEL_ID) VALUES (19,2);
INSERT INTO TBL_VEHICLE_PART_MODEL(VEHICLE_PART_ID,MODEL_ID) VALUES (19,3);
INSERT INTO TBL_VEHICLE_PART_MODEL(VEHICLE_PART_ID,MODEL_ID) VALUES (19,4);
INSERT INTO TBL_VEHICLE_PART_MODEL(VEHICLE_PART_ID,MODEL_ID) VALUES (19,5);
INSERT INTO TBL_VEHICLE_PART_MODEL(VEHICLE_PART_ID,MODEL_ID) VALUES (19,6);
INSERT INTO TBL_VEHICLE_PART_MODEL(VEHICLE_PART_ID,MODEL_ID) VALUES (19,7);
INSERT INTO TBL_VEHICLE_PART_MODEL(VEHICLE_PART_ID,MODEL_ID) VALUES (19,8);
INSERT INTO TBL_VEHICLE_PART_MODEL(VEHICLE_PART_ID,MODEL_ID) VALUES (19,9);
INSERT INTO TBL_VEHICLE_PART_MODEL(VEHICLE_PART_ID,MODEL_ID) VALUES (19,10);
INSERT INTO TBL_VEHICLE_PART_MODEL(VEHICLE_PART_ID,MODEL_ID) VALUES (20,1);
INSERT INTO TBL_VEHICLE_PART_MODEL(VEHICLE_PART_ID,MODEL_ID) VALUES (20,2);
INSERT INTO TBL_VEHICLE_PART_MODEL(VEHICLE_PART_ID,MODEL_ID) VALUES (20,3);
INSERT INTO TBL_VEHICLE_PART_MODEL(VEHICLE_PART_ID,MODEL_ID) VALUES (20,4);
INSERT INTO TBL_VEHICLE_PART_MODEL(VEHICLE_PART_ID,MODEL_ID) VALUES (20,5);
INSERT INTO TBL_VEHICLE_PART_MODEL(VEHICLE_PART_ID,MODEL_ID) VALUES (20,6);
INSERT INTO TBL_VEHICLE_PART_MODEL(VEHICLE_PART_ID,MODEL_ID) VALUES (20,7);
INSERT INTO TBL_VEHICLE_PART_MODEL(VEHICLE_PART_ID,MODEL_ID) VALUES (20,8);
INSERT INTO TBL_VEHICLE_PART_MODEL(VEHICLE_PART_ID,MODEL_ID) VALUES (20,9);
INSERT INTO TBL_VEHICLE_PART_MODEL(VEHICLE_PART_ID,MODEL_ID) VALUES (20,10);
INSERT INTO TBL_VEHICLE_PART_MODEL(VEHICLE_PART_ID,MODEL_ID) VALUES (20,11);
INSERT INTO TBL_VEHICLE_PART_MODEL(VEHICLE_PART_ID,MODEL_ID) VALUES (20,12);
INSERT INTO TBL_VEHICLE_PART_MODEL(VEHICLE_PART_ID,MODEL_ID) VALUES (20,13);
INSERT INTO TBL_VEHICLE_PART_MODEL(VEHICLE_PART_ID,MODEL_ID) VALUES (20,14);
INSERT INTO TBL_VEHICLE_PART_MODEL(VEHICLE_PART_ID,MODEL_ID) VALUES (20,15);
INSERT INTO TBL_VEHICLE_PART_MODEL(VEHICLE_PART_ID,MODEL_ID) VALUES (20,16);
INSERT INTO TBL_VEHICLE_PART_MODEL(VEHICLE_PART_ID,MODEL_ID) VALUES (20,17);
INSERT INTO TBL_VEHICLE_PART_MODEL(VEHICLE_PART_ID,MODEL_ID) VALUES (20,18);
INSERT INTO TBL_VEHICLE_PART_MODEL(VEHICLE_PART_ID,MODEL_ID) VALUES (20,19);
INSERT INTO TBL_VEHICLE_PART_MODEL(VEHICLE_PART_ID,MODEL_ID) VALUES (20,20);
INSERT INTO TBL_VEHICLE_PART_MODEL(VEHICLE_PART_ID,MODEL_ID) VALUES (21,1);
INSERT INTO TBL_VEHICLE_PART_MODEL(VEHICLE_PART_ID,MODEL_ID) VALUES (21,2);
INSERT INTO TBL_VEHICLE_PART_MODEL(VEHICLE_PART_ID,MODEL_ID) VALUES (21,3);
INSERT INTO TBL_VEHICLE_PART_MODEL(VEHICLE_PART_ID,MODEL_ID) VALUES (21,4);
INSERT INTO TBL_VEHICLE_PART_MODEL(VEHICLE_PART_ID,MODEL_ID) VALUES (21,5);
INSERT INTO TBL_VEHICLE_PART_MODEL(VEHICLE_PART_ID,MODEL_ID) VALUES (21,6);
INSERT INTO TBL_VEHICLE_PART_MODEL(VEHICLE_PART_ID,MODEL_ID) VALUES (21,7);
INSERT INTO TBL_VEHICLE_PART_MODEL(VEHICLE_PART_ID,MODEL_ID) VALUES (21,8);
INSERT INTO TBL_VEHICLE_PART_MODEL(VEHICLE_PART_ID,MODEL_ID) VALUES (21,9);
INSERT INTO TBL_VEHICLE_PART_MODEL(VEHICLE_PART_ID,MODEL_ID) VALUES (21,10);
INSERT INTO TBL_VEHICLE_PART_MODEL(VEHICLE_PART_ID,MODEL_ID) VALUES (23,1);
INSERT INTO TBL_VEHICLE_PART_MODEL(VEHICLE_PART_ID,MODEL_ID) VALUES (23,2);
INSERT INTO TBL_VEHICLE_PART_MODEL(VEHICLE_PART_ID,MODEL_ID) VALUES (23,3);
INSERT INTO TBL_VEHICLE_PART_MODEL(VEHICLE_PART_ID,MODEL_ID) VALUES (23,4);
INSERT INTO TBL_VEHICLE_PART_MODEL(VEHICLE_PART_ID,MODEL_ID) VALUES (23,5);
INSERT INTO TBL_VEHICLE_PART_MODEL(VEHICLE_PART_ID,MODEL_ID) VALUES (23,6);
INSERT INTO TBL_VEHICLE_PART_MODEL(VEHICLE_PART_ID,MODEL_ID) VALUES (23,7);
INSERT INTO TBL_VEHICLE_PART_MODEL(VEHICLE_PART_ID,MODEL_ID) VALUES (23,8);
INSERT INTO TBL_VEHICLE_PART_MODEL(VEHICLE_PART_ID,MODEL_ID) VALUES (23,9);
INSERT INTO TBL_VEHICLE_PART_MODEL(VEHICLE_PART_ID,MODEL_ID) VALUES (23,10);
INSERT INTO TBL_VEHICLE_PART_MODEL(VEHICLE_PART_ID,MODEL_ID) VALUES (23,11);
INSERT INTO TBL_VEHICLE_PART_MODEL(VEHICLE_PART_ID,MODEL_ID) VALUES (23,12);
INSERT INTO TBL_VEHICLE_PART_MODEL(VEHICLE_PART_ID,MODEL_ID) VALUES (23,13);
INSERT INTO TBL_VEHICLE_PART_MODEL(VEHICLE_PART_ID,MODEL_ID) VALUES (23,14);
INSERT INTO TBL_VEHICLE_PART_MODEL(VEHICLE_PART_ID,MODEL_ID) VALUES (23,15);
INSERT INTO TBL_VEHICLE_PART_MODEL(VEHICLE_PART_ID,MODEL_ID) VALUES (23,16);
INSERT INTO TBL_VEHICLE_PART_MODEL(VEHICLE_PART_ID,MODEL_ID) VALUES (23,17);
INSERT INTO TBL_VEHICLE_PART_MODEL(VEHICLE_PART_ID,MODEL_ID) VALUES (23,18);
INSERT INTO TBL_VEHICLE_PART_MODEL(VEHICLE_PART_ID,MODEL_ID) VALUES (23,19);
INSERT INTO TBL_VEHICLE_PART_MODEL(VEHICLE_PART_ID,MODEL_ID) VALUES (23,20);
INSERT INTO TBL_VEHICLE_PART_MODEL(VEHICLE_PART_ID,MODEL_ID) VALUES (24,1);
INSERT INTO TBL_VEHICLE_PART_MODEL(VEHICLE_PART_ID,MODEL_ID) VALUES (24,2);
INSERT INTO TBL_VEHICLE_PART_MODEL(VEHICLE_PART_ID,MODEL_ID) VALUES (24,3);
INSERT INTO TBL_VEHICLE_PART_MODEL(VEHICLE_PART_ID,MODEL_ID) VALUES (24,4);
INSERT INTO TBL_VEHICLE_PART_MODEL(VEHICLE_PART_ID,MODEL_ID) VALUES (24,5);
INSERT INTO TBL_VEHICLE_PART_MODEL(VEHICLE_PART_ID,MODEL_ID) VALUES (24,6);
INSERT INTO TBL_VEHICLE_PART_MODEL(VEHICLE_PART_ID,MODEL_ID) VALUES (24,7);
INSERT INTO TBL_VEHICLE_PART_MODEL(VEHICLE_PART_ID,MODEL_ID) VALUES (24,8);
INSERT INTO TBL_VEHICLE_PART_MODEL(VEHICLE_PART_ID,MODEL_ID) VALUES (24,9);
INSERT INTO TBL_VEHICLE_PART_MODEL(VEHICLE_PART_ID,MODEL_ID) VALUES (24,10);
INSERT INTO TBL_VEHICLE_PART_MODEL(VEHICLE_PART_ID,MODEL_ID) VALUES (25,1);
INSERT INTO TBL_VEHICLE_PART_MODEL(VEHICLE_PART_ID,MODEL_ID) VALUES (25,2);
INSERT INTO TBL_VEHICLE_PART_MODEL(VEHICLE_PART_ID,MODEL_ID) VALUES (25,3);
INSERT INTO TBL_VEHICLE_PART_MODEL(VEHICLE_PART_ID,MODEL_ID) VALUES (25,4);
INSERT INTO TBL_VEHICLE_PART_MODEL(VEHICLE_PART_ID,MODEL_ID) VALUES (25,5);
INSERT INTO TBL_VEHICLE_PART_MODEL(VEHICLE_PART_ID,MODEL_ID) VALUES (25,6);
INSERT INTO TBL_VEHICLE_PART_MODEL(VEHICLE_PART_ID,MODEL_ID) VALUES (25,7);
INSERT INTO TBL_VEHICLE_PART_MODEL(VEHICLE_PART_ID,MODEL_ID) VALUES (25,8);
INSERT INTO TBL_VEHICLE_PART_MODEL(VEHICLE_PART_ID,MODEL_ID) VALUES (25,9);
INSERT INTO TBL_VEHICLE_PART_MODEL(VEHICLE_PART_ID,MODEL_ID) VALUES (25,10);
INSERT INTO TBL_VEHICLE_PART_MODEL(VEHICLE_PART_ID,MODEL_ID) VALUES (26,1);
INSERT INTO TBL_VEHICLE_PART_MODEL(VEHICLE_PART_ID,MODEL_ID) VALUES (26,2);
INSERT INTO TBL_VEHICLE_PART_MODEL(VEHICLE_PART_ID,MODEL_ID) VALUES (26,3);
INSERT INTO TBL_VEHICLE_PART_MODEL(VEHICLE_PART_ID,MODEL_ID) VALUES (26,4);
INSERT INTO TBL_VEHICLE_PART_MODEL(VEHICLE_PART_ID,MODEL_ID) VALUES (26,5);
INSERT INTO TBL_VEHICLE_PART_MODEL(VEHICLE_PART_ID,MODEL_ID) VALUES (26,6);
INSERT INTO TBL_VEHICLE_PART_MODEL(VEHICLE_PART_ID,MODEL_ID) VALUES (26,7);
INSERT INTO TBL_VEHICLE_PART_MODEL(VEHICLE_PART_ID,MODEL_ID) VALUES (26,8);
INSERT INTO TBL_VEHICLE_PART_MODEL(VEHICLE_PART_ID,MODEL_ID) VALUES (26,9);
INSERT INTO TBL_VEHICLE_PART_MODEL(VEHICLE_PART_ID,MODEL_ID) VALUES (26,10);
INSERT INTO TBL_VEHICLE_PART_MODEL(VEHICLE_PART_ID,MODEL_ID) VALUES (27,1);
INSERT INTO TBL_VEHICLE_PART_MODEL(VEHICLE_PART_ID,MODEL_ID) VALUES (27,2);
INSERT INTO TBL_VEHICLE_PART_MODEL(VEHICLE_PART_ID,MODEL_ID) VALUES (27,3);
INSERT INTO TBL_VEHICLE_PART_MODEL(VEHICLE_PART_ID,MODEL_ID) VALUES (27,4);
INSERT INTO TBL_VEHICLE_PART_MODEL(VEHICLE_PART_ID,MODEL_ID) VALUES (27,5);
INSERT INTO TBL_VEHICLE_PART_MODEL(VEHICLE_PART_ID,MODEL_ID) VALUES (27,6);
INSERT INTO TBL_VEHICLE_PART_MODEL(VEHICLE_PART_ID,MODEL_ID) VALUES (27,7);
INSERT INTO TBL_VEHICLE_PART_MODEL(VEHICLE_PART_ID,MODEL_ID) VALUES (27,8);
INSERT INTO TBL_VEHICLE_PART_MODEL(VEHICLE_PART_ID,MODEL_ID) VALUES (27,9);
INSERT INTO TBL_VEHICLE_PART_MODEL(VEHICLE_PART_ID,MODEL_ID) VALUES (27,10);
INSERT INTO TBL_VEHICLE_PART_MODEL(VEHICLE_PART_ID,MODEL_ID) VALUES (27,11);
INSERT INTO TBL_VEHICLE_PART_MODEL(VEHICLE_PART_ID,MODEL_ID) VALUES (27,12);
INSERT INTO TBL_VEHICLE_PART_MODEL(VEHICLE_PART_ID,MODEL_ID) VALUES (27,13);
INSERT INTO TBL_VEHICLE_PART_MODEL(VEHICLE_PART_ID,MODEL_ID) VALUES (27,14);
INSERT INTO TBL_VEHICLE_PART_MODEL(VEHICLE_PART_ID,MODEL_ID) VALUES (27,15);
INSERT INTO TBL_VEHICLE_PART_MODEL(VEHICLE_PART_ID,MODEL_ID) VALUES (27,16);
INSERT INTO TBL_VEHICLE_PART_MODEL(VEHICLE_PART_ID,MODEL_ID) VALUES (27,17);
INSERT INTO TBL_VEHICLE_PART_MODEL(VEHICLE_PART_ID,MODEL_ID) VALUES (27,18);
INSERT INTO TBL_VEHICLE_PART_MODEL(VEHICLE_PART_ID,MODEL_ID) VALUES (27,19);
INSERT INTO TBL_VEHICLE_PART_MODEL(VEHICLE_PART_ID,MODEL_ID) VALUES (27,20);


INSERT INTO TBL_MODEL_GROUP(ID,DESCRIPTION,NAME,PROVIDER_ID) VALUES (1,NULL,NULL,NULL);
INSERT INTO TBL_MODEL_GROUP(ID,DESCRIPTION,NAME,PROVIDER_ID) VALUES (2,NULL,NULL,NULL);
INSERT INTO TBL_MODEL_GROUP(ID,DESCRIPTION,NAME,PROVIDER_ID) VALUES (3,NULL,NULL,NULL);
INSERT INTO TBL_MODEL_GROUP(ID,DESCRIPTION,NAME,PROVIDER_ID) VALUES (4,NULL,NULL,NULL);
INSERT INTO TBL_MODEL_GROUP(ID,DESCRIPTION,NAME,PROVIDER_ID) VALUES (5,NULL,NULL,NULL);
INSERT INTO TBL_MODEL_GROUP(ID,DESCRIPTION,NAME,PROVIDER_ID) VALUES (6,NULL,NULL,NULL);
INSERT INTO TBL_MODEL_GROUP(ID,DESCRIPTION,NAME,PROVIDER_ID) VALUES (7,NULL,NULL,NULL);


INSERT INTO TBL_MODEL_GROUP_TYPE(MODEL_GROUP_ID,MODEL_ID) VALUES (1,1);
INSERT INTO TBL_MODEL_GROUP_TYPE(MODEL_GROUP_ID,MODEL_ID) VALUES (1,2);
INSERT INTO TBL_MODEL_GROUP_TYPE(MODEL_GROUP_ID,MODEL_ID) VALUES (1,3);
INSERT INTO TBL_MODEL_GROUP_TYPE(MODEL_GROUP_ID,MODEL_ID) VALUES (1,4);
INSERT INTO TBL_MODEL_GROUP_TYPE(MODEL_GROUP_ID,MODEL_ID) VALUES (1,5);
INSERT INTO TBL_MODEL_GROUP_TYPE(MODEL_GROUP_ID,MODEL_ID) VALUES (1,6);
INSERT INTO TBL_MODEL_GROUP_TYPE(MODEL_GROUP_ID,MODEL_ID) VALUES (1,7);
INSERT INTO TBL_MODEL_GROUP_TYPE(MODEL_GROUP_ID,MODEL_ID) VALUES (1,8);
INSERT INTO TBL_MODEL_GROUP_TYPE(MODEL_GROUP_ID,MODEL_ID) VALUES (2,22);
INSERT INTO TBL_MODEL_GROUP_TYPE(MODEL_GROUP_ID,MODEL_ID) VALUES (2,23);
INSERT INTO TBL_MODEL_GROUP_TYPE(MODEL_GROUP_ID,MODEL_ID) VALUES (3,1);
INSERT INTO TBL_MODEL_GROUP_TYPE(MODEL_GROUP_ID,MODEL_ID) VALUES (3,2);
INSERT INTO TBL_MODEL_GROUP_TYPE(MODEL_GROUP_ID,MODEL_ID) VALUES (3,3);
INSERT INTO TBL_MODEL_GROUP_TYPE(MODEL_GROUP_ID,MODEL_ID) VALUES (3,4);
INSERT INTO TBL_MODEL_GROUP_TYPE(MODEL_GROUP_ID,MODEL_ID) VALUES (3,5);
INSERT INTO TBL_MODEL_GROUP_TYPE(MODEL_GROUP_ID,MODEL_ID) VALUES (3,6);
INSERT INTO TBL_MODEL_GROUP_TYPE(MODEL_GROUP_ID,MODEL_ID) VALUES (3,7);
INSERT INTO TBL_MODEL_GROUP_TYPE(MODEL_GROUP_ID,MODEL_ID) VALUES (4,23);
INSERT INTO TBL_MODEL_GROUP_TYPE(MODEL_GROUP_ID,MODEL_ID) VALUES (4,25);
INSERT INTO TBL_MODEL_GROUP_TYPE(MODEL_GROUP_ID,MODEL_ID) VALUES (5,1);
INSERT INTO TBL_MODEL_GROUP_TYPE(MODEL_GROUP_ID,MODEL_ID) VALUES (5,2);
INSERT INTO TBL_MODEL_GROUP_TYPE(MODEL_GROUP_ID,MODEL_ID) VALUES (5,3);
INSERT INTO TBL_MODEL_GROUP_TYPE(MODEL_GROUP_ID,MODEL_ID) VALUES (5,4);
INSERT INTO TBL_MODEL_GROUP_TYPE(MODEL_GROUP_ID,MODEL_ID) VALUES (5,5);
INSERT INTO TBL_MODEL_GROUP_TYPE(MODEL_GROUP_ID,MODEL_ID) VALUES (5,6);
INSERT INTO TBL_MODEL_GROUP_TYPE(MODEL_GROUP_ID,MODEL_ID) VALUES (6,1);
INSERT INTO TBL_MODEL_GROUP_TYPE(MODEL_GROUP_ID,MODEL_ID) VALUES (6,2);
INSERT INTO TBL_MODEL_GROUP_TYPE(MODEL_GROUP_ID,MODEL_ID) VALUES (6,3);
INSERT INTO TBL_MODEL_GROUP_TYPE(MODEL_GROUP_ID,MODEL_ID) VALUES (6,4);
INSERT INTO TBL_MODEL_GROUP_TYPE(MODEL_GROUP_ID,MODEL_ID) VALUES (6,5);
INSERT INTO TBL_MODEL_GROUP_TYPE(MODEL_GROUP_ID,MODEL_ID) VALUES (6,6);
INSERT INTO TBL_MODEL_GROUP_TYPE(MODEL_GROUP_ID,MODEL_ID) VALUES (7,1);
INSERT INTO TBL_MODEL_GROUP_TYPE(MODEL_GROUP_ID,MODEL_ID) VALUES (7,2);
INSERT INTO TBL_MODEL_GROUP_TYPE(MODEL_GROUP_ID,MODEL_ID) VALUES (7,3);
INSERT INTO TBL_MODEL_GROUP_TYPE(MODEL_GROUP_ID,MODEL_ID) VALUES (7,4);
INSERT INTO TBL_MODEL_GROUP_TYPE(MODEL_GROUP_ID,MODEL_ID) VALUES (7,5);
INSERT INTO TBL_MODEL_GROUP_TYPE(MODEL_GROUP_ID,MODEL_ID) VALUES (7,6);


INSERT INTO TBL_SERVICE(PRICE,GROUP_ID,PROVIDER_ID,TYPE_ID) VALUES (20000,1,1,27);
INSERT INTO TBL_SERVICE(PRICE,GROUP_ID,PROVIDER_ID,TYPE_ID) VALUES (30000,2,1,27);
INSERT INTO TBL_SERVICE(PRICE,GROUP_ID,PROVIDER_ID,TYPE_ID) VALUES (20000,3,1,7);
INSERT INTO TBL_SERVICE(PRICE,GROUP_ID,PROVIDER_ID,TYPE_ID) VALUES (30000,4,1,7);
INSERT INTO TBL_SERVICE(PRICE,GROUP_ID,PROVIDER_ID,TYPE_ID) VALUES (20000,5,1,6);
INSERT INTO TBL_SERVICE(PRICE,GROUP_ID,PROVIDER_ID,TYPE_ID) VALUES (100000,6,1,8);
INSERT INTO TBL_SERVICE(PRICE,GROUP_ID,PROVIDER_ID,TYPE_ID) VALUES (20000,7,1,76);
INSERT INTO TBL_SERVICE(PRICE,GROUP_ID,PROVIDER_ID,TYPE_ID) VALUES (50000,1,2,27);
INSERT INTO TBL_SERVICE(PRICE,GROUP_ID,PROVIDER_ID,TYPE_ID) VALUES (110000,2,2,27);
INSERT INTO TBL_SERVICE(PRICE,GROUP_ID,PROVIDER_ID,TYPE_ID) VALUES (60000,3,2,7);
INSERT INTO TBL_SERVICE(PRICE,GROUP_ID,PROVIDER_ID,TYPE_ID) VALUES (50000,4,2,7);
INSERT INTO TBL_SERVICE(PRICE,GROUP_ID,PROVIDER_ID,TYPE_ID) VALUES (90000,5,2,6);
INSERT INTO TBL_SERVICE(PRICE,GROUP_ID,PROVIDER_ID,TYPE_ID) VALUES (70000,6,2,8);
INSERT INTO TBL_SERVICE(PRICE,GROUP_ID,PROVIDER_ID,TYPE_ID) VALUES (110000,7,2,76);
INSERT INTO TBL_SERVICE(PRICE,GROUP_ID,PROVIDER_ID,TYPE_ID) VALUES (90000,1,3,27);
INSERT INTO TBL_SERVICE(PRICE,GROUP_ID,PROVIDER_ID,TYPE_ID) VALUES (90000,2,3,27);
INSERT INTO TBL_SERVICE(PRICE,GROUP_ID,PROVIDER_ID,TYPE_ID) VALUES (100000,3,3,7);
INSERT INTO TBL_SERVICE(PRICE,GROUP_ID,PROVIDER_ID,TYPE_ID) VALUES (110000,4,3,7);
INSERT INTO TBL_SERVICE(PRICE,GROUP_ID,PROVIDER_ID,TYPE_ID) VALUES (120000,5,3,6);
INSERT INTO TBL_SERVICE(PRICE,GROUP_ID,PROVIDER_ID,TYPE_ID) VALUES (110000,6,3,8);
INSERT INTO TBL_SERVICE(PRICE,GROUP_ID,PROVIDER_ID,TYPE_ID) VALUES (60000,7,3,76);
INSERT INTO TBL_SERVICE(PRICE,GROUP_ID,PROVIDER_ID,TYPE_ID) VALUES (70000,1,4,27);
INSERT INTO TBL_SERVICE(PRICE,GROUP_ID,PROVIDER_ID,TYPE_ID) VALUES (120000,2,4,27);
INSERT INTO TBL_SERVICE(PRICE,GROUP_ID,PROVIDER_ID,TYPE_ID) VALUES (30000,3,4,7);
INSERT INTO TBL_SERVICE(PRICE,GROUP_ID,PROVIDER_ID,TYPE_ID) VALUES (100000,4,4,7);
INSERT INTO TBL_SERVICE(PRICE,GROUP_ID,PROVIDER_ID,TYPE_ID) VALUES (40000,5,4,6);
INSERT INTO TBL_SERVICE(PRICE,GROUP_ID,PROVIDER_ID,TYPE_ID) VALUES (40000,6,4,8);
INSERT INTO TBL_SERVICE(PRICE,GROUP_ID,PROVIDER_ID,TYPE_ID) VALUES (80000,7,4,76);


INSERT INTO TBL_VEHICLE(COLOR,PLATE_NUMBER,VIN_NUMBER,VEHICLE_TYPE_ID,USER_ID) VALUES ('Red','69B4200',6942069420,1,21);
INSERT INTO TBL_VEHICLE(COLOR,PLATE_NUMBER,VIN_NUMBER,VEHICLE_TYPE_ID,USER_ID) VALUES ('Red','59B4682',3651726353,1,22);
INSERT INTO TBL_VEHICLE(COLOR,PLATE_NUMBER,VIN_NUMBER,VEHICLE_TYPE_ID,USER_ID) VALUES ('Red','54B53215',245623613,2,23);
INSERT INTO TBL_VEHICLE(COLOR,PLATE_NUMBER,VIN_NUMBER,VEHICLE_TYPE_ID,USER_ID) VALUES ('Red','54B9099',65436232341,2,24);
INSERT INTO TBL_VEHICLE(COLOR,PLATE_NUMBER,VIN_NUMBER,VEHICLE_TYPE_ID,USER_ID) VALUES ('Red','54B1239',1254125521,2,25);

