INSERT INTO TBL_SERVICE_TYPE(id,name) VALUES (1,'Kiểm tra');
INSERT INTO TBL_SERVICE_TYPE(id,name) VALUES (2,'Vệ sinh');
INSERT INTO TBL_SERVICE_TYPE(id,name) VALUES (3,'Thay thế và lắp ráp');

INSERT INTO TBL_PART_SECTION(id,name) VALUES (14,'Hệ thống phanh');
INSERT INTO TBL_PART_SECTION(id,name) VALUES (15,'Bộ lọc');
INSERT INTO TBL_PART_SECTION(id,name) VALUES (1,'Thân xe');
INSERT INTO TBL_PART_SECTION(id,name) VALUES (2,'Động cơ');
INSERT INTO TBL_PART_SECTION(id,name) VALUES (3,'Hệ thống lò xo');
INSERT INTO TBL_PART_SECTION(id,name) VALUES (4,'Giảm sóc');
INSERT INTO TBL_PART_SECTION(id,name) VALUES (5,'Truyền động');
INSERT INTO TBL_PART_SECTION(id,name) VALUES (6,'Hệ thống rửa kính');
INSERT INTO TBL_PART_SECTION(id,name) VALUES (7,'Hệ thống đánh lửa');
INSERT INTO TBL_PART_SECTION(id,name) VALUES (8,'Hệ Thống làm lạnh');
INSERT INTO TBL_PART_SECTION(id,name) VALUES (9,'Hệ thống ống xả');
INSERT INTO TBL_PART_SECTION(id,name) VALUES (10,'Thiết bị lái');
INSERT INTO TBL_PART_SECTION(id,name) VALUES (11,'Bánh xe');
INSERT INTO TBL_PART_SECTION(id,name) VALUES (12,'Nội thất');
INSERT INTO TBL_PART_SECTION(id,name) VALUES (13,'Thiết bị khác');
INSERT INTO TBL_PART_SECTION(id,name) VALUES (16,'Bánh xe');
INSERT INTO TBL_PART_SECTION(id,name) VALUES (17,'Dầu xe hơi và nước làm mát');
INSERT INTO TBL_PART_SECTION(id,name) VALUES (18,'Cửa, kính chắn gió, cần gạt nước');
INSERT INTO TBL_PART_SECTION(id,name) VALUES (19,'Ắc quy, hệ thống phanh');
INSERT INTO TBL_PART_SECTION(id,name) VALUES (20,'Hệ thống đèn');
INSERT INTO TBL_PART_SECTION(id,name) VALUES (21,'Nội thất');
INSERT INTO TBL_PART_SECTION(id,name) VALUES (22,'Ngoại thất');

INSERT INTO TBL_PART_CATEGORY(id,name) VALUES (1,'Đuôi xe');
INSERT INTO TBL_PART_CATEGORY(id,name) VALUES (2,'Kính chiếu hậu');
INSERT INTO TBL_PART_CATEGORY(id,name) VALUES (3,'Đèn hậu');
INSERT INTO TBL_PART_CATEGORY(id,name) VALUES (4,'Đèn đầu');
INSERT INTO TBL_PART_CATEGORY(id,name) VALUES (5,'Xi nhan');
INSERT INTO TBL_PART_CATEGORY(id,name) VALUES (6,'Đèn biển số');
INSERT INTO TBL_PART_CATEGORY(id,name) VALUES (7,'Đèn sương mù');
INSERT INTO TBL_PART_CATEGORY(id,name) VALUES (8,'Gương kính chiếu hậu');
INSERT INTO TBL_PART_CATEGORY(id,name) VALUES (9,'Tay nắm cửa');
INSERT INTO TBL_PART_CATEGORY(id,name) VALUES (10,'Lưới tản nhiệt');
INSERT INTO TBL_PART_CATEGORY(id,name) VALUES (11,'Thanh cản va');
INSERT INTO TBL_PART_CATEGORY(id,name) VALUES (12,'Vỏ gương cánh');
INSERT INTO TBL_PART_CATEGORY(id,name) VALUES (13,'Mui xe');
INSERT INTO TBL_PART_CATEGORY(id,name) VALUES (14,'Đèn phanh thứ 3');
INSERT INTO TBL_PART_CATEGORY(id,name) VALUES (15,'Cửa xe');
INSERT INTO TBL_PART_CATEGORY(id,name) VALUES (16,'Thanh kéo');
INSERT INTO TBL_PART_CATEGORY(id,name) VALUES (17,'Khuôn đúc');
INSERT INTO TBL_PART_CATEGORY(id,name) VALUES (18,'Bảng hỗ trợ tản nhiệt');
INSERT INTO TBL_PART_CATEGORY(id,name) VALUES (19,'Panô cân bằng');
INSERT INTO TBL_PART_CATEGORY(id,name) VALUES (20,'Hệ thống khóa trung tâm');
INSERT INTO TBL_PART_CATEGORY(id,name) VALUES (21,'Khóa cửa');
INSERT INTO TBL_PART_CATEGORY(id,name) VALUES (22,'Đèn ban ngày');
INSERT INTO TBL_PART_CATEGORY(id,name) VALUES (23,'Tấm chắn động cơ');
INSERT INTO TBL_PART_CATEGORY(id,name) VALUES (24,'Đèn thắng');
INSERT INTO TBL_PART_CATEGORY(id,name) VALUES (25,'Kính chắn gió');
INSERT INTO TBL_PART_CATEGORY(id,name) VALUES (26,'Khung cabin');
INSERT INTO TBL_PART_CATEGORY(id,name) VALUES (27,'Dầu động cơ');
INSERT INTO TBL_PART_CATEGORY(id,name) VALUES (28,'Khung giá động cơ');
INSERT INTO TBL_PART_CATEGORY(id,name) VALUES (29,'Nút xả dầu');
INSERT INTO TBL_PART_CATEGORY(id,name) VALUES (30,'Bu lông đầu xi lanh');
INSERT INTO TBL_PART_CATEGORY(id,name) VALUES (31,'Nắp thông hơi cạt-te');
INSERT INTO TBL_PART_CATEGORY(id,name) VALUES (32,'Bể chứa dầu');
INSERT INTO TBL_PART_CATEGORY(id,name) VALUES (33,'Nắp lọc dầu');
INSERT INTO TBL_PART_CATEGORY(id,name) VALUES (34,'Ổ trục con');
INSERT INTO TBL_PART_CATEGORY(id,name) VALUES (35,'Con đội xú páp');
INSERT INTO TBL_PART_CATEGORY(id,name) VALUES (36,'Xéc măng pít tông');
INSERT INTO TBL_PART_CATEGORY(id,name) VALUES (37,'Cảm biến mực dầu');
INSERT INTO TBL_PART_CATEGORY(id,name) VALUES (38,'Xú páp thải');
INSERT INTO TBL_PART_CATEGORY(id,name) VALUES (39,'Ổ đỡ trục khuỷu');
INSERT INTO TBL_PART_CATEGORY(id,name) VALUES (40,'Trục cò mổ');
INSERT INTO TBL_PART_CATEGORY(id,name) VALUES (41,'Trục phân phối');
INSERT INTO TBL_PART_CATEGORY(id,name) VALUES (42,'Pittông');
INSERT INTO TBL_PART_CATEGORY(id,name) VALUES (43,'Ống dẫn khí nạp');
INSERT INTO TBL_PART_CATEGORY(id,name) VALUES (44,'Băng dẫn động');
INSERT INTO TBL_PART_CATEGORY(id,name) VALUES (45,'Nắp xilanh');
INSERT INTO TBL_PART_CATEGORY(id,name) VALUES (46,'Máy bơm không khí thứ cấp');
INSERT INTO TBL_PART_CATEGORY(id,name) VALUES (47,'Trục khuỷu');
INSERT INTO TBL_PART_CATEGORY(id,name) VALUES (48,'Ổ lăn bánh xe');
INSERT INTO TBL_PART_CATEGORY(id,name) VALUES (49,'Cần điều kiển');
INSERT INTO TBL_PART_CATEGORY(id,name) VALUES (50,'Ổ trục bánh xe');
INSERT INTO TBL_PART_CATEGORY(id,name) VALUES (51,'Bu lông bánh xe');
INSERT INTO TBL_PART_CATEGORY(id,name) VALUES (52,'Ống lót ổ trục');
INSERT INTO TBL_PART_CATEGORY(id,name) VALUES (53,'Đệm bánh xe');
INSERT INTO TBL_PART_CATEGORY(id,name) VALUES (54,'Trục khớp nối dẫn hướng');
INSERT INTO TBL_PART_CATEGORY(id,name) VALUES (55,'Thanh chống cuộn');
INSERT INTO TBL_PART_CATEGORY(id,name) VALUES (56,'Nhíp chống sốc');
INSERT INTO TBL_PART_CATEGORY(id,name) VALUES (57,'Lò xo xoắn ốc');
INSERT INTO TBL_PART_CATEGORY(id,name) VALUES (58,'Chụp lò xo');
INSERT INTO TBL_PART_CATEGORY(id,name) VALUES (59,'Lá nhíp');
INSERT INTO TBL_PART_CATEGORY(id,name) VALUES (60,'Hệ thống treo khí');
INSERT INTO TBL_PART_CATEGORY(id,name) VALUES (61,'Vành đai cao su V ribbed');
INSERT INTO TBL_PART_CATEGORY(id,name) VALUES (62,'Máy bơm nước');
INSERT INTO TBL_PART_CATEGORY(id,name) VALUES (63,'Vành đai cao su');
INSERT INTO TBL_PART_CATEGORY(id,name) VALUES (64,'Vành đai thời gian');
INSERT INTO TBL_PART_CATEGORY(id,name) VALUES (65,'Vành đai dâu poli');
INSERT INTO TBL_PART_CATEGORY(id,name) VALUES (66,'Ròng rọc');
INSERT INTO TBL_PART_CATEGORY(id,name) VALUES (67,'Đai cam');
INSERT INTO TBL_PART_CATEGORY(id,name) VALUES (68,'Dây xích truyền động trục cam');
INSERT INTO TBL_PART_CATEGORY(id,name) VALUES (69,'Bánh dẫn hướng');
INSERT INTO TBL_PART_CATEGORY(id,name) VALUES (70,'Khăn lau kính');
INSERT INTO TBL_PART_CATEGORY(id,name) VALUES (71,'Cần gạt nước');
INSERT INTO TBL_PART_CATEGORY(id,name) VALUES (72,'Động cơ lau');
INSERT INTO TBL_PART_CATEGORY(id,name) VALUES (73,'Phần nối gạt nước');
INSERT INTO TBL_PART_CATEGORY(id,name) VALUES (74,'Bộ phun nước');
INSERT INTO TBL_PART_CATEGORY(id,name) VALUES (75,'Bể chứa nước');
INSERT INTO TBL_PART_CATEGORY(id,name) VALUES (76,'Bugi');
INSERT INTO TBL_PART_CATEGORY(id,name) VALUES (77,'Cuộn đánh lửa');
INSERT INTO TBL_PART_CATEGORY(id,name) VALUES (78,'bugi xông khi khởi động');
INSERT INTO TBL_PART_CATEGORY(id,name) VALUES (79,'Dây cao áp');
INSERT INTO TBL_PART_CATEGORY(id,name) VALUES (80,'Nắp phân điện');
INSERT INTO TBL_PART_CATEGORY(id,name) VALUES (81,'Rờ le bu gi sấy nóng');
INSERT INTO TBL_PART_CATEGORY(id,name) VALUES (82,'Bộ phân phối đánh lửa');
INSERT INTO TBL_PART_CATEGORY(id,name) VALUES (83,'Bộ điều nhiệt động cơ');
INSERT INTO TBL_PART_CATEGORY(id,name) VALUES (84,'Bơm nước');
INSERT INTO TBL_PART_CATEGORY(id,name) VALUES (85,'Bộ hạ nhiệt máy');
INSERT INTO TBL_PART_CATEGORY(id,name) VALUES (86,'Cảm biến nước làm mát');
INSERT INTO TBL_PART_CATEGORY(id,name) VALUES (87,'Thùng giãn nở chất làm mát');
INSERT INTO TBL_PART_CATEGORY(id,name) VALUES (88,'Nắp thùng giãn nở');
INSERT INTO TBL_PART_CATEGORY(id,name) VALUES (89,'Thiết bị làm mát sử dụng động cơ đốt trong');
INSERT INTO TBL_PART_CATEGORY(id,name) VALUES (90,'Mô tơ quạt két nước');
INSERT INTO TBL_PART_CATEGORY(id,name) VALUES (91,'Bộ làm mát dầu');
INSERT INTO TBL_PART_CATEGORY(id,name) VALUES (92,'Quạt ly hợp');
INSERT INTO TBL_PART_CATEGORY(id,name) VALUES (93,'Bộ giảm thanh phía sau');
INSERT INTO TBL_PART_CATEGORY(id,name) VALUES (94,'Van EGR');
INSERT INTO TBL_PART_CATEGORY(id,name) VALUES (95,'Miếng đệm khí thải');
INSERT INTO TBL_PART_CATEGORY(id,name) VALUES (96,'Móc xả');
INSERT INTO TBL_PART_CATEGORY(id,name) VALUES (97,'Kẹp xả');
INSERT INTO TBL_PART_CATEGORY(id,name) VALUES (98,'Ống xả');
INSERT INTO TBL_PART_CATEGORY(id,name) VALUES (99,'Tấm chắn nhiệt');
INSERT INTO TBL_PART_CATEGORY(id,name) VALUES (100,'Ống bô');
INSERT INTO TBL_PART_CATEGORY(id,name) VALUES (101,'Đầu rô tuyn');
INSERT INTO TBL_PART_CATEGORY(id,name) VALUES (102,'Ro-tuyn');
INSERT INTO TBL_PART_CATEGORY(id,name) VALUES (103,'Bơm trợ lực lái');
INSERT INTO TBL_PART_CATEGORY(id,name) VALUES (104,'Dầu tuabin');
INSERT INTO TBL_PART_CATEGORY(id,name) VALUES (105,'Thước lái');
INSERT INTO TBL_PART_CATEGORY(id,name) VALUES (106,'Thanh cân bằng');
INSERT INTO TBL_PART_CATEGORY(id,name) VALUES (107,'Bót lái');
INSERT INTO TBL_PART_CATEGORY(id,name) VALUES (108,'Vô lăng');
INSERT INTO TBL_PART_CATEGORY(id,name) VALUES (109,'Chân ga');
INSERT INTO TBL_PART_CATEGORY(id,name) VALUES (110,'Bàn đạp phanh');
INSERT INTO TBL_PART_CATEGORY(id,name) VALUES (111,'Cần số');
INSERT INTO TBL_PART_CATEGORY(id,name) VALUES (112,'Lazang');
INSERT INTO TBL_PART_CATEGORY(id,name) VALUES (113,'Lốp xe');
INSERT INTO TBL_PART_CATEGORY(id,name) VALUES (114,'Cảm biến lốp');
INSERT INTO TBL_PART_CATEGORY(id,name) VALUES (115,'Màn hình');
INSERT INTO TBL_PART_CATEGORY(id,name) VALUES (116,'Đồng hồ đo');
INSERT INTO TBL_PART_CATEGORY(id,name) VALUES (117,'Còi');
INSERT INTO TBL_PART_CATEGORY(id,name) VALUES (118,'Kính chiếu hậu');
INSERT INTO TBL_PART_CATEGORY(id,name) VALUES (119,'Camera hành trình');
INSERT INTO TBL_PART_CATEGORY(id,name) VALUES (120,'Camera 360');
INSERT INTO TBL_PART_CATEGORY(id,name) VALUES (121,'Thiết bị GPS');
INSERT INTO TBL_PART_CATEGORY(id,name) VALUES (122,'Má thắng');
INSERT INTO TBL_PART_CATEGORY(id,name) VALUES (123,'Bộ kẹp phanh');
INSERT INTO TBL_PART_CATEGORY(id,name) VALUES (124,'Dĩa thắng');
INSERT INTO TBL_PART_CATEGORY(id,name) VALUES (125,'Dầu thắng');
INSERT INTO TBL_PART_CATEGORY(id,name) VALUES (126,'Cảm biến ABS');
INSERT INTO TBL_PART_CATEGORY(id,name) VALUES (127,'Ống phanh');
INSERT INTO TBL_PART_CATEGORY(id,name) VALUES (128,'Cảm biến mòn má phanh');
INSERT INTO TBL_PART_CATEGORY(id,name) VALUES (129,'Cáp phanh tay');
INSERT INTO TBL_PART_CATEGORY(id,name) VALUES (130,'Bu lông kẹp phanh');
INSERT INTO TBL_PART_CATEGORY(id,name) VALUES (131,'Xi lanh bánh xe');
INSERT INTO TBL_PART_CATEGORY(id,name) VALUES (132,'Đĩa phanh sau');
INSERT INTO TBL_PART_CATEGORY(id,name) VALUES (133,'Phanh tang trống');
INSERT INTO TBL_PART_CATEGORY(id,name) VALUES (134,'Phanh servo');
INSERT INTO TBL_PART_CATEGORY(id,name) VALUES (135,'Thùng chất lỏng');
INSERT INTO TBL_PART_CATEGORY(id,name) VALUES (136,'Bơm abs');
INSERT INTO TBL_PART_CATEGORY(id,name) VALUES (137,'Bộ điều chỉnh lực phanh');
INSERT INTO TBL_PART_CATEGORY(id,name) VALUES (138,'Bộ lọc gió');
INSERT INTO TBL_PART_CATEGORY(id,name) VALUES (139,'Bộ lọc nhiên liệu');

INSERT INTO TBL_SERVICE_TYPE_DETAIL(id,SECTION_ID,PART_CATEGORY_ID,TYPE_ID) VALUES (1,1,1,3);
INSERT INTO TBL_SERVICE_TYPE_DETAIL(id,SECTION_ID,PART_CATEGORY_ID,TYPE_ID) VALUES (2,1,2,3);
INSERT INTO TBL_SERVICE_TYPE_DETAIL(id,SECTION_ID,PART_CATEGORY_ID,TYPE_ID) VALUES (3,1,3,3);
INSERT INTO TBL_SERVICE_TYPE_DETAIL(id,SECTION_ID,PART_CATEGORY_ID,TYPE_ID) VALUES (4,1,4,3);
INSERT INTO TBL_SERVICE_TYPE_DETAIL(id,SECTION_ID,PART_CATEGORY_ID,TYPE_ID) VALUES (5,1,5,3);
INSERT INTO TBL_SERVICE_TYPE_DETAIL(id,SECTION_ID,PART_CATEGORY_ID,TYPE_ID) VALUES (6,1,6,3);
INSERT INTO TBL_SERVICE_TYPE_DETAIL(id,SECTION_ID,PART_CATEGORY_ID,TYPE_ID) VALUES (7,1,7,3);
INSERT INTO TBL_SERVICE_TYPE_DETAIL(id,SECTION_ID,PART_CATEGORY_ID,TYPE_ID) VALUES (8,1,8,3);
INSERT INTO TBL_SERVICE_TYPE_DETAIL(id,SECTION_ID,PART_CATEGORY_ID,TYPE_ID) VALUES (9,1,9,3);
INSERT INTO TBL_SERVICE_TYPE_DETAIL(id,SECTION_ID,PART_CATEGORY_ID,TYPE_ID) VALUES (10,1,10,3);
INSERT INTO TBL_SERVICE_TYPE_DETAIL(id,SECTION_ID,PART_CATEGORY_ID,TYPE_ID) VALUES (11,1,11,3);
INSERT INTO TBL_SERVICE_TYPE_DETAIL(id,SECTION_ID,PART_CATEGORY_ID,TYPE_ID) VALUES (12,1,12,3);
INSERT INTO TBL_SERVICE_TYPE_DETAIL(id,SECTION_ID,PART_CATEGORY_ID,TYPE_ID) VALUES (13,1,13,3);
INSERT INTO TBL_SERVICE_TYPE_DETAIL(id,SECTION_ID,PART_CATEGORY_ID,TYPE_ID) VALUES (14,1,14,3);
INSERT INTO TBL_SERVICE_TYPE_DETAIL(id,SECTION_ID,PART_CATEGORY_ID,TYPE_ID) VALUES (15,1,15,3);
INSERT INTO TBL_SERVICE_TYPE_DETAIL(id,SECTION_ID,PART_CATEGORY_ID,TYPE_ID) VALUES (16,1,16,3);
INSERT INTO TBL_SERVICE_TYPE_DETAIL(id,SECTION_ID,PART_CATEGORY_ID,TYPE_ID) VALUES (17,1,17,3);
INSERT INTO TBL_SERVICE_TYPE_DETAIL(id,SECTION_ID,PART_CATEGORY_ID,TYPE_ID) VALUES (18,1,18,3);
INSERT INTO TBL_SERVICE_TYPE_DETAIL(id,SECTION_ID,PART_CATEGORY_ID,TYPE_ID) VALUES (19,1,19,3);
INSERT INTO TBL_SERVICE_TYPE_DETAIL(id,SECTION_ID,PART_CATEGORY_ID,TYPE_ID) VALUES (20,1,20,3);
INSERT INTO TBL_SERVICE_TYPE_DETAIL(id,SECTION_ID,PART_CATEGORY_ID,TYPE_ID) VALUES (21,1,21,3);
INSERT INTO TBL_SERVICE_TYPE_DETAIL(id,SECTION_ID,PART_CATEGORY_ID,TYPE_ID) VALUES (22,1,22,3);
INSERT INTO TBL_SERVICE_TYPE_DETAIL(id,SECTION_ID,PART_CATEGORY_ID,TYPE_ID) VALUES (23,1,23,3);
INSERT INTO TBL_SERVICE_TYPE_DETAIL(id,SECTION_ID,PART_CATEGORY_ID,TYPE_ID) VALUES (24,1,24,3);
INSERT INTO TBL_SERVICE_TYPE_DETAIL(id,SECTION_ID,PART_CATEGORY_ID,TYPE_ID) VALUES (25,1,25,3);
INSERT INTO TBL_SERVICE_TYPE_DETAIL(id,SECTION_ID,PART_CATEGORY_ID,TYPE_ID) VALUES (26,1,26,3);
INSERT INTO TBL_SERVICE_TYPE_DETAIL(id,SECTION_ID,PART_CATEGORY_ID,TYPE_ID) VALUES (27,2,27,3);
INSERT INTO TBL_SERVICE_TYPE_DETAIL(id,SECTION_ID,PART_CATEGORY_ID,TYPE_ID) VALUES (28,2,28,3);
INSERT INTO TBL_SERVICE_TYPE_DETAIL(id,SECTION_ID,PART_CATEGORY_ID,TYPE_ID) VALUES (29,2,29,3);
INSERT INTO TBL_SERVICE_TYPE_DETAIL(id,SECTION_ID,PART_CATEGORY_ID,TYPE_ID) VALUES (30,2,30,3);
INSERT INTO TBL_SERVICE_TYPE_DETAIL(id,SECTION_ID,PART_CATEGORY_ID,TYPE_ID) VALUES (31,2,31,3);
INSERT INTO TBL_SERVICE_TYPE_DETAIL(id,SECTION_ID,PART_CATEGORY_ID,TYPE_ID) VALUES (32,2,32,3);
INSERT INTO TBL_SERVICE_TYPE_DETAIL(id,SECTION_ID,PART_CATEGORY_ID,TYPE_ID) VALUES (33,2,33,3);
INSERT INTO TBL_SERVICE_TYPE_DETAIL(id,SECTION_ID,PART_CATEGORY_ID,TYPE_ID) VALUES (34,2,34,3);
INSERT INTO TBL_SERVICE_TYPE_DETAIL(id,SECTION_ID,PART_CATEGORY_ID,TYPE_ID) VALUES (35,2,35,3);
INSERT INTO TBL_SERVICE_TYPE_DETAIL(id,SECTION_ID,PART_CATEGORY_ID,TYPE_ID) VALUES (36,2,36,3);
INSERT INTO TBL_SERVICE_TYPE_DETAIL(id,SECTION_ID,PART_CATEGORY_ID,TYPE_ID) VALUES (37,2,37,3);
INSERT INTO TBL_SERVICE_TYPE_DETAIL(id,SECTION_ID,PART_CATEGORY_ID,TYPE_ID) VALUES (38,2,38,3);
INSERT INTO TBL_SERVICE_TYPE_DETAIL(id,SECTION_ID,PART_CATEGORY_ID,TYPE_ID) VALUES (39,2,39,3);
INSERT INTO TBL_SERVICE_TYPE_DETAIL(id,SECTION_ID,PART_CATEGORY_ID,TYPE_ID) VALUES (40,2,40,3);
INSERT INTO TBL_SERVICE_TYPE_DETAIL(id,SECTION_ID,PART_CATEGORY_ID,TYPE_ID) VALUES (41,2,41,3);
INSERT INTO TBL_SERVICE_TYPE_DETAIL(id,SECTION_ID,PART_CATEGORY_ID,TYPE_ID) VALUES (42,2,42,3);
INSERT INTO TBL_SERVICE_TYPE_DETAIL(id,SECTION_ID,PART_CATEGORY_ID,TYPE_ID) VALUES (43,2,43,3);
INSERT INTO TBL_SERVICE_TYPE_DETAIL(id,SECTION_ID,PART_CATEGORY_ID,TYPE_ID) VALUES (44,2,44,3);
INSERT INTO TBL_SERVICE_TYPE_DETAIL(id,SECTION_ID,PART_CATEGORY_ID,TYPE_ID) VALUES (45,2,45,3);
INSERT INTO TBL_SERVICE_TYPE_DETAIL(id,SECTION_ID,PART_CATEGORY_ID,TYPE_ID) VALUES (46,2,46,3);
INSERT INTO TBL_SERVICE_TYPE_DETAIL(id,SECTION_ID,PART_CATEGORY_ID,TYPE_ID) VALUES (47,2,47,3);
INSERT INTO TBL_SERVICE_TYPE_DETAIL(id,SECTION_ID,PART_CATEGORY_ID,TYPE_ID) VALUES (48,3,48,3);
INSERT INTO TBL_SERVICE_TYPE_DETAIL(id,SECTION_ID,PART_CATEGORY_ID,TYPE_ID) VALUES (49,3,49,3);
INSERT INTO TBL_SERVICE_TYPE_DETAIL(id,SECTION_ID,PART_CATEGORY_ID,TYPE_ID) VALUES (50,3,50,3);
INSERT INTO TBL_SERVICE_TYPE_DETAIL(id,SECTION_ID,PART_CATEGORY_ID,TYPE_ID) VALUES (51,3,51,3);
INSERT INTO TBL_SERVICE_TYPE_DETAIL(id,SECTION_ID,PART_CATEGORY_ID,TYPE_ID) VALUES (52,3,52,3);
INSERT INTO TBL_SERVICE_TYPE_DETAIL(id,SECTION_ID,PART_CATEGORY_ID,TYPE_ID) VALUES (53,3,53,3);
INSERT INTO TBL_SERVICE_TYPE_DETAIL(id,SECTION_ID,PART_CATEGORY_ID,TYPE_ID) VALUES (54,3,54,3);
INSERT INTO TBL_SERVICE_TYPE_DETAIL(id,SECTION_ID,PART_CATEGORY_ID,TYPE_ID) VALUES (55,3,55,3);
INSERT INTO TBL_SERVICE_TYPE_DETAIL(id,SECTION_ID,PART_CATEGORY_ID,TYPE_ID) VALUES (56,4,56,3);
INSERT INTO TBL_SERVICE_TYPE_DETAIL(id,SECTION_ID,PART_CATEGORY_ID,TYPE_ID) VALUES (57,4,57,3);
INSERT INTO TBL_SERVICE_TYPE_DETAIL(id,SECTION_ID,PART_CATEGORY_ID,TYPE_ID) VALUES (58,4,58,3);
INSERT INTO TBL_SERVICE_TYPE_DETAIL(id,SECTION_ID,PART_CATEGORY_ID,TYPE_ID) VALUES (59,4,59,3);
INSERT INTO TBL_SERVICE_TYPE_DETAIL(id,SECTION_ID,PART_CATEGORY_ID,TYPE_ID) VALUES (60,4,60,3);
INSERT INTO TBL_SERVICE_TYPE_DETAIL(id,SECTION_ID,PART_CATEGORY_ID,TYPE_ID) VALUES (61,5,61,3);
INSERT INTO TBL_SERVICE_TYPE_DETAIL(id,SECTION_ID,PART_CATEGORY_ID,TYPE_ID) VALUES (62,5,62,3);
INSERT INTO TBL_SERVICE_TYPE_DETAIL(id,SECTION_ID,PART_CATEGORY_ID,TYPE_ID) VALUES (63,5,63,3);
INSERT INTO TBL_SERVICE_TYPE_DETAIL(id,SECTION_ID,PART_CATEGORY_ID,TYPE_ID) VALUES (64,5,64,3);
INSERT INTO TBL_SERVICE_TYPE_DETAIL(id,SECTION_ID,PART_CATEGORY_ID,TYPE_ID) VALUES (65,5,65,3);
INSERT INTO TBL_SERVICE_TYPE_DETAIL(id,SECTION_ID,PART_CATEGORY_ID,TYPE_ID) VALUES (66,5,66,3);
INSERT INTO TBL_SERVICE_TYPE_DETAIL(id,SECTION_ID,PART_CATEGORY_ID,TYPE_ID) VALUES (67,5,67,3);
INSERT INTO TBL_SERVICE_TYPE_DETAIL(id,SECTION_ID,PART_CATEGORY_ID,TYPE_ID) VALUES (68,5,68,3);
INSERT INTO TBL_SERVICE_TYPE_DETAIL(id,SECTION_ID,PART_CATEGORY_ID,TYPE_ID) VALUES (69,5,69,3);
INSERT INTO TBL_SERVICE_TYPE_DETAIL(id,SECTION_ID,PART_CATEGORY_ID,TYPE_ID) VALUES (70,6,70,3);
INSERT INTO TBL_SERVICE_TYPE_DETAIL(id,SECTION_ID,PART_CATEGORY_ID,TYPE_ID) VALUES (71,6,71,3);
INSERT INTO TBL_SERVICE_TYPE_DETAIL(id,SECTION_ID,PART_CATEGORY_ID,TYPE_ID) VALUES (72,6,72,3);
INSERT INTO TBL_SERVICE_TYPE_DETAIL(id,SECTION_ID,PART_CATEGORY_ID,TYPE_ID) VALUES (73,6,73,3);
INSERT INTO TBL_SERVICE_TYPE_DETAIL(id,SECTION_ID,PART_CATEGORY_ID,TYPE_ID) VALUES (74,6,74,3);
INSERT INTO TBL_SERVICE_TYPE_DETAIL(id,SECTION_ID,PART_CATEGORY_ID,TYPE_ID) VALUES (75,6,75,3);
INSERT INTO TBL_SERVICE_TYPE_DETAIL(id,SECTION_ID,PART_CATEGORY_ID,TYPE_ID) VALUES (76,7,76,3);
INSERT INTO TBL_SERVICE_TYPE_DETAIL(id,SECTION_ID,PART_CATEGORY_ID,TYPE_ID) VALUES (77,7,77,3);
INSERT INTO TBL_SERVICE_TYPE_DETAIL(id,SECTION_ID,PART_CATEGORY_ID,TYPE_ID) VALUES (78,7,78,3);
INSERT INTO TBL_SERVICE_TYPE_DETAIL(id,SECTION_ID,PART_CATEGORY_ID,TYPE_ID) VALUES (79,7,79,3);
INSERT INTO TBL_SERVICE_TYPE_DETAIL(id,SECTION_ID,PART_CATEGORY_ID,TYPE_ID) VALUES (80,7,80,3);
INSERT INTO TBL_SERVICE_TYPE_DETAIL(id,SECTION_ID,PART_CATEGORY_ID,TYPE_ID) VALUES (81,7,81,3);
INSERT INTO TBL_SERVICE_TYPE_DETAIL(id,SECTION_ID,PART_CATEGORY_ID,TYPE_ID) VALUES (82,7,82,3);
INSERT INTO TBL_SERVICE_TYPE_DETAIL(id,SECTION_ID,PART_CATEGORY_ID,TYPE_ID) VALUES (83,8,83,3);
INSERT INTO TBL_SERVICE_TYPE_DETAIL(id,SECTION_ID,PART_CATEGORY_ID,TYPE_ID) VALUES (84,8,84,3);
INSERT INTO TBL_SERVICE_TYPE_DETAIL(id,SECTION_ID,PART_CATEGORY_ID,TYPE_ID) VALUES (85,8,85,3);
INSERT INTO TBL_SERVICE_TYPE_DETAIL(id,SECTION_ID,PART_CATEGORY_ID,TYPE_ID) VALUES (86,8,86,3);
INSERT INTO TBL_SERVICE_TYPE_DETAIL(id,SECTION_ID,PART_CATEGORY_ID,TYPE_ID) VALUES (87,8,87,3);
INSERT INTO TBL_SERVICE_TYPE_DETAIL(id,SECTION_ID,PART_CATEGORY_ID,TYPE_ID) VALUES (88,8,88,3);
INSERT INTO TBL_SERVICE_TYPE_DETAIL(id,SECTION_ID,PART_CATEGORY_ID,TYPE_ID) VALUES (89,8,89,3);
INSERT INTO TBL_SERVICE_TYPE_DETAIL(id,SECTION_ID,PART_CATEGORY_ID,TYPE_ID) VALUES (90,8,90,3);
INSERT INTO TBL_SERVICE_TYPE_DETAIL(id,SECTION_ID,PART_CATEGORY_ID,TYPE_ID) VALUES (91,8,91,3);
INSERT INTO TBL_SERVICE_TYPE_DETAIL(id,SECTION_ID,PART_CATEGORY_ID,TYPE_ID) VALUES (92,8,92,3);
INSERT INTO TBL_SERVICE_TYPE_DETAIL(id,SECTION_ID,PART_CATEGORY_ID,TYPE_ID) VALUES (93,9,93,3);
INSERT INTO TBL_SERVICE_TYPE_DETAIL(id,SECTION_ID,PART_CATEGORY_ID,TYPE_ID) VALUES (94,9,94,3);
INSERT INTO TBL_SERVICE_TYPE_DETAIL(id,SECTION_ID,PART_CATEGORY_ID,TYPE_ID) VALUES (95,9,95,3);
INSERT INTO TBL_SERVICE_TYPE_DETAIL(id,SECTION_ID,PART_CATEGORY_ID,TYPE_ID) VALUES (96,9,96,3);
INSERT INTO TBL_SERVICE_TYPE_DETAIL(id,SECTION_ID,PART_CATEGORY_ID,TYPE_ID) VALUES (97,9,97,3);
INSERT INTO TBL_SERVICE_TYPE_DETAIL(id,SECTION_ID,PART_CATEGORY_ID,TYPE_ID) VALUES (98,9,98,3);
INSERT INTO TBL_SERVICE_TYPE_DETAIL(id,SECTION_ID,PART_CATEGORY_ID,TYPE_ID) VALUES (99,9,99,3);
INSERT INTO TBL_SERVICE_TYPE_DETAIL(id,SECTION_ID,PART_CATEGORY_ID,TYPE_ID) VALUES (100,9,100,3);
INSERT INTO TBL_SERVICE_TYPE_DETAIL(id,SECTION_ID,PART_CATEGORY_ID,TYPE_ID) VALUES (101,10,101,3);
INSERT INTO TBL_SERVICE_TYPE_DETAIL(id,SECTION_ID,PART_CATEGORY_ID,TYPE_ID) VALUES (102,10,102,3);
INSERT INTO TBL_SERVICE_TYPE_DETAIL(id,SECTION_ID,PART_CATEGORY_ID,TYPE_ID) VALUES (103,10,103,3);
INSERT INTO TBL_SERVICE_TYPE_DETAIL(id,SECTION_ID,PART_CATEGORY_ID,TYPE_ID) VALUES (104,10,104,3);
INSERT INTO TBL_SERVICE_TYPE_DETAIL(id,SECTION_ID,PART_CATEGORY_ID,TYPE_ID) VALUES (105,10,105,3);
INSERT INTO TBL_SERVICE_TYPE_DETAIL(id,SECTION_ID,PART_CATEGORY_ID,TYPE_ID) VALUES (106,10,106,3);
INSERT INTO TBL_SERVICE_TYPE_DETAIL(id,SECTION_ID,PART_CATEGORY_ID,TYPE_ID) VALUES (107,10,107,3);
INSERT INTO TBL_SERVICE_TYPE_DETAIL(id,SECTION_ID,PART_CATEGORY_ID,TYPE_ID) VALUES (108,10,108,3);
INSERT INTO TBL_SERVICE_TYPE_DETAIL(id,SECTION_ID,PART_CATEGORY_ID,TYPE_ID) VALUES (109,10,109,3);
INSERT INTO TBL_SERVICE_TYPE_DETAIL(id,SECTION_ID,PART_CATEGORY_ID,TYPE_ID) VALUES (110,10,110,3);
INSERT INTO TBL_SERVICE_TYPE_DETAIL(id,SECTION_ID,PART_CATEGORY_ID,TYPE_ID) VALUES (111,10,111,3);
INSERT INTO TBL_SERVICE_TYPE_DETAIL(id,SECTION_ID,PART_CATEGORY_ID,TYPE_ID) VALUES (112,11,112,3);
INSERT INTO TBL_SERVICE_TYPE_DETAIL(id,SECTION_ID,PART_CATEGORY_ID,TYPE_ID) VALUES (113,11,113,3);
INSERT INTO TBL_SERVICE_TYPE_DETAIL(id,SECTION_ID,PART_CATEGORY_ID,TYPE_ID) VALUES (114,11,114,3);
INSERT INTO TBL_SERVICE_TYPE_DETAIL(id,SECTION_ID,PART_CATEGORY_ID,TYPE_ID) VALUES (115,12,115,3);
INSERT INTO TBL_SERVICE_TYPE_DETAIL(id,SECTION_ID,PART_CATEGORY_ID,TYPE_ID) VALUES (116,12,116,3);
INSERT INTO TBL_SERVICE_TYPE_DETAIL(id,SECTION_ID,PART_CATEGORY_ID,TYPE_ID) VALUES (117,12,117,3);
INSERT INTO TBL_SERVICE_TYPE_DETAIL(id,SECTION_ID,PART_CATEGORY_ID,TYPE_ID) VALUES (118,12,118,3);
INSERT INTO TBL_SERVICE_TYPE_DETAIL(id,SECTION_ID,PART_CATEGORY_ID,TYPE_ID) VALUES (119,13,119,3);
INSERT INTO TBL_SERVICE_TYPE_DETAIL(id,SECTION_ID,PART_CATEGORY_ID,TYPE_ID) VALUES (120,13,120,3);
INSERT INTO TBL_SERVICE_TYPE_DETAIL(id,SECTION_ID,PART_CATEGORY_ID,TYPE_ID) VALUES (121,13,121,3);
INSERT INTO TBL_SERVICE_TYPE_DETAIL(id,SECTION_ID,PART_CATEGORY_ID,TYPE_ID) VALUES (122,14,122,3);
INSERT INTO TBL_SERVICE_TYPE_DETAIL(id,SECTION_ID,PART_CATEGORY_ID,TYPE_ID) VALUES (123,14,123,3);
INSERT INTO TBL_SERVICE_TYPE_DETAIL(id,SECTION_ID,PART_CATEGORY_ID,TYPE_ID) VALUES (124,14,124,3);
INSERT INTO TBL_SERVICE_TYPE_DETAIL(id,SECTION_ID,PART_CATEGORY_ID,TYPE_ID) VALUES (125,14,125,3);
INSERT INTO TBL_SERVICE_TYPE_DETAIL(id,SECTION_ID,PART_CATEGORY_ID,TYPE_ID) VALUES (126,14,126,3);
INSERT INTO TBL_SERVICE_TYPE_DETAIL(id,SECTION_ID,PART_CATEGORY_ID,TYPE_ID) VALUES (127,14,127,3);
INSERT INTO TBL_SERVICE_TYPE_DETAIL(id,SECTION_ID,PART_CATEGORY_ID,TYPE_ID) VALUES (128,14,128,3);
INSERT INTO TBL_SERVICE_TYPE_DETAIL(id,SECTION_ID,PART_CATEGORY_ID,TYPE_ID) VALUES (129,14,129,3);
INSERT INTO TBL_SERVICE_TYPE_DETAIL(id,SECTION_ID,PART_CATEGORY_ID,TYPE_ID) VALUES (130,14,130,3);
INSERT INTO TBL_SERVICE_TYPE_DETAIL(id,SECTION_ID,PART_CATEGORY_ID,TYPE_ID) VALUES (131,14,131,3);
INSERT INTO TBL_SERVICE_TYPE_DETAIL(id,SECTION_ID,PART_CATEGORY_ID,TYPE_ID) VALUES (132,14,132,3);
INSERT INTO TBL_SERVICE_TYPE_DETAIL(id,SECTION_ID,PART_CATEGORY_ID,TYPE_ID) VALUES (133,14,133,3);
INSERT INTO TBL_SERVICE_TYPE_DETAIL(id,SECTION_ID,PART_CATEGORY_ID,TYPE_ID) VALUES (134,14,134,3);
INSERT INTO TBL_SERVICE_TYPE_DETAIL(id,SECTION_ID,PART_CATEGORY_ID,TYPE_ID) VALUES (135,14,135,3);
INSERT INTO TBL_SERVICE_TYPE_DETAIL(id,SECTION_ID,PART_CATEGORY_ID,TYPE_ID) VALUES (136,14,136,3);
INSERT INTO TBL_SERVICE_TYPE_DETAIL(id,SECTION_ID,PART_CATEGORY_ID,TYPE_ID) VALUES (137,14,137,3);
INSERT INTO TBL_SERVICE_TYPE_DETAIL(id,SECTION_ID,PART_CATEGORY_ID,TYPE_ID) VALUES (138,15,138,3);
INSERT INTO TBL_SERVICE_TYPE_DETAIL(id,SECTION_ID,PART_CATEGORY_ID,TYPE_ID) VALUES (139,15,139,3);
INSERT INTO TBL_SERVICE_TYPE_DETAIL(id,SECTION_ID,PART_CATEGORY_ID,TYPE_ID) VALUES (140,16,NULL,1);
INSERT INTO TBL_SERVICE_TYPE_DETAIL(id,SECTION_ID,PART_CATEGORY_ID,TYPE_ID) VALUES (141,17,NULL,1);
INSERT INTO TBL_SERVICE_TYPE_DETAIL(id,SECTION_ID,PART_CATEGORY_ID,TYPE_ID) VALUES (142,18,NULL,1);
INSERT INTO TBL_SERVICE_TYPE_DETAIL(id,SECTION_ID,PART_CATEGORY_ID,TYPE_ID) VALUES (143,19,NULL,1);
INSERT INTO TBL_SERVICE_TYPE_DETAIL(id,SECTION_ID,PART_CATEGORY_ID,TYPE_ID) VALUES (144,20,NULL,1);
INSERT INTO TBL_SERVICE_TYPE_DETAIL(id,SECTION_ID,PART_CATEGORY_ID,TYPE_ID) VALUES (145,21,NULL,2);
INSERT INTO TBL_SERVICE_TYPE_DETAIL(id,SECTION_ID,PART_CATEGORY_ID,TYPE_ID) VALUES (146,22,NULL,2);
